,USD,GBP,EUR,JPY100,CHF,AUD,CAD,SGD,HKD100,THB100,PHP100,TWD100,KRW100,IDR100,SAR100,SDR,CNY,BND,VND100,KHR100,NZD,MMK100,INR100,AED100,PKR100,NPR100,EGP
1-Sep-20,4.1475,5.561,4.9729,3.9244,4.6035,3.071,3.1879,3.0563,53.5158,13.3877,8.556,14.1331,0.3505,0.0284,110.5867,5.8849,0.608,3.0563,0.0179,0.1007,2.8033,0.313,5.6616,112.914,2.5062,3.5212,0.2613
2-Sep-20,4.1495,5.5514,4.9392,3.9126,4.5551,3.0507,3.1753,3.0482,53.5419,13.2869,8.5389,14.1325,0.3497,0.028,110.6327,5.907,0.6074,3.0482,0.0179,0.1008,2.8121,0.3146,5.679,112.9684,2.506,3.5591,0.2615
3-Sep-20,4.1425,5.5203,4.8968,3.8983,4.5412,3.0311,3.17,3.0404,53.4489,13.2264,8.5365,14.1151,0.3491,0.028,110.4446,5.871,0.6065,3.0404,0.0179,0.1006,2.7995,0.3136,5.659,112.7779,2.503,3.5451,0.2612
4-Sep-20,4.1475,5.5081,4.914,3.9059,4.5584,3.0159,3.1592,3.038,53.5151,13.196,8.5347,14.1295,0.3483,0.028,110.5823,5.8637,0.6062,3.038,0.0179,0.1007,2.7797,0.3118,5.6457,112.914,2.4967,3.528,0.2623
7-Sep-20,4.1485,5.4941,4.9106,3.9032,4.5398,3.023,3.1714,3.0393,53.5263,13.1992,8.5307,14.1454,0.3495,0.0281,110.6104,5.8725,0.6075,3.0393,0.0179,0.1008,2.7888,0.3124,5.6603,112.9412,2.4999,3.545,0.263
8-Sep-20,4.1665,5.4777,4.92,3.9198,4.5397,3.032,3.1782,3.046,53.7596,13.2522,8.566,14.2296,0.3505,0.0282,111.0859,5.898,0.6095,3.046,0.018,0.1012,2.7853,0.3135,5.6728,113.4313,2.5152,3.5505,0.2637
9-Sep-20,4.1735,5.4101,4.9162,3.9389,4.547,3.0133,3.1523,3.0432,53.8488,13.2914,8.5874,14.2333,0.3509,0.0281,111.2696,5.8918,0.6093,3.0432,0.018,0.1014,2.7641,0.314,5.6592,113.6218,2.5108,3.5441,0.2641
10-Sep-20,4.1655,5.4127,4.9245,3.9255,4.5717,3.0283,3.1665,3.046,53.746,13.3126,8.5759,14.224,0.3513,0.0281,111.0504,5.8691,0.6091,3.046,0.018,0.1012,2.7834,0.3132,5.6728,113.404,2.5033,3.5404,0.2638
11-Sep-20,4.1565,5.3318,4.9186,3.9148,4.5686,3.0241,3.1548,3.0392,53.6305,13.2838,8.5646,14.1916,0.3497,0.0278,110.8105,5.874,0.6078,3.0392,0.0179,0.1011,2.7686,0.3125,5.655,113.159,2.4995,3.5364,0.2637
14-Sep-20,4.1485,5.3188,4.9149,3.9105,4.5653,3.0205,3.1514,3.0366,53.5273,13.2667,8.5496,14.1742,0.3504,0.0278,110.5972,5.8588,0.6074,3.0366,0.0179,0.1009,2.7774,0.3119,5.6458,112.9412,2.4957,3.5257,0.2638
15-Sep-20,4.134,5.3151,4.9151,3.9113,4.5579,3.0251,3.1431,3.037,53.3416,13.2415,8.5378,14.1469,0.3501,0.0278,110.2165,5.8451,0.6091,3.037,0.0178,0.1006,2.7762,0.3122,5.6333,112.5465,2.4904,3.5162,0.2621
17-Sep-20,4.147,5.3552,4.8744,3.9475,4.5414,3.0122,3.1342,3.0434,53.5093,13.2704,8.5505,14.2235,0.3525,0.0279,110.5572,5.8756,0.6119,3.0434,0.0179,0.1011,2.7735,0.3151,5.6387,112.9004,2.492,3.5252,0.2631
18-Sep-20,4.1275,5.349,4.8911,3.9375,4.544,3.0226,3.1363,3.0433,53.2577,13.2462,8.5297,14.2073,0.3551,0.028,110.0417,5.8363,0.6109,3.0433,0.0178,0.1006,2.8005,0.3132,5.616,112.3695,2.4809,3.5023,0.2619
21-Sep-20,4.1105,5.3268,4.8779,3.9416,4.5178,3.0081,3.1197,3.0338,53.0384,13.2597,8.4942,14.2567,0.3542,0.028,109.5885,5.8231,0.6082,3.0338,0.0177,0.1002,2.7845,0.3131,5.5899,111.9067,2.4799,3.4977,0.2612
22-Sep-20,4.1365,5.3036,4.8676,3.957,4.523,2.988,3.1093,3.0365,53.3732,13.1904,8.5359,14.2609,0.3554,0.028,110.2876,5.8461,0.6096,3.0365,0.0178,0.1009,2.7619,0.3148,5.6218,112.6145,2.4896,3.5231,0.263
23-Sep-20,4.141,5.2688,4.8375,3.9399,4.4962,2.9519,3.1086,3.0303,53.4312,13.1502,8.5359,14.2347,0.3554,0.0279,110.4031,5.8466,0.6094,3.0303,0.0179,0.1011,2.7397,0.3156,5.6338,112.737,2.4879,3.5172,0.2629
24-Sep-20,4.1635,5.2935,4.853,3.9487,4.5099,2.9351,3.107,3.0289,53.7212,13.1756,8.5845,14.2469,0.3558,0.028,111.0015,5.8612,0.6108,3.0289,0.018,0.1016,2.7221,0.3178,5.6585,113.3496,2.5074,3.5368,0.2644
25-Sep-20,4.1685,5.3138,4.8621,3.9544,4.4968,2.9425,3.1221,3.0305,53.7854,13.2291,8.6021,14.2435,0.3561,0.028,111.1378,5.8531,0.6115,3.0305,0.018,0.1017,2.7325,0.3194,5.64,113.4857,2.5097,3.5255,0.2642
28-Sep-20,4.167,5.3219,4.8471,3.9552,4.4879,2.9409,3.1128,3.0292,53.7664,13.141,8.6017,14.3063,0.3551,0.028,111.0963,5.8482,0.6109,3.0292,0.018,0.1017,2.734,0.3193,5.6552,113.451,2.5174,3.5378,0.2639
29-Sep-20,4.1645,5.3547,4.8614,3.948,4.5083,2.9501,3.1125,3.0366,53.7355,13.1372,8.5942,14.3465,0.3561,0.028,111.0326,5.8577,0.6103,3.0367,0.018,0.1016,2.7344,0.3196,5.6456,113.3768,2.505,3.5277,0.2642
30-Sep-20,4.1585,5.3383,4.8775,3.9378,4.5132,2.9586,3.1014,3.0373,53.6577,13.1224,8.5902,14.3461,0.3553,0.0279,110.8697,5.8522,0.6105,3.0373,0.0179,0.1013,2.7388,0.3189,5.6379,113.2135,2.512,3.5191,0.2639
1-Oct-20,4.148,5.3656,4.8712,3.9331,4.5109,2.9772,3.1201,3.0423,53.5215,13.1307,8.5533,14.353,0.3564,0.0279,110.5868,5.8386,0.6108,3.0423,0.0179,0.1009,2.7497,0.3178,5.6382,112.9276,2.5026,3.5144,0.2631
2-Oct-20,4.1605,5.3514,4.8744,3.9382,4.5181,2.9787,3.1284,3.0465,53.6828,13.1537,8.586,14.3847,0.357,0.028,110.923,5.8685,0.6127,3.0465,0.0179,0.101,2.7617,0.3188,5.6807,113.2679,2.5185,3.5548,0.2642
5-Oct-20,4.1595,5.382,4.8783,3.9417,4.5365,2.9863,3.1326,3.0532,53.6706,13.1964,8.5871,14.4002,0.3578,0.028,110.8934,5.8652,0.6125,3.0532,0.0179,0.101,2.764,0.319,5.675,113.2407,2.5264,3.5539,0.2649
6-Oct-20,4.15,5.3902,4.8937,3.9275,4.5373,2.9841,3.1315,3.0535,53.548,13.2673,8.5767,14.4453,0.3574,0.0282,110.6401,5.8594,0.6111,3.0535,0.0179,0.1008,2.7591,0.3195,5.6691,112.9821,2.5227,3.5388,0.2638
7-Oct-20,4.1595,5.3587,4.8787,3.9354,4.5291,2.9603,3.1227,3.054,53.6706,13.2764,8.583,14.4658,0.358,0.0282,110.8934,5.8771,0.6125,3.054,0.0179,0.101,2.7403,0.3217,5.6555,113.2407,2.5304,3.5391,0.2646
8-Oct-20,4.1555,5.3731,4.8912,3.9205,4.5326,2.9679,3.1345,3.0573,53.619,13.3061,8.5889,14.4736,0.3592,0.0282,110.7838,5.8642,0.6119,3.0573,0.0179,0.1009,2.7312,0.3226,5.6653,113.1318,2.5285,3.5413,0.2645
9-Oct-20,4.1475,5.3737,4.8849,3.9185,4.5303,2.9781,3.1456,3.0575,53.5158,13.3232,8.587,14.4906,0.3618,0.0282,110.5646,5.8542,0.6179,3.0575,0.0179,0.1007,2.7409,0.3245,5.6683,112.914,2.5348,3.5391,0.264
12-Oct-20,4.1385,5.3933,4.8905,3.9229,4.5438,2.9915,3.1512,3.0557,53.3997,13.3156,8.5566,14.4607,0.3603,0.0281,110.3276,5.8543,0.6158,3.0557,0.0179,0.1005,2.7575,0.3248,5.668,112.669,2.5266,3.5367,0.2646
13-Oct-20,4.155,5.4196,4.9008,3.9421,4.5672,2.9814,3.1641,3.0571,53.6126,13.3344,8.5564,14.4925,0.3614,0.0282,110.766,5.8777,0.6153,3.0571,0.0179,0.1009,2.7606,0.3277,5.6612,113.1182,2.5366,3.544,0.2647
14-Oct-20,4.146,5.3631,4.8691,3.9323,4.5309,2.9727,3.1553,3.0509,53.4957,13.3013,8.5335,14.4561,0.3625,0.0282,110.5217,5.8652,0.6151,3.0509,0.0179,0.1005,2.7612,0.3214,5.6493,112.8732,2.5304,3.5323,0.2642
15-Oct-20,4.148,5.3974,4.8741,3.9402,4.5423,2.9581,3.1543,3.0553,53.5222,13.3077,8.5255,14.4394,0.3625,0.0282,110.5809,5.8557,0.6168,3.0553,0.0179,0.1008,2.7568,0.3191,5.6569,112.9276,2.5324,3.5365,0.2642
16-Oct-20,4.1545,5.357,4.8618,3.9475,4.5399,2.9403,3.1387,3.0522,53.6061,13.3029,8.5409,14.4339,0.3624,0.0282,110.7586,5.8642,0.618,3.0522,0.0179,0.1009,2.7395,0.3201,5.658,113.1046,2.5464,3.5383,0.2646
19-Oct-20,4.147,5.361,4.8549,3.9332,4.5293,2.9388,3.1445,3.0545,53.5093,13.2789,8.5289,14.4198,0.3629,0.0282,110.5587,5.853,0.6188,3.0545,0.0179,0.1008,2.7397,0.321,5.651,112.9004,2.5512,3.5339,0.2642
20-Oct-20,4.1455,5.369,4.8819,3.9277,4.5555,2.922,3.1439,3.0546,53.49,13.2741,8.5335,14.4372,0.364,0.0282,110.5319,5.8644,0.6201,3.0546,0.0179,0.1008,2.7296,0.3218,5.6522,112.8595,2.5487,3.5311,0.264
21-Oct-20,4.145,5.3783,4.9106,3.9354,4.5738,2.9345,3.1653,3.0578,53.4835,13.2725,8.5306,14.4602,0.3659,0.0283,110.5186,5.8688,0.6227,3.0578,0.0179,0.1009,2.7396,0.3213,5.6469,112.8459,2.5579,3.5263,0.264
22-Oct-20,4.1495,5.4466,4.914,3.9623,4.576,2.9422,3.1501,3.0593,53.5416,13.2572,8.5412,14.4748,0.3655,0.0283,110.6386,5.8931,0.6225,3.0593,0.0179,0.101,2.7582,0.3217,5.6301,112.9684,2.5609,3.5244,0.2643
23-Oct-20,4.1465,5.4182,4.8933,3.9594,4.5691,2.9498,3.1536,3.0514,53.5029,13.2561,8.5407,14.4684,0.3657,0.0282,110.5615,5.8825,0.6205,3.0514,0.0179,0.1013,2.7632,0.3217,5.6285,112.8868,2.562,3.5243,0.2639
26-Oct-20,4.1645,5.4249,4.9283,3.9709,4.6014,2.9624,3.1654,3.0636,53.7351,13.2924,8.61,14.5571,0.3689,0.0284,111.0415,5.912,0.6228,3.0636,0.018,0.1014,2.7825,0.3243,5.6444,113.3768,2.5779,3.5352,0.2651
27-Oct-20,4.165,5.4287,4.9234,3.9767,4.5921,2.9705,3.1589,3.0635,53.7416,13.3195,8.5988,14.565,0.3695,0.0284,111.0548,5.9028,0.6214,3.0635,0.018,0.1019,2.7864,0.3244,5.6304,113.3904,2.5866,3.5246,0.2653
28-Oct-20,4.1645,5.4282,4.9045,3.9928,4.5822,2.9726,3.1568,3.0631,53.7351,13.3735,8.6088,14.5719,0.3688,0.0285,111.0445,5.9038,0.6207,3.0631,0.018,0.1017,2.791,0.3246,5.6484,113.3768,2.5899,3.5312,0.2651
30-Oct-20,4.157,5.3762,4.8599,3.9816,4.5481,2.9309,3.1256,3.0482,53.6231,13.3323,8.5871,14.5451,0.3689,0.0284,110.8459,5.8696,0.6221,3.0482,0.0179,0.1021,2.7586,0.3237,5.5987,113.1726,2.5892,3.5059,0.2648
2-Nov-20,4.155,5.3712,4.8366,3.9691,4.5306,2.9143,3.1154,3.0392,53.5814,13.3344,8.5714,14.5305,0.3661,0.0283,110.7882,5.8654,0.6213,3.0392,0.0179,0.102,2.7452,0.3236,5.5722,113.1182,2.5896,3.5043,0.2647
3-Nov-20,4.1585,5.3749,4.8453,3.9709,4.5282,2.9301,3.1444,3.0491,53.6487,13.38,8.5909,14.5331,0.366,0.0284,110.8845,5.8623,0.6213,3.0491,0.0179,0.1022,2.7587,0.3239,5.5924,113.2135,2.5974,3.4919,0.2643
4-Nov-20,4.1635,5.4113,4.8484,3.9641,4.5451,2.9592,3.1457,3.0459,53.7087,13.3638,8.6036,14.5247,0.3653,0.0287,111.0104,5.8824,0.6194,3.0459,0.018,0.1021,2.7716,0.3253,5.5612,113.3496,2.6014,3.4971,0.265
5-Nov-20,4.1525,5.381,4.873,3.9823,4.5572,2.9798,3.1592,3.0584,53.5499,13.3779,8.5911,14.5167,0.3668,0.0288,110.7156,5.8691,0.6244,3.0584,0.0179,0.1013,2.7834,0.3234,5.5945,113.0501,2.5952,3.4723,0.2642
6-Nov-20,4.143,5.4393,4.8987,4.007,4.5845,3.0051,3.1649,3.068,53.4377,13.4951,8.583,14.5081,0.3682,0.0291,110.4653,5.8816,0.6246,3.068,0.0179,0.1016,2.8085,0.3224,5.5973,112.7915,2.5975,3.4806,0.2641
9-Nov-20,4.1145,5.4246,4.893,3.9806,4.5732,2.9991,3.1631,3.062,53.0636,13.5035,8.5532,14.4146,0.369,0.0291,109.7054,5.8603,0.6248,3.062,0.0178,0.1009,2.8032,0.3202,5.5692,112.0156,2.5849,3.4654,0.2627
10-Nov-20,4.1155,5.4253,4.8688,3.9208,4.5126,2.9951,3.1638,3.0571,53.0789,13.52,8.5271,14.408,0.3689,0.0293,109.732,5.8642,0.6224,3.0571,0.0178,0.1006,2.8092,0.3205,5.5589,112.0428,2.5904,3.468,0.2626
11-Nov-20,4.123,5.4708,4.8765,3.9235,4.5087,3.0147,3.1662,3.0635,53.1743,13.6343,8.5384,14.4515,0.3709,0.0293,109.932,5.8547,0.6251,3.0635,0.0178,0.1011,2.8412,0.3189,5.5565,112.247,2.5875,3.4736,0.2635
12-Nov-20,4.134,5.4625,4.8676,3.9265,4.5121,3.0077,3.1616,3.0645,53.3127,13.6571,8.5255,14.487,0.371,0.0292,110.2238,5.8625,0.6248,3.0645,0.0178,0.1011,2.8467,0.32,5.5548,112.5465,2.6086,3.4735,0.2642
13-Nov-20,4.1315,5.4183,4.876,3.9372,4.5153,2.9844,3.1378,3.06,53.2818,13.6398,8.56,14.4813,0.37,0.0291,110.1572,5.863,0.6236,3.06,0.0178,0.1012,2.8177,0.32,5.5332,112.4784,2.613,3.4588,0.2642
16-Nov-20,4.1145,5.4431,4.8769,3.9364,4.5125,2.9986,3.1382,3.0576,53.0681,13.6377,8.539,14.4303,0.3713,0.0292,109.7039,5.8388,0.6251,3.0576,0.0178,0.101,2.8304,0.3187,5.5219,112.0156,2.6028,3.4468,0.2636
17-Nov-20,4.1058,5.4292,4.8696,3.9284,4.5002,3.006,3.1417,3.0539,52.9552,13.6087,8.5102,14.395,0.371,0.0292,109.4706,5.8365,0.6251,3.0539,0.0177,0.1009,2.835,0.3173,5.5168,111.7774,2.5965,3.4395,0.2624
18-Nov-20,4.098,5.4313,4.8613,3.9364,4.4979,2.9876,3.1281,3.0522,52.86,13.565,8.4973,14.3684,0.3706,0.0291,109.264,5.8411,0.6252,3.0522,0.0177,0.1008,2.8231,0.3162,5.5021,111.5664,2.5912,3.4394,0.2622
19-Nov-20,4.095,5.416,4.8495,3.9468,4.4919,2.9855,3.1283,3.0477,52.8206,13.4926,8.48,14.3558,0.3676,0.0289,109.184,5.8379,0.6235,3.0477,0.0177,0.1007,2.8272,0.315,5.512,111.4847,2.5779,3.4493,0.2622
20-Nov-20,4.0905,5.4254,4.8577,3.9402,4.4948,2.981,3.1279,3.045,52.7558,13.4867,8.476,14.3345,0.3673,0.0288,109.0698,5.822,0.6219,3.045,0.0176,0.1006,2.8302,0.3134,5.5175,111.3622,2.5494,3.4423,0.2622
23-Nov-20,4.0895,5.4466,4.8553,3.9415,4.4932,2.9919,3.1278,3.0472,52.7473,13.5012,8.4823,14.331,0.3677,0.0289,109.0373,5.8297,0.623,3.0472,0.0177,0.1007,2.843,0.3136,5.5146,111.335,2.5475,3.4463,0.2623
24-Nov-20,4.0945,5.4586,4.8499,3.9157,4.4866,2.9955,3.1374,3.047,52.8186,13.4643,8.4992,14.3561,0.3685,0.0289,109.1707,5.8456,0.622,3.047,0.0177,0.1008,2.8547,0.3128,5.5225,111.4711,2.5432,3.4532,0.2618
25-Nov-20,4.087,5.4602,4.8664,3.911,4.4873,3.007,3.1441,3.046,52.7253,13.4485,8.496,14.3333,0.3693,0.0289,108.9736,5.8221,0.6213,3.046,0.0176,0.1006,2.8544,0.312,5.5225,111.2669,2.5444,3.4514,0.2612
26-Nov-20,4.083,5.4647,4.8684,3.9134,4.5004,3.0065,3.1404,3.0499,52.6771,13.4575,8.4903,14.3208,0.369,0.0289,108.864,5.8194,0.6217,3.0499,0.0176,0.1001,2.8587,0.3114,5.5329,111.158,2.5591,3.4524,0.2607
27-Nov-20,4.0725,5.4449,4.8561,3.9183,4.4965,3.0018,3.1296,3.0427,52.5416,13.445,8.4716,14.278,0.3689,0.0289,108.5841,5.8044,0.619,3.0427,0.0176,0.1003,2.8569,0.3104,5.5185,110.8721,2.5585,3.4447,0.2604
30-Nov-20,4.069,5.4268,4.8698,3.9153,4.5024,3.0062,3.1329,3.0428,52.4965,13.4401,8.4559,14.2479,0.3684,0.0288,108.4922,5.7994,0.6179,3.0428,0.0176,0.0996,2.8605,0.3101,5.4987,110.7769,2.5553,3.434,0.26
1-Dec-20,4.078,5.4476,4.8763,3.9048,4.4947,3.0037,3.1441,3.045,52.5997,13.4788,8.4764,14.2872,0.3685,0.0289,108.7278,5.8319,0.62,3.045,0.0176,0.1004,2.8693,0.3108,5.5139,111.0219,2.5568,3.4416,0.2605
2-Dec-20,4.0715,5.4654,4.9196,3.9005,4.5304,3.0058,3.1471,3.0467,52.5141,13.4729,8.4761,14.292,0.37,0.0288,108.556,5.8182,0.6213,3.0467,0.0176,0.0995,2.8798,0.3091,5.5436,110.8449,2.5528,3.4535,0.26
3-Dec-20,4.0725,5.4521,4.9375,3.8992,4.5561,3.0177,3.152,3.0458,52.5355,13.4806,8.476,14.293,0.3713,0.0288,108.5841,5.8319,0.621,3.0458,0.0176,0.1002,2.8789,0.3085,5.5192,110.8721,2.5406,3.4486,0.2601
4-Dec-20,4.064,5.4657,4.9363,3.9131,4.5622,3.0177,3.1599,3.048,52.4289,13.4703,8.4609,14.3874,0.3743,0.0288,108.3574,5.8389,0.6214,3.048,0.0176,0.0991,2.868,0.3079,5.5019,110.6407,2.5344,3.4368,0.2594
7-Dec-20,4.071,5.4657,4.94,3.9157,4.5708,3.0256,3.1841,3.051,52.524,13.498,8.4704,14.4091,0.3761,0.0289,108.5441,5.8594,0.6229,3.051,0.0176,0.1002,2.866,0.3084,5.5175,110.8313,2.5431,3.4475,0.2593
8-Dec-20,4.069,5.4364,4.9298,3.9112,4.567,3.0212,3.1819,3.0442,52.4948,13.5048,8.4489,14.3934,0.3754,0.0288,108.4908,5.838,0.6225,3.0442,0.0176,0.1001,2.8617,0.3071,5.5124,110.7769,2.5372,3.4413,0.2595
9-Dec-20,4.0685,5.4414,4.9314,3.9062,4.5804,3.0223,3.1783,3.0472,52.4849,13.5662,8.4659,14.4288,0.3758,0.0288,108.4528,5.8408,0.6231,3.0472,0.0176,0.1001,2.8687,0.3064,5.5249,110.7632,2.5366,3.4584,0.2595
10-Dec-20,4.0625,5.4316,4.9132,3.89,4.5703,3.0347,3.1737,3.038,52.4065,13.5146,8.4539,14.3851,0.3742,0.0288,108.2929,5.8379,0.6209,3.038,0.0176,0.0999,2.8588,0.3059,5.5133,110.5999,2.5304,3.4514,0.2589
11-Dec-20,4.0545,5.4006,4.9293,3.8969,4.5777,3.0656,3.1859,3.0399,52.3084,13.488,8.4337,14.4037,0.3722,0.0288,108.1041,5.812,0.6201,3.0402,0.0175,0.0998,2.8799,0.3028,5.504,110.3821,2.5262,3.4402,0.2581
14-Dec-20,4.0495,5.3968,4.9131,3.8941,4.5554,3.0513,3.1742,3.0348,52.2398,13.4624,8.4264,14.3957,0.3713,0.0287,107.9708,5.8088,0.6193,3.0348,0.0175,0.0994,2.8719,0.3006,5.5002,110.246,2.5286,3.4361,0.2572
15-Dec-20,4.065,5.4225,4.9396,3.9032,4.5844,3.0559,3.1841,3.0423,52.4384,13.5185,8.4547,14.4364,0.3712,0.0288,108.3783,5.848,0.6203,3.0423,0.0176,0.1004,2.8774,0.2961,5.5203,110.668,2.5343,3.4528,0.2583
16-Dec-20,4.051,5.4466,4.9264,3.9127,4.5753,3.0597,3.1869,3.0422,52.2588,13.4876,8.4317,14.3979,0.3707,0.0287,108.0108,5.8253,0.6192,3.0422,0.0175,0.0998,2.8786,0.2935,5.5112,110.2868,2.5248,3.438,0.2579
17-Dec-20,4.0415,5.4669,4.9349,3.9107,4.5662,3.0667,3.1754,3.0442,52.1356,13.5258,8.4093,14.3619,0.3699,0.0286,107.7331,5.8275,0.6182,3.0442,0.0175,0.0997,2.8814,0.2983,5.4972,110.0282,2.5184,3.4331,0.2576
18-Dec-20,4.0375,5.4635,4.9445,3.9042,4.5629,3.0687,3.1678,3.0438,52.0763,13.5578,8.4018,14.3479,0.3673,0.0286,107.6509,5.8322,0.6174,3.0438,0.0175,0.0996,2.8787,0.2986,5.4908,109.9193,2.5176,3.4284,0.257
21-Dec-20,4.0465,5.4037,4.9309,3.9144,4.5638,3.0636,3.1487,3.0362,52.1951,13.4749,8.4201,14.363,0.3676,0.0286,107.8908,5.843,0.6177,3.0362,0.0175,0.0999,2.871,0.3013,5.4998,110.1643,2.5275,3.4381,0.2591
22-Dec-20,4.055,5.4378,4.9595,3.9207,4.5747,3.0664,3.1517,3.0373,52.3013,13.4494,8.4323,14.3922,0.3664,0.0286,108.1103,5.8273,0.6191,3.0373,0.0175,0.1003,2.8636,0.3053,5.4777,110.3957,2.5273,3.435,0.2589
23-Dec-20,4.0615,5.4448,4.951,3.9243,4.5756,3.0674,3.1516,3.0416,52.3885,13.442,8.4505,14.4199,0.3661,0.0286,108.2547,5.8567,0.62,3.0416,0.0176,0.1005,2.8642,0.3065,5.4994,110.5727,2.5283,3.4376,0.2592
24-Dec-20,4.0595,5.5014,4.9567,3.9209,4.5746,3.0816,3.1604,3.0544,52.3627,13.4465,8.4485,14.4328,0.3681,0.0286,108.2375,5.8468,0.6217,3.0544,0.0176,0.1004,2.8835,0.3045,5.4977,110.5182,2.5269,3.4394,0.2586
28-Dec-20,4.0535,5.499,4.9505,3.9138,4.555,3.0857,3.1539,3.0544,52.2894,13.4534,8.44,14.416,0.3698,0.0286,108.0069,5.8381,0.6207,3.0544,0.0175,0.1003,2.8877,0.3034,5.5106,110.3549,2.5282,3.4447,0.2576
29-Dec-20,4.051,5.466,4.959,3.9082,4.5681,3.078,3.1586,3.0487,52.2474,13.4764,8.4334,14.3979,0.3709,0.0286,107.9489,5.8403,0.6202,3.0487,0.0175,0.1005,2.8851,0.3055,5.5131,110.2868,2.5216,3.4443,0.2577
30-Dec-20,4.04,5.4694,4.9623,3.9092,4.5776,3.0884,3.1567,3.0496,52.1085,13.4532,8.4097,14.3798,0.3719,0.0287,107.6558,5.8187,0.6193,3.0496,0.0175,0.0999,2.8989,0.3051,5.5061,109.9873,2.5172,3.4386,0.2568
31-Dec-20,4.013,5.4653,4.9324,3.8891,4.5512,3.0896,3.1484,3.0354,51.7663,13.399,8.3569,14.2969,0.3698,0.0286,106.9976,5.7798,0.6143,3.0354,0.0174,0.0991,2.8986,0.3026,5.4826,109.2523,2.5003,3.4213,0.2551
4-Jan-21,3.9965,5.4736,4.8971,3.8822,4.5222,3.0841,3.1471,3.0335,51.5481,13.3662,8.322,14.2315,0.3698,0.0288,106.5577,5.756,0.6176,3.0335,0.0173,0.0985,2.8797,0.3014,5.4825,108.8031,2.492,3.4158,0.2547
5-Jan-21,4.0065,5.443,4.9174,3.8887,4.5528,3.0846,3.1416,3.0382,51.6788,13.4131,8.3411,14.3069,0.3692,0.0288,106.8243,5.8045,0.6209,3.0382,0.0173,0.0986,2.8887,0.3035,5.4814,109.0753,2.4979,3.429,0.2545
6-Jan-21,4.0145,5.4601,4.9322,3.9046,4.5669,3.1108,3.1653,3.0424,51.7823,13.3995,8.3517,14.3431,0.369,0.0289,107.0376,5.8128,0.6216,3.0424,0.0174,0.0988,2.9085,0.3046,5.4844,109.2931,2.4993,3.4286,0.2557
7-Jan-21,4.013,5.4583,4.947,3.8914,4.568,3.1289,3.1666,3.0435,51.7609,13.4035,8.3527,14.346,0.3691,0.0288,106.9976,5.8216,0.6215,3.0435,0.0174,0.0987,2.9267,0.3054,5.4897,109.2523,2.4996,3.4308,0.2556
8-Jan-21,4.0425,5.483,4.9571,3.893,4.5642,3.1384,3.1886,3.0499,52.1414,13.4347,8.4098,14.4293,0.3693,0.0289,107.7842,5.8425,0.6252,3.0499,0.0175,0.0994,2.9332,0.3056,5.5085,110.0554,2.5207,3.4454,0.2575
11-Jan-21,4.042,5.4589,4.9203,3.88,4.5485,3.115,3.1704,3.0376,52.1249,13.4063,8.4068,14.4254,0.3681,0.0286,107.7709,5.8414,0.6234,3.0376,0.0175,0.0994,2.9078,0.3051,5.505,110.0418,2.5192,3.4491,0.2586
12-Jan-21,4.06,5.4897,4.9321,3.8932,4.5557,3.1254,3.1762,3.05,52.358,13.4615,8.4465,14.4948,0.3689,0.0286,108.2508,5.8474,0.6274,3.05,0.0176,0.0994,2.9102,0.3043,5.5304,110.5318,2.5296,3.4578,0.2594
13-Jan-21,4.0455,5.5375,4.9416,3.9055,4.5673,3.1413,3.1833,3.0577,52.1727,13.476,8.4189,14.4436,0.3696,0.0287,107.8311,5.8292,0.6267,3.0577,0.0175,0.0996,2.9241,0.3049,5.5291,110.1371,2.5206,3.4514,0.2583
14-Jan-21,4.043,5.5132,4.9104,3.8854,4.5511,3.1297,3.1848,3.0459,52.1432,13.4587,8.4121,14.4269,0.3672,0.0287,107.7975,5.8308,0.6248,3.0459,0.0175,0.0995,2.9065,0.3047,5.5253,110.069,2.519,3.4544,0.2582
15-Jan-21,4.0345,5.52,4.9017,3.8881,4.5408,3.1326,3.1882,3.0434,52.0369,13.4596,8.3991,14.4136,0.3673,0.0287,107.5666,5.8166,0.6236,3.0434,0.0175,0.0992,2.9056,0.3038,5.5197,109.8376,2.5137,3.4521,0.2576
18-Jan-21,4.047,5.4942,4.8868,3.9009,4.5406,3.1142,3.1687,3.04,52.1965,13.4363,8.4211,14.4525,0.3663,0.0288,107.8855,5.8293,0.624,3.04,0.0175,0.0995,2.8851,0.305,5.5281,110.1779,2.5207,3.4613,0.2576
19-Jan-21,4.0505,5.5113,4.8999,3.8945,4.5475,3.1239,3.1832,3.047,52.2477,13.4882,8.4269,14.4537,0.3678,0.0288,107.9975,5.8343,0.6245,3.047,0.0176,0.0996,2.8896,0.3052,5.5357,110.2732,2.5217,3.4546,0.2582
20-Jan-21,4.048,5.5261,4.9161,3.9007,4.5591,3.1251,3.1848,3.0527,52.2198,13.4978,8.426,14.4561,0.3681,0.0288,107.9308,5.8287,0.6257,3.0527,0.0175,0.0995,2.886,0.3046,5.5363,110.2051,2.5214,3.4578,0.2577
21-Jan-21,4.031,5.5152,4.8898,3.8949,4.5358,3.1345,3.1955,3.0451,52.0005,13.4726,8.3901,14.4134,0.3666,0.0288,107.4776,5.8061,0.6239,3.0451,0.0175,0.0991,2.9059,0.3033,5.5274,109.7423,2.5108,3.4496,0.256
22-Jan-21,4.0375,5.538,4.9151,3.8995,4.5622,3.1266,3.187,3.0484,52.0833,13.4718,8.3996,14.431,0.3662,0.0287,107.6509,5.8242,0.6243,3.0487,0.0175,0.0992,2.9046,0.3038,5.5293,109.9193,2.5136,3.4571,0.2567
25-Jan-21,4.046,5.5436,4.9262,3.8992,4.571,3.1286,3.1844,3.0507,52.1953,13.4957,8.4169,14.4454,0.367,0.0288,107.8588,5.8362,0.6247,3.0507,0.0175,0.0994,2.9151,0.3047,5.5457,110.1507,2.5181,3.4649,0.2574
26-Jan-21,4.0445,5.5266,4.9098,3.8996,4.5531,3.1149,3.172,3.0479,52.1783,13.4952,8.4157,14.44,0.3669,0.0288,107.8375,5.8312,0.625,3.0479,0.0175,0.0993,2.9084,0.3041,5.5416,110.1099,2.5145,3.4656,0.2575
27-Jan-21,4.044,5.5518,4.9163,3.8984,4.5597,3.129,3.1795,3.0503,52.1682,13.489,8.4116,14.4362,0.3662,0.0288,107.8242,5.828,0.6258,3.0503,0.0175,0.0993,2.9234,0.3045,5.549,110.0962,2.5149,3.4651,0.2571
29-Jan-21,4.054,5.5556,4.9041,3.88,4.5553,3.0989,3.1505,3.0451,52.2925,13.5178,8.433,14.4621,0.363,0.0288,108.0908,5.8323,0.6273,3.0451,0.0176,0.0995,2.901,0.3064,5.5548,110.3685,2.5267,3.4688,0.2581
2-Feb-21,4.0425,5.5358,4.8835,3.852,4.5107,3.086,3.1516,3.0375,52.1411,13.4885,8.4116,14.4473,0.3623,0.0288,107.7842,5.8143,0.6257,3.0375,0.0176,0.0991,2.9001,0.3046,5.5307,110.0554,2.5187,3.4599,0.257
3-Feb-21,4.0475,5.5317,4.874,3.8546,4.5087,3.0806,3.1677,3.0389,52.2167,13.4872,8.427,14.476,0.3628,0.0289,107.9175,5.8118,0.6266,3.0389,0.0176,0.0986,2.9199,0.3014,5.5459,110.1915,2.5234,3.467,0.2572
4-Feb-21,4.0525,5.5163,4.8703,3.8553,4.5033,3.0908,3.1664,3.0364,52.2795,13.4948,8.4273,14.4903,0.3621,0.0289,108.0508,5.8152,0.6275,3.0364,0.0176,0.0987,2.9162,0.2947,5.5543,110.3277,2.5257,3.4715,0.2578
5-Feb-21,4.0745,5.5705,4.8711,3.8604,4.5049,3.0936,3.1772,3.0434,52.5572,13.5231,8.473,14.5541,0.3617,0.029,108.6244,5.8398,0.629,3.0434,0.0177,0.0998,2.9116,0.2921,5.5827,110.9266,2.5427,3.4905,0.2597
8-Feb-21,4.0615,5.5779,4.8894,3.8512,4.514,3.1174,3.1819,3.0457,52.3882,13.5203,8.4529,14.5113,0.3632,0.029,108.2778,5.8211,0.6289,3.0457,0.0177,0.0995,2.9235,0.2911,5.5767,110.5727,2.5345,3.4807,0.2593
9-Feb-21,4.0575,5.59,4.9004,3.8669,4.5257,3.1354,3.1886,3.0505,52.3403,13.5431,8.4451,14.4994,0.3638,0.029,108.1683,5.8255,0.6291,3.0505,0.0176,0.0993,2.9413,0.2909,5.5684,110.4638,2.534,3.4755,0.2591
10-Feb-21,4.04,5.5845,4.8993,3.864,4.5312,3.127,3.182,3.0471,52.1139,13.5027,8.4094,14.4425,0.3643,0.0289,107.7017,5.822,0.6275,3.0471,0.0176,0.099,2.9233,0.2896,5.5445,109.9873,2.5258,3.4639,0.258
11-Feb-21,4.0445,5.5998,4.9023,3.8668,4.5439,3.1274,3.1858,3.051,52.1686,13.5132,8.4211,14.4338,0.3656,0.0289,107.826,5.8329,0.6263,3.051,0.0176,0.0986,2.9201,0.2868,5.554,110.1099,2.5358,3.4703,0.2583
15-Feb-21,4.036,5.6092,4.8975,3.8414,4.53,3.1416,3.186,3.0516,52.0596,13.5209,8.425,14.4194,0.3662,0.029,107.5951,5.8149,0.6249,3.0516,0.0175,0.0989,2.9225,0.2883,5.5648,109.8784,2.5392,3.4671,0.2594
16-Feb-21,4.0305,5.6223,4.8958,3.8169,4.5353,3.145,3.1959,3.0493,51.9904,13.4935,8.3973,14.4024,0.3669,0.029,107.4485,5.8069,0.6241,3.0493,0.0175,0.0988,2.9278,0.2879,5.5502,109.7287,2.5308,3.4655,0.258
17-Feb-21,4.0385,5.6077,4.8825,3.8113,4.5206,3.1304,3.1814,3.0404,52.0912,13.4707,8.35,14.4263,0.3644,0.0289,107.6618,5.8323,0.6253,3.0404,0.0175,0.099,2.9073,0.2885,5.5362,109.9465,2.523,3.4723,0.2586
18-Feb-21,4.038,5.5926,4.8603,3.8136,4.4914,3.1299,3.1778,3.0403,52.0868,13.451,8.3421,14.4545,0.3653,0.0288,107.6484,5.8077,0.626,3.0403,0.0175,0.099,2.9017,0.2884,5.5472,109.9329,2.5231,3.4694,0.2584
19-Feb-21,4.0435,5.6417,4.8864,3.8253,4.5088,3.1384,3.1809,3.0441,52.1543,13.4649,8.344,14.4648,0.3646,0.0287,107.795,5.8205,0.6248,3.0441,0.0176,0.0991,2.9166,0.2888,5.5647,110.0826,2.5431,3.4783,0.2582
22-Feb-21,4.0405,5.664,4.8971,3.8244,4.5009,3.1831,3.2047,3.0525,52.115,13.4638,8.3125,14.4748,0.3649,0.0286,107.7151,5.8301,0.6252,3.0525,0.0176,0.0985,2.9536,0.2886,5.5696,110.001,2.542,3.4757,0.2578
23-Feb-21,4.042,5.6877,4.9177,3.8486,4.5127,3.199,3.2088,3.061,52.1323,13.4688,8.3024,14.4968,0.3639,0.0286,107.7637,5.8305,0.6258,3.061,0.0176,0.0985,2.9579,0.2887,5.5821,110.0418,2.5414,3.484,0.2578
24-Feb-21,4.039,5.7186,4.908,3.8279,4.4566,3.1991,3.2113,3.0602,52.0869,13.4499,8.2953,14.5037,0.3636,0.0287,107.6837,5.8322,0.6251,3.0602,0.0175,0.0993,2.9751,0.2885,5.5801,109.9601,2.5411,3.4838,0.2576
25-Feb-21,4.04,5.7146,4.9161,3.8126,4.4567,3.2169,3.2303,3.0634,52.1021,13.4532,8.3102,14.5418,0.3646,0.0287,107.7017,5.8366,0.6262,3.0634,0.0176,0.0989,3.0017,0.2886,5.5866,109.9873,2.5366,3.4912,0.2577
26-Feb-21,4.0495,5.6634,4.924,3.8176,4.4729,3.1807,3.2138,3.0496,52.2213,13.4356,8.3178,14.5566,0.3604,0.0284,107.955,5.8582,0.626,3.0496,0.0176,0.0992,2.9816,0.2892,5.5467,110.246,2.5577,3.4949,0.2579
1-Mar-21,4.0535,5.6694,4.8976,3.8038,4.463,3.1431,3.1909,3.0476,52.2584,13.3515,8.3294,14.5626,0.3613,0.0284,108.0616,5.8341,0.6271,3.0476,0.0176,0.0993,2.9497,0.2895,5.5069,110.3549,2.5582,3.4483,0.2576
2-Mar-21,4.054,5.6316,4.8757,3.7961,4.4282,3.1471,3.1997,3.045,52.2534,13.3751,8.3467,14.544,0.3614,0.0283,108.075,5.8244,0.6264,3.045,0.0176,0.0994,2.94,0.2896,5.5209,110.3685,2.5642,3.4452,0.2577
3-Mar-21,4.0495,5.6541,4.8928,3.7901,4.4235,3.1687,3.2051,3.0458,52.2004,13.3647,8.337,14.5394,0.3605,0.0283,107.9636,5.8143,0.6264,3.0458,0.0176,0.0987,2.9509,0.2892,5.5297,110.246,2.5638,3.4499,0.2583
4-Mar-21,4.0555,5.653,4.8865,3.7882,4.4096,3.1566,3.202,3.0425,52.2784,13.3492,8.3481,14.5766,0.3595,0.0284,108.115,5.8287,0.6267,3.0425,0.0176,0.0994,2.9386,0.2897,5.5559,110.4093,2.577,3.4858,0.2588
5-Mar-21,4.0675,5.6563,4.8657,3.7678,4.3798,3.1385,3.2147,3.0419,52.4146,13.3755,8.3771,14.5841,0.361,0.0284,108.4349,5.8401,0.6284,3.0419,0.0177,0.0998,2.9184,0.2905,5.5755,110.736,2.5834,3.4904,0.2592
8-Mar-21,4.09,5.6491,4.8679,3.7724,4.3896,3.1452,3.2308,3.0406,52.6583,13.3312,8.4174,14.5853,0.3609,0.0285,109.0173,5.844,0.6283,3.0406,0.0177,0.1004,2.9268,0.2921,5.5856,111.3486,2.6088,3.501,0.2605
9-Mar-21,4.126,5.7135,4.8955,3.7817,4.41,3.1609,3.2622,3.0591,53.1225,13.3831,8.5024,14.5628,0.3623,0.0286,109.9944,5.8813,0.6327,3.0591,0.0179,0.1013,2.9414,0.2947,5.6386,112.3287,2.6247,3.5202,0.2623
10-Mar-21,4.1285,5.7252,4.9049,3.7949,4.4397,3.1709,3.2591,3.0642,53.1848,13.4173,8.4931,14.567,0.3616,0.0287,110.0611,5.8935,0.634,3.0642,0.0179,0.1011,2.9494,0.2949,5.6602,112.3967,2.6312,3.5383,0.2625
11-Mar-21,4.1125,5.7302,4.907,3.7888,4.4225,3.1851,3.2621,3.0623,52.9896,13.4483,8.4759,14.582,0.362,0.0285,109.6345,5.8681,0.6328,3.0623,0.0178,0.1011,2.9639,0.2937,5.6525,111.9611,2.6233,3.5254,0.2614
12-Mar-21,4.117,5.7547,4.9248,3.7873,4.4434,3.203,3.2817,3.0679,53.0531,13.4279,8.5022,14.6414,0.3639,0.0286,109.7545,5.8939,0.6346,3.0679,0.0179,0.1012,2.97,0.2941,5.6633,112.0836,2.6273,3.5292,0.2622
15-Mar-21,4.117,5.7335,4.9215,3.7727,4.4312,3.1903,3.3003,3.0599,53.0343,13.393,8.4882,14.6122,0.3624,0.0286,109.7545,5.88,0.6331,3.0599,0.0178,0.1012,2.9642,0.2941,5.6611,112.0836,2.6248,3.5353,0.2629
16-Mar-21,4.114,5.7065,4.9096,3.7686,4.4404,3.1892,3.2965,3.0607,52.9824,13.3919,8.4733,14.5763,0.3638,0.0286,109.6745,5.8768,0.6331,3.0607,0.0178,0.1011,2.9608,0.2939,5.6768,112.002,2.6196,3.5476,0.2619
17-Mar-21,4.1185,5.7208,4.9016,3.7752,4.4488,3.1855,3.3066,3.0581,53.0335,13.3718,8.4643,14.5443,0.3642,0.0285,109.7945,5.887,0.6334,3.0581,0.0179,0.1014,2.9591,0.2942,5.6774,112.1245,2.6288,3.5477,0.2625
18-Mar-21,4.1075,5.7269,4.9124,3.773,4.447,3.2129,3.3112,3.0615,52.898,13.3534,8.4326,14.4993,0.365,0.0285,109.5012,5.8621,0.6324,3.0615,0.0178,0.1011,2.9747,0.2934,5.6726,111.825,2.6335,3.5387,0.2611
19-Mar-21,4.1165,5.7283,4.9044,3.7806,4.4392,3.1878,3.2928,3.0632,53.0043,13.3263,8.4549,14.4647,0.3638,0.0285,109.7411,5.8855,0.632,3.0632,0.0178,0.1013,2.9495,0.294,5.6673,112.07,2.6537,3.547,0.2625
22-Mar-21,4.1095,5.6878,4.8885,3.7783,4.4226,3.175,3.286,3.0604,52.9224,13.3123,8.4601,14.4492,0.3636,0.0285,109.5545,5.8676,0.6314,3.0604,0.0178,0.1012,2.9399,0.2935,5.6703,111.8795,2.6347,3.5421,0.2612
23-Mar-21,4.116,5.6998,4.911,3.7864,4.455,3.1747,3.2835,3.0702,52.9958,13.2946,8.4665,14.4728,0.3652,0.0286,109.7278,5.8819,0.6323,3.0702,0.0178,0.1013,2.9207,0.294,5.6865,112.0564,2.6376,3.5547,0.2617
24-Mar-21,4.1275,5.6658,4.8907,3.8026,4.4194,3.1386,3.2774,3.0673,53.1329,13.3059,8.4815,14.4794,0.3645,0.0286,110.0579,5.8874,0.6328,3.0673,0.0179,0.1017,2.881,0.2948,5.6897,112.3695,2.6442,3.5619,0.2618
25-Mar-21,4.1395,5.6715,4.8941,3.8014,4.4249,3.1481,3.2932,3.0739,53.2867,13.3017,8.5087,14.4859,0.365,0.0286,110.3543,5.8925,0.6336,3.0739,0.0179,0.1019,2.8881,0.2957,5.6968,112.6962,2.6523,3.5655,0.2627
26-Mar-21,4.1465,5.707,4.885,3.7956,4.4119,3.1565,3.2945,3.077,53.3713,13.3114,8.5359,14.474,0.3662,0.0287,110.5409,5.8935,0.6338,3.077,0.018,0.1024,2.8901,0.2962,5.7145,112.8929,2.6779,3.5684,0.264
29-Mar-21,4.1455,5.7119,4.8861,3.7846,4.4127,3.1657,3.2886,3.0786,53.3406,13.2869,8.5509,14.5191,0.3663,0.0287,110.5143,5.887,0.6334,3.0786,0.018,0.1022,2.8965,0.2961,5.7153,112.8595,2.6867,3.5729,0.2639
30-Mar-21,4.1465,5.7126,4.8794,3.7711,4.413,3.175,3.2953,3.0764,53.3267,13.2816,8.5583,14.5287,0.3658,0.0287,110.5409,5.8887,0.631,3.0764,0.018,0.1022,2.9146,0.2962,5.6958,112.8868,2.6882,3.5738,0.2638
31-Mar-21,4.159,5.7093,4.8691,3.7521,4.4057,3.1627,3.2953,3.087,53.4944,13.2494,8.5678,14.5822,0.3674,0.0286,110.8948,5.8928,0.6337,3.087,0.018,0.1025,2.9038,0.2971,5.658,113.2271,2.7157,3.5421,0.2646
1-Apr-21,4.1465,5.7143,4.8614,3.7479,4.3864,3.1395,3.2935,3.0797,53.337,13.2518,8.5424,14.5175,0.3671,0.0285,110.5409,5.8765,0.6312,3.0797,0.018,0.1022,2.8889,0.2962,5.6627,112.8868,2.7169,3.5448,0.2638
2-Apr-21,4.1375,5.7282,4.8738,3.7408,4.3937,3.1571,3.3018,3.0793,53.2134,13.24,8.5292,14.5329,0.3669,0.0285,110.301,5.8613,0.6305,3.0793,0.0179,0.1019,2.9111,0.2955,5.6446,112.6417,2.7094,3.5371,0.2634
5-Apr-21,4.141,5.7299,4.874,3.7456,4.3946,3.1561,3.2938,3.0776,53.2553,13.2089,8.5307,14.5171,0.3672,0.0285,110.3943,5.8733,0.6306,3.0776,0.0179,0.102,2.9115,0.2958,5.6457,112.737,2.6985,3.5401,0.2636
6-Apr-21,4.1325,5.7411,4.8776,3.7444,4.4049,3.1545,3.2952,3.0815,53.1443,13.1608,8.5079,14.502,0.3675,0.0285,110.1677,5.8616,0.6305,3.0815,0.0179,0.1019,2.9128,0.2952,5.6393,112.5056,2.7036,3.5239,0.2631
7-Apr-21,4.128,5.7068,4.8987,3.7601,4.432,3.1592,3.28,3.0841,53.0632,13.1717,8.5017,14.5081,0.3698,0.0285,110.0477,5.8651,0.631,3.0841,0.0179,0.1017,2.9121,0.2949,5.614,112.3831,2.6974,3.5133,0.2628
8-Apr-21,4.1385,5.6929,4.913,3.771,4.4536,3.1533,3.2821,3.0869,53.1705,13.1548,8.5181,14.5376,0.3706,0.0284,110.3276,5.8972,0.6321,3.0869,0.0179,0.102,2.9042,0.2956,5.5683,112.669,2.7065,3.4693,0.2636
9-Apr-21,4.1355,5.6811,4.9241,3.7841,4.4732,3.1595,3.29,3.087,53.1648,13.1578,8.5093,14.5455,0.3701,0.0284,110.2477,5.8856,0.6312,3.087,0.0179,0.1019,2.9155,0.2954,5.5376,112.5873,2.7113,3.465,0.2632
12-Apr-21,4.137,5.6638,4.9201,3.7765,4.4678,3.1481,3.2951,3.0825,53.1844,13.1167,8.5199,14.5326,0.3678,0.0283,110.2877,5.8888,0.6312,3.0825,0.0179,0.1019,2.91,0.2955,5.5199,112.6281,2.7103,3.4595,0.2634
13-Apr-21,4.134,5.6766,4.9155,3.7679,4.4721,3.1418,3.2862,3.079,53.18,13.1238,8.5145,14.519,0.367,0.0283,110.2341,5.8931,0.6312,3.079,0.0179,0.1018,2.8975,0.2953,5.5076,112.5465,2.7029,3.442,0.2635
14-Apr-21,4.1295,5.6855,4.9383,3.7925,4.4891,3.1624,3.2931,3.0872,53.1341,13.1095,8.5165,14.5058,0.3691,0.0282,110.0877,5.8826,0.6314,3.0872,0.0179,0.1017,2.9253,0.295,5.4912,112.4239,2.7017,3.4382,0.2632
15-Apr-21,4.128,5.6853,4.9433,3.7908,4.4692,3.1839,3.2962,3.0867,53.1524,13.1048,8.514,14.514,0.3692,0.0282,110.0477,5.8945,0.6313,3.0867,0.0179,0.1017,2.9486,0.2949,5.4856,112.3831,2.7007,3.437,0.2634
16-Apr-21,4.127,5.6781,4.9349,3.7916,4.473,3.1912,3.2911,3.0901,53.1234,13.198,8.5308,14.5658,0.3693,0.0283,110.024,5.8958,0.6319,3.0901,0.0179,0.1016,2.9549,0.2948,5.5175,112.3559,2.7009,3.4426,0.2632
19-Apr-21,4.1295,5.7123,4.9372,3.8009,4.4842,3.1917,3.3008,3.0976,53.1409,13.2271,8.5294,14.6478,0.3695,0.0284,110.0877,5.9054,0.6328,3.0976,0.0179,0.1017,2.9468,0.295,5.5257,112.4239,2.6947,3.471,0.2635
20-Apr-21,4.116,5.7632,4.9668,3.8071,4.503,3.2107,3.295,3.103,52.9931,13.1923,8.5235,14.6466,0.3704,0.0284,109.7483,5.9037,0.6337,3.103,0.0178,0.1014,2.9713,0.294,5.5201,112.0564,2.685,3.4354,0.2623
21-Apr-21,4.116,5.733,4.952,3.8118,4.4932,3.1763,3.2658,3.0964,53.0303,13.146,8.505,14.6644,0.3683,0.0283,109.7483,5.9062,0.6333,3.0964,0.0178,0.1014,2.9536,0.294,5.4603,112.0564,2.685,3.4354,0.2621
22-Apr-21,4.11,5.7281,4.9472,3.8052,4.4852,3.1869,3.2872,3.096,52.9557,13.1184,8.4891,14.6295,0.3683,0.0283,109.5679,5.8912,0.6336,3.096,0.0178,0.1012,2.9576,0.2936,5.4563,111.8931,2.682,3.4304,0.2621
23-Apr-21,4.1115,5.6979,4.9428,3.8096,4.4832,3.178,3.2954,3.0932,52.9774,13.0856,8.497,14.6208,0.3672,0.0283,109.6079,5.8998,0.6328,3.0932,0.0178,0.1013,2.9502,0.2937,5.4767,111.9339,2.6768,3.4283,0.2619
26-Apr-21,4.1035,5.7041,4.9693,3.8096,4.4967,3.1903,3.2944,3.0966,52.8839,13.0518,8.4884,14.6832,0.3688,0.0283,109.4179,5.8897,0.6325,3.0966,0.0178,0.1011,2.9607,0.2647,5.4864,111.7161,2.6711,3.4189,0.2611
27-Apr-21,4.0985,5.6889,4.9465,3.7856,4.4748,3.1903,3.3036,3.0896,52.8127,13.0442,8.4649,14.7058,0.3687,0.0283,109.2875,5.8898,0.6319,3.0896,0.0178,0.1009,2.9583,0.2644,5.4853,111.58,2.6627,3.4283,0.2612
28-Apr-21,4.1025,5.692,4.9544,3.7684,4.4834,3.176,3.3054,3.092,52.853,13.0695,8.468,14.7069,0.3691,0.0283,109.3679,5.8922,0.6325,3.092,0.0178,0.101,2.9534,0.2647,5.5031,111.6889,2.6579,3.4345,0.2617
30-Apr-21,4.1045,5.7243,4.9738,3.7715,4.5149,3.1935,3.3452,3.0948,52.8668,13.1597,8.5228,14.7125,0.3699,0.0284,109.4212,5.9012,0.6346,3.0948,0.0178,0.1011,2.9762,0.2648,5.5337,111.7433,2.6748,3.4646,0.2621
3-May-21,4.102,5.6712,4.9316,3.7446,4.4892,3.1686,3.3375,3.0802,52.8149,13.1685,8.5263,14.6728,0.367,0.0284,109.3779,5.8904,0.6337,3.0802,0.0178,0.101,2.9432,0.2646,5.5296,111.6753,2.6767,3.4615,0.2619
4-May-21,4.1125,5.7075,4.9515,3.764,4.498,3.1835,3.3449,3.0865,52.9531,13.2023,8.5575,14.7219,0.367,0.0285,109.6345,5.8963,0.6353,3.0865,0.0178,0.1013,2.9536,0.2653,5.5658,111.9611,2.6932,3.4772,0.2622
5-May-21,4.117,5.7274,4.9503,3.7676,4.5096,3.1845,3.3507,3.0852,52.9998,13.204,8.5771,14.7262,0.3661,0.0285,109.7545,5.8951,0.636,3.0852,0.0179,0.1013,2.9527,0.2656,5.574,112.0836,2.6865,3.484,0.2627
6-May-21,4.1245,5.7312,4.949,3.771,4.5121,3.1858,3.3598,3.085,53.0868,13.2238,8.5923,14.7409,0.3665,0.0288,109.9779,5.9087,0.6365,3.085,0.0179,0.1015,2.9684,0.2661,5.5848,112.2878,2.6973,3.4875,0.2632
7-May-21,4.1165,5.7261,4.9678,3.7726,4.5368,3.2014,3.3833,3.089,53.0019,13.1855,8.5922,14.745,0.3673,0.0288,109.7411,5.9017,0.6373,3.089,0.0178,0.1013,2.9766,0.2656,5.5916,112.07,2.6958,3.4881,0.2627
10-May-21,4.1055,5.7563,4.9902,3.7703,4.5556,3.2208,3.3857,3.0956,52.8606,13.1756,8.5825,14.7962,0.3684,0.0289,109.4479,5.8945,0.6385,3.0956,0.0178,0.1009,2.9859,0.2649,5.5969,111.7706,2.6996,3.4903,0.2621
11-May-21,4.1158,5.8116,4.9965,3.7797,4.5695,3.2239,3.4034,3.1026,52.9974,13.2424,8.5942,14.7804,0.3675,0.029,109.7446,5.9366,0.6404,3.1026,0.0178,0.1011,2.9897,0.2655,5.6006,112.0496,2.7024,3.5066,0.2627
12-May-21,4.131,5.8282,5.0053,3.795,4.5606,3.2168,3.4053,3.1075,53.1814,13.2234,8.6323,14.7399,0.3674,0.0291,110.1512,5.9571,0.6414,3.1075,0.0179,0.1013,2.9859,0.2665,5.62,112.4648,2.7172,3.5202,0.2635
17-May-21,4.134,5.8232,5.0152,3.7807,4.5824,3.2047,3.4075,3.0957,53.2242,13.1489,8.6446,14.728,0.3647,0.029,110.2312,5.9476,0.6421,3.0957,0.0179,0.1014,2.9827,0.2667,5.6415,112.5465,2.713,3.5253,0.2631
18-May-21,4.1263,5.8498,5.0206,3.7791,4.5746,3.2168,3.427,3.097,53.1326,13.1034,8.6183,14.7487,0.3646,0.0289,110.0245,5.9463,0.642,3.097,0.0179,0.1011,2.9876,0.2662,5.6358,112.3355,2.7019,3.5223,0.263
19-May-21,4.127,5.8554,5.0473,3.7887,4.5981,3.2151,3.4195,3.1022,53.146,13.1224,8.6353,14.7987,0.3664,0.0289,110.0445,5.9599,0.642,3.1022,0.0179,0.101,2.9863,0.2513,5.6496,112.3559,2.7024,3.531,0.2632
20-May-21,4.139,5.842,5.0421,3.7926,4.5796,3.2032,3.4171,3.1037,53.3064,13.1857,8.6382,14.7924,0.3656,0.0288,110.3645,5.9742,0.6428,3.1037,0.018,0.1013,2.9697,0.2521,5.6571,112.6826,2.7026,3.5355,0.264
21-May-21,4.143,5.8737,5.0677,3.8056,4.6185,3.2135,3.4305,3.1118,53.3675,13.2069,8.6452,14.7909,0.3674,0.0288,110.4741,5.9772,0.6439,3.1118,0.018,0.1014,2.9772,0.2523,5.6731,112.7915,2.7012,3.5419,0.2642
24-May-21,4.1405,5.8569,5.0438,3.8037,4.6118,3.1992,3.4308,3.1119,53.3298,13.1905,8.6198,14.8251,0.3672,0.0288,110.4074,5.9829,0.6436,3.1119,0.018,0.1013,2.9675,0.2522,5.6854,112.7234,2.702,3.553,0.2646
25-May-21,4.1425,5.8739,5.0648,3.8108,4.6218,3.2135,3.4395,3.1214,53.3604,13.2179,8.6159,14.8671,0.3693,0.0289,110.4343,5.981,0.6461,3.1214,0.018,0.1014,2.9925,0.2523,5.686,112.7779,2.6939,3.5483,0.2644
27-May-21,4.1435,5.8488,5.0522,3.7991,4.6183,3.2075,3.418,3.1291,53.3863,13.2528,8.6179,14.909,0.3708,0.0289,110.4609,5.9932,0.6488,3.1291,0.018,0.1015,3.0214,0.2523,5.695,112.8051,2.669,3.5585,0.2643
28-May-21,4.137,5.8719,5.0418,3.7638,4.6092,3.2037,3.4252,3.1259,53.3191,13.2215,8.6413,14.9172,0.3711,0.0289,110.2877,5.9766,0.6494,3.1259,0.018,0.1013,3.0105,0.2519,5.7027,112.6281,2.6648,3.5618,0.2638
31-May-21,4.138,5.8747,5.0477,3.7726,4.6024,3.1962,3.4261,3.1283,53.3175,13.2416,8.6714,14.9727,0.3719,0.0289,110.3143,5.9729,0.6504,3.1283,0.018,0.1014,3.0011,0.252,5.7136,112.6554,2.6766,3.57,0.2639
1-Jun-21,4.1205,5.8666,5.0396,3.7649,4.5855,3.199,3.4198,3.1228,53.103,13.2067,8.642,14.9445,0.3727,0.0289,109.8478,5.9476,0.6468,3.1228,0.0179,0.1009,3.0014,0.2509,5.6834,112.1896,2.6853,3.5465,0.2625
2-Jun-21,4.126,5.8422,5.0432,3.7639,4.5993,3.2024,3.4208,3.1207,53.1794,13.2413,8.6255,15.0077,0.3719,0.0289,109.9944,5.9622,0.6465,3.1207,0.0179,0.1009,2.9969,0.2513,5.6466,112.3287,2.6599,3.5374,0.2631
3-Jun-21,4.1225,5.8414,5.0323,3.7587,4.589,3.1927,3.4246,3.1176,53.1397,13.2344,8.629,14.9915,0.3708,0.0289,109.9011,5.946,0.6457,3.1176,0.0179,0.1009,2.9793,0.2511,5.6413,112.2334,2.6576,3.5252,0.2628
4-Jun-21,4.1275,5.8185,5.0005,3.7443,4.5633,3.1615,3.406,3.1091,53.2035,13.2207,8.6322,14.9034,0.3697,0.0288,110.0579,5.9572,0.6446,3.1091,0.0179,0.1009,2.9501,0.2514,5.6517,112.3695,2.6608,3.5381,0.2631
8-Jun-21,4.121,5.8355,5.019,3.7664,4.5896,3.1925,3.4093,3.1138,53.1142,13.2083,8.6385,14.8738,0.3697,0.0289,109.8611,5.9426,0.6447,3.1138,0.018,0.1007,2.9758,0.251,5.6613,112.1925,2.6545,3.5376,0.2627
9-Jun-21,4.1175,5.8306,5.0153,3.761,4.5934,3.1853,3.4001,3.1102,53.0657,13.2183,8.6244,14.8547,0.3692,0.0289,109.7678,5.9409,0.6439,3.1102,0.0179,0.1006,2.963,0.2508,5.6474,112.0988,2.6461,3.5304,0.2631
10-Jun-21,4.1163,5.8117,5.0093,3.7574,4.5948,3.1841,3.3972,3.1088,53.0469,13.2228,8.6268,14.8513,0.3694,0.0289,109.7345,5.9433,0.6447,3.1088,0.0179,0.1006,2.9565,0.2507,5.6395,112.0632,2.6459,3.5251,0.2625
11-Jun-21,4.114,5.8328,5.0137,3.7603,4.6031,3.1892,3.4031,3.1118,53.0213,13.2326,8.6261,14.8619,0.3703,0.029,109.6745,5.9333,0.6442,3.1118,0.0179,0.1008,2.9596,0.2505,5.6401,112.002,2.6414,3.5195,0.2625
14-Jun-21,4.116,5.8077,4.9804,3.7495,4.5789,3.1695,3.3865,3.1023,53.0327,13.2305,8.6024,14.864,0.3683,0.0289,109.7483,5.9356,0.6433,3.1023,0.0179,0.1005,2.9384,0.2507,5.62,112.0564,2.6406,3.5205,0.2628
15-Jun-21,4.116,5.8083,4.9898,3.7383,4.5754,3.172,3.3903,3.1027,53.0286,13.2177,8.5813,14.8311,0.368,0.0289,109.7278,5.9257,0.6427,3.1027,0.0179,0.1006,2.9434,0.2507,5.6226,112.0564,2.6406,3.5107,0.2628
16-Jun-21,4.1195,5.8011,4.9939,3.7414,4.5826,3.1695,3.3829,3.1026,53.0788,13.212,8.5564,14.8405,0.3685,0.0289,109.8211,5.9287,0.6433,3.1026,0.018,0.1007,2.9413,0.2509,5.6165,112.1517,2.6219,3.5116,0.2629
17-Jun-21,4.1325,5.7824,4.9563,3.7324,4.5477,3.1519,3.3661,3.0921,53.2275,13.1987,8.5365,14.9018,0.3658,0.0288,110.1941,5.9495,0.6435,3.0921,0.018,0.101,2.9295,0.2517,5.613,112.5056,2.628,3.5223,0.2641
18-Jun-21,4.142,5.7684,4.9383,3.7588,4.5174,3.1282,3.3534,3.0895,53.3478,13.2037,8.5667,14.8771,0.3659,0.0288,110.4474,5.9202,0.6425,3.0895,0.018,0.1013,2.904,0.2523,5.5903,112.7643,2.6328,3.4945,0.2644
21-Jun-21,4.15,5.7249,4.9202,3.7794,4.4972,3.109,3.3281,3.081,53.4487,13.1537,8.5259,14.8495,0.3647,0.0288,110.6608,5.9292,0.6416,3.081,0.018,0.1015,2.8867,0.2527,5.5906,112.9821,2.6392,3.5114,0.2652
22-Jun-21,4.148,5.7713,4.9411,3.7566,4.5134,3.1174,3.3525,3.0829,53.4182,13.1141,8.514,14.8498,0.3661,0.0288,110.6074,5.9197,0.6417,3.0829,0.018,0.1015,2.8939,0.2526,5.5946,112.9353,2.6337,3.4984,0.2649
23-Jun-21,4.1645,5.8016,4.9653,3.7598,4.5293,3.1429,3.3793,3.0941,53.6279,13.1,8.526,14.8777,0.3665,0.0288,111.0208,5.9406,0.6426,3.0941,0.0181,0.1019,2.9187,0.2536,5.6052,113.3768,2.6378,3.4999,0.2656
24-Jun-21,4.166,5.8139,4.9665,3.7526,4.531,3.1553,3.3852,3.0954,53.6541,13.0637,8.5277,14.8858,0.3668,0.0288,111.0608,5.9514,0.6428,3.0954,0.0181,0.1018,2.9368,0.2537,5.6099,113.4176,2.6384,3.5056,0.266
25-Jun-21,4.158,5.7919,4.9647,3.7508,4.5314,3.1572,3.3772,3.0978,53.5673,13.0714,8.5688,14.884,0.3684,0.0288,110.8741,5.9412,0.6433,3.0978,0.0181,0.1017,2.942,0.2532,5.6076,113.1998,2.635,3.504,0.2654
28-Jun-21,4.151,5.7643,4.9501,3.752,4.5193,3.1492,3.3727,3.0883,53.4775,13.0125,8.5406,14.8792,0.3674,0.0287,110.6874,5.9315,0.6422,3.0883,0.018,0.1016,2.9352,0.2528,5.5927,113.0093,2.6306,3.4962,0.2645
29-Jun-21,4.1475,5.7507,4.9403,3.7527,4.5059,3.1336,3.3593,3.0872,53.4317,12.9488,8.5441,14.8573,0.3669,0.0286,110.5676,5.9251,0.6419,3.0872,0.018,0.1015,2.9153,0.2526,5.5826,112.914,2.6271,3.4938,0.2647
30-Jun-21,4.1543,5.7547,4.9444,3.76,4.5091,3.1252,3.3514,3.0902,53.5042,12.9537,8.5285,14.8813,0.3679,0.0286,110.7682,5.9272,0.6433,3.0902,0.018,0.1017,2.9086,0.253,5.5962,113.0978,2.6235,3.498,0.2653
1-Jul-21,4.1545,5.7413,4.9233,3.7396,4.4882,3.1123,3.3513,3.0874,53.5046,12.9747,8.4682,14.8942,0.3669,0.0286,110.7542,5.9261,0.6427,3.0874,0.0181,0.1016,2.9044,0.253,5.5834,113.1046,2.6285,3.4932,0.2647
2-Jul-21,4.1635,5.7325,4.9308,3.7314,4.4955,3.1074,3.3501,3.0842,53.606,12.9502,8.4805,14.8789,0.3671,0.0286,111.0119,5.9285,0.6428,3.0842,0.0181,0.1019,2.8995,0.2536,5.58,113.3496,2.6339,3.4896,0.2655
5-Jul-21,4.155,5.743,4.9249,3.7392,4.5043,3.1214,3.3655,3.0856,53.4973,12.9118,8.428,14.893,0.3677,0.0287,110.7852,5.9164,0.6429,3.0856,0.0181,0.1017,2.9151,0.253,5.5759,113.1182,2.6339,3.4744,0.2651
6-Jul-21,4.1535,5.7669,4.9317,3.7471,4.5105,3.1432,3.3701,3.0901,53.4676,12.9272,8.4016,14.8788,0.3671,0.0287,110.7275,5.9143,0.6428,3.0901,0.0181,0.1017,2.9419,0.253,5.5881,113.0773,2.6266,3.4936,0.2649
7-Jul-21,4.1595,5.7405,4.9184,3.7607,4.5031,3.1165,3.3372,3.0867,53.5476,12.8817,8.3591,14.8546,0.3661,0.0287,110.8875,5.924,0.6427,3.0867,0.0181,0.1018,2.9181,0.2533,5.5719,113.2407,2.626,3.4873,0.2651
8-Jul-21,4.1715,5.7496,4.9192,3.7729,4.5071,3.1136,3.332,3.0846,53.7032,12.8671,8.3727,14.8801,0.3641,0.0287,111.2222,5.937,0.6439,3.0846,0.0181,0.1021,2.9157,0.254,5.5766,113.5674,2.6212,3.494,0.2662
9-Jul-21,4.1865,5.7692,4.9566,3.8095,4.5744,3.1078,3.3373,3.0927,53.8935,12.8106,8.3663,14.9275,0.3646,0.0288,111.6073,5.9602,0.6457,3.0927,0.0182,0.1025,2.9061,0.255,5.6037,113.9757,2.6248,3.5023,0.2668
12-Jul-21,4.19,5.8184,4.9731,3.8037,4.5807,3.1306,3.3594,3.0999,53.9521,12.8488,8.3624,14.9413,0.3652,0.0289,111.7095,5.9693,0.6472,3.0999,0.0182,0.1026,2.925,0.2552,5.6238,114.071,2.6278,3.5083,0.2671
13-Jul-21,4.1895,5.8228,4.9727,3.7955,4.5812,3.14,3.3649,3.1024,53.9429,12.8394,8.3502,14.9663,0.3663,0.0289,111.6962,5.9688,0.6481,3.1024,0.0182,0.1026,2.9322,0.2551,5.623,114.0574,2.6234,3.5111,0.2672
14-Jul-21,4.1995,5.8035,4.9487,3.8005,4.5741,3.1324,3.3584,3.0987,54.0685,12.8661,8.3714,15.0033,0.365,0.029,111.9538,5.9837,0.6486,3.0987,0.0182,0.1028,2.9468,0.2558,5.6315,114.3297,2.6329,3.5232,0.2677
15-Jul-21,4.1955,5.8041,4.9641,3.8191,4.5875,3.1307,3.3461,3.0996,54.0166,12.846,8.3267,14.9946,0.367,0.0289,111.8651,5.9692,0.6489,3.0996,0.0182,0.1028,2.9427,0.2555,5.6328,114.2208,2.6346,3.5156,0.2672
16-Jul-21,4.2005,5.8133,4.9616,3.8202,4.5737,3.1241,3.3414,3.101,54.0748,12.8377,8.3734,15.0227,0.3683,0.0289,111.9924,5.9839,0.6497,3.101,0.0183,0.1028,2.9485,0.2558,5.6337,114.3569,2.6336,3.5218,0.2675
19-Jul-21,4.218,5.8025,4.9791,3.8361,4.5888,3.1156,3.3374,3.1064,54.2979,12.8285,8.3566,15.0329,0.3684,0.029,112.459,6.0008,0.651,3.1064,0.0183,0.1033,2.9492,0.2569,5.6432,114.8333,2.6445,3.5355,0.269
21-Jul-21,4.2425,5.7776,4.9955,3.8609,4.6052,3.1025,3.3402,3.1034,54.5831,12.9069,8.421,15.1167,0.3687,0.0292,113.1122,6.0279,0.6552,3.1034,0.0184,0.1039,2.9328,0.2584,5.6868,115.5003,2.6376,3.5535,0.2707
22-Jul-21,4.2265,5.7941,4.9858,3.8379,4.6073,3.1096,3.3605,3.1028,54.3745,12.87,8.4083,15.0833,0.3674,0.0291,112.6736,6.001,0.6536,3.1028,0.0184,0.1035,2.9395,0.2574,5.6796,115.0647,2.6276,3.5401,0.2697
23-Jul-21,4.2235,5.812,4.9708,3.83,4.591,3.1155,3.3599,3.1061,54.3513,12.8257,8.3908,15.075,0.3676,0.0291,112.6026,6.0058,0.6526,3.1061,0.0184,0.1034,2.9463,0.2572,5.67,114.9831,2.6257,3.5448,0.2695
26-Jul-21,4.2253,5.8091,4.9767,3.8298,4.5984,3.1051,3.3586,3.1049,54.3654,12.8349,8.3938,15.0456,0.3663,0.0292,112.6403,6.0007,0.6516,3.1049,0.0184,0.1035,2.9425,0.2573,5.6728,115.0307,2.6073,3.5491,0.2688
27-Jul-21,4.229,5.8481,4.9928,3.8374,4.6183,3.1216,3.3711,3.114,54.38,12.8592,8.405,15.088,0.3675,0.0292,112.7403,6.0121,0.653,3.114,0.0184,0.1036,2.9586,0.2575,5.6883,115.1328,2.6202,3.5515,0.2695
28-Jul-21,4.2313,5.8709,5.0018,3.8538,4.6258,3.114,3.3615,3.1112,54.3744,12.8364,8.392,15.0895,0.3662,0.0292,112.8002,6.0135,0.6504,3.1112,0.0184,0.1036,2.9441,0.2577,5.6823,115.1941,2.622,3.5513,0.2697
29-Jul-21,4.2225,5.8807,5.0056,3.8462,4.6442,3.1147,3.381,3.1161,54.2996,12.85,8.3871,15.1144,0.3687,0.0291,112.585,6.0079,0.6521,3.1161,0.0184,0.1034,2.9408,0.2572,5.6827,114.9558,2.6025,3.548,0.269
30-Jul-21,4.2305,5.8984,5.0252,3.8629,4.6643,3.1246,3.3979,3.1259,54.4165,12.8587,8.4256,15.1414,0.3686,0.0293,112.7803,6.039,0.6549,3.1259,0.0184,0.1036,2.9607,0.2576,5.6913,115.1736,2.6075,3.5591,0.2694
2-Aug-21,4.2255,5.8726,5.0163,3.8527,4.6657,3.1026,3.388,3.1223,54.3511,12.824,8.4468,15.1137,0.3665,0.0292,112.668,6.0373,0.6536,3.1223,0.0184,0.1035,2.9433,0.2573,5.6785,115.0375,2.6024,3.5489,0.2695
3-Aug-21,4.2253,5.8704,5.0173,3.8673,4.667,3.1127,3.376,3.1255,54.3409,12.8193,8.4761,15.1277,0.3671,0.0295,112.6403,6.0331,0.6536,3.1255,0.0184,0.1034,2.9558,0.2573,5.6836,115.0307,2.5823,3.5521,0.269
4-Aug-21,4.227,5.8861,5.0189,3.876,4.6785,3.1297,3.3759,3.1331,54.3687,12.782,8.5079,15.1908,0.3691,0.0295,112.6869,6.0379,0.6543,3.1331,0.0184,0.1035,2.9819,0.2574,5.6958,115.0783,2.5925,3.5564,0.2692
5-Aug-21,4.221,5.8632,4.9953,3.8486,4.6512,3.12,3.369,3.1239,54.2803,12.733,8.4252,15.2042,0.3696,0.0294,112.527,6.0245,0.653,3.1239,0.0184,0.1033,2.9764,0.2571,5.6884,114.915,2.5754,3.5559,0.2689
6-Aug-21,4.219,5.8733,4.9879,3.8405,4.6465,3.1172,3.373,3.1218,54.2483,12.6431,8.4019,15.1845,0.3694,0.0294,112.5007,6.0187,0.6526,3.1218,0.0184,0.1032,2.9738,0.2569,5.693,114.8605,2.5695,3.5552,0.2686
9-Aug-21,4.224,5.8583,4.9672,3.8323,4.6156,3.1065,3.3624,3.1156,54.2774,12.6316,8.3934,15.1822,0.369,0.0294,112.634,6.016,0.6522,3.1156,0.0184,0.1033,2.9648,0.2572,5.6906,114.9967,2.5855,3.5596,0.269
11-Aug-21,4.2385,5.8612,4.9669,3.8307,4.5931,3.1111,3.3832,3.1171,54.4619,12.6977,8.4064,15.2179,0.3669,0.0295,113.0206,6.0177,0.6539,3.1171,0.0186,0.1036,2.9682,0.2581,5.6941,115.3914,2.5884,3.5594,0.27
12-Aug-21,4.2355,5.8765,4.9746,3.8382,4.5973,3.1216,3.388,3.122,54.4398,12.7002,8.4104,15.2364,0.3656,0.0295,112.9376,6.0079,0.6541,3.122,0.0186,0.1036,2.982,0.2579,5.7058,115.3098,2.576,3.5563,0.2698
13-Aug-21,4.2355,5.8509,4.9723,3.836,4.5876,3.1106,3.3831,3.1179,54.4269,12.7269,8.3996,15.2121,0.3626,0.0294,112.9376,6.0152,0.6538,3.1179,0.0186,0.1035,2.968,0.2579,5.702,115.3098,2.578,3.5648,0.2698
16-Aug-21,4.2415,5.8758,5.0009,3.8776,4.6297,3.1124,3.3818,3.1278,54.4987,12.7067,8.3991,15.2276,0.3644,0.0295,113.0916,6.0244,0.6548,3.1278,0.0186,0.1037,2.9797,0.2583,5.7103,115.4731,2.5816,3.5701,0.2702
17-Aug-21,4.2385,5.8557,4.9879,3.8777,4.6404,3.0975,3.3646,3.1222,54.4437,12.6674,8.3725,15.2114,0.3597,0.0295,113.0116,6.0319,0.6542,3.1222,0.0186,0.1036,2.9491,0.2581,5.7093,115.3914,2.5758,3.5676,0.2701
18-Aug-21,4.232,5.8203,4.9584,3.8597,4.6292,3.0741,3.3558,3.1111,54.3397,12.7585,8.4018,15.1886,0.3621,0.0294,112.8383,6.0174,0.6529,3.1111,0.0185,0.1034,2.9345,0.2577,5.6938,115.2145,2.5758,3.5572,0.2694
19-Aug-21,4.24,5.8175,4.9504,3.8486,4.6094,3.0547,3.3406,3.1082,54.4186,12.6958,8.3936,15.1846,0.3607,0.0294,113.0546,6.0163,0.653,3.1082,0.0186,0.1036,2.9057,0.2582,5.7013,115.4323,2.5807,3.5693,0.2701
20-Aug-21,4.238,5.7762,4.9525,3.8613,4.6239,3.0278,3.2973,3.1077,54.4087,12.7103,8.4221,15.1265,0.3595,0.0293,113.0013,6.0077,0.6518,3.1077,0.0186,0.1036,2.8979,0.2581,5.6983,115.3778,2.5795,3.5676,0.2699
23-Aug-21,4.2295,5.7724,4.9572,3.8496,4.6158,3.0287,3.3114,3.1098,54.2978,12.6924,8.4223,15.1337,0.3605,0.0294,112.7776,5.9899,0.6517,3.1098,0.0185,0.1034,2.8945,0.2576,5.6955,115.1464,2.5708,3.5535,0.2689
24-Aug-21,4.218,5.7858,4.9509,3.8428,4.6192,3.0443,3.3341,3.1089,54.1516,12.7267,8.4083,15.0902,0.3614,0.0293,112.471,5.9831,0.6507,3.1089,0.0185,0.1031,2.9083,0.2569,5.6912,114.8333,2.5626,3.5522,0.2687
25-Aug-21,4.215,5.7826,4.948,3.8397,4.6086,3.0521,3.3417,3.1106,54.1492,12.8154,8.4081,15.0784,0.3613,0.0293,112.367,5.9842,0.6507,3.1106,0.0185,0.103,2.9248,0.2567,5.683,114.7517,2.5488,3.5505,0.2685
26-Aug-21,4.1915,5.7644,4.9305,3.8127,4.5831,3.0434,3.3205,3.0966,53.8431,12.77,8.373,15.0015,0.358,0.0291,111.7614,5.9526,0.6465,3.0966,0.0184,0.1025,2.9177,0.2553,5.6489,114.1119,2.5269,3.5282,0.267
27-Aug-21,4.194,5.7447,4.9321,3.8129,4.5739,3.036,3.3076,3.1005,53.8545,12.8443,8.3922,15.0212,0.3589,0.0291,111.8072,5.9601,0.6468,3.1005,0.0184,0.1025,2.91,0.2554,5.6556,114.1799,2.5152,3.5318,0.2671
30-Aug-21,4.169,5.7403,4.9213,3.7981,4.5765,3.0442,3.3017,3.0954,53.53,12.8139,8.3564,14.9819,0.3581,0.029,111.1585,5.9204,0.6446,3.0954,0.0183,0.1019,2.9179,0.2539,5.6723,113.4993,2.5025,3.5362,0.2651
1-Sep-21,4.145,5.694,4.8928,3.762,4.5153,3.0323,3.2847,3.0821,53.2934,12.8061,8.2809,14.9596,0.3582,0.029,110.5127,5.9036,0.6413,3.0821,0.0182,0.1013,2.9202,0.2524,5.6754,112.8459,2.4839,3.5485,0.264
2-Sep-21,4.1575,5.7267,4.9214,3.7792,4.541,3.0622,3.2923,3.0906,53.462,12.7962,8.3242,15.0107,0.3584,0.0291,110.8519,5.9171,0.6433,3.0906,0.0183,0.1016,2.9379,0.2532,5.693,113.1862,2.4895,3.5551,0.2647
3-Sep-21,4.153,5.7455,4.9331,3.7749,4.5425,3.0741,3.3073,3.0927,53.4347,12.7471,8.3335,14.9955,0.3592,0.0291,110.7142,5.9107,0.6429,3.0927,0.0182,0.1014,2.9544,0.2529,5.683,113.0637,2.483,3.5526,0.2644
6-Sep-21,4.145,5.7419,4.9193,3.7742,4.5306,3.0822,3.3056,3.0883,53.316,12.7873,8.3129,15.017,0.3582,0.0291,110.5186,5.8993,0.6422,3.0883,0.0182,0.1012,2.9595,0.2524,5.6752,112.8475,2.4821,3.5477,0.2635
7-Sep-21,4.1465,5.7419,4.9252,3.7762,4.5367,3.0848,3.3094,3.0908,53.3453,12.7703,8.3088,15.0279,0.3583,0.0292,110.5615,5.9015,0.6424,3.0908,0.0182,0.1013,2.9589,0.2525,5.6729,112.8868,2.4815,3.5446,0.2639
8-Sep-21,4.1568,5.7278,4.9224,3.7689,4.5212,3.0712,3.2883,3.0886,53.4665,12.6808,8.2915,15.0042,0.3569,0.0291,110.8319,5.9274,0.6431,3.0886,0.0183,0.1016,2.954,0.2531,5.6558,113.1658,2.4743,3.5383,0.2645
9-Sep-21,4.148,5.7091,4.9023,3.7642,4.5048,3.0513,3.2656,3.0821,53.335,12.6695,8.2861,14.9661,0.3543,0.0291,110.5956,5.904,0.642,3.0821,0.0182,0.1014,2.9411,0.2526,5.6236,112.9276,2.4728,3.5221,0.2638
10-Sep-21,4.1415,5.7364,4.8992,3.7693,4.5178,3.0581,3.2762,3.0901,53.2635,12.6729,8.3038,14.9723,0.3544,0.0291,110.4076,5.9004,0.6424,3.0901,0.0182,0.1012,2.9504,0.2522,5.635,112.7506,2.4652,3.5214,0.2636
13-Sep-21,4.143,5.7341,4.8908,3.7681,4.5101,3.0472,3.2688,3.0861,53.266,12.6388,8.2914,14.9545,0.3526,0.0291,110.4623,5.9064,0.6421,3.0861,0.0182,0.1013,2.9469,0.2414,5.6277,112.7915,2.4632,3.5227,0.2637
14-Sep-21,4.149,5.7445,4.9025,3.7698,4.5005,3.0506,3.2809,3.0899,53.3376,12.6033,8.3117,14.9838,0.354,0.0291,110.6194,5.902,0.6435,3.0899,0.0182,0.1014,2.9516,0.2412,5.636,112.9548,2.4667,3.5197,0.2639
15-Sep-21,4.1595,5.7424,4.9107,3.7946,4.5234,3.0452,3.2786,3.0966,53.4723,12.6544,8.3415,15.0228,0.3551,0.0292,110.8993,5.9236,0.6456,3.0966,0.0183,0.1017,2.9508,0.2396,5.6446,113.2407,2.473,3.5283,0.2647
17-Sep-21,4.17,5.7531,4.9077,3.7963,4.4984,3.0422,3.2903,3.0984,53.59,12.5716,8.35,15.0498,0.3536,0.0293,111.1674,5.9342,0.6461,3.0984,0.0183,0.1019,2.9482,0.2402,5.6729,113.5265,2.4859,3.545,0.2654
20-Sep-21,4.189,5.7431,4.9057,3.8104,4.492,3.0297,3.2743,3.0992,53.791,12.5532,8.3504,15.0475,0.3528,0.0294,111.7007,5.9591,0.6478,3.0992,0.0184,0.1024,2.9398,0.2421,5.6732,114.0438,2.4943,3.563,0.2666
21-Sep-21,4.1895,5.7273,4.9151,3.8217,4.5158,3.0449,3.2798,3.1012,53.8168,12.5472,8.3648,15.0723,0.354,0.0294,111.717,5.9439,0.6479,3.1012,0.0184,0.1024,2.9419,0.2413,5.6936,114.0574,2.4754,3.5509,0.2664
22-Sep-21,4.1885,5.7175,4.9089,3.826,4.5293,3.0323,3.2733,3.0963,53.7946,12.5254,8.3362,15.0731,0.3538,0.0294,111.6844,5.9463,0.6472,3.0963,0.0184,0.1024,2.9361,0.2413,5.6819,114.0302,2.4763,3.5561,0.2668
23-Sep-21,4.1865,5.711,4.9009,3.8123,4.5201,3.03,3.2816,3.0974,53.7727,12.4635,8.3164,15.0735,0.3547,0.0294,111.6073,5.9427,0.6475,3.0974,0.0184,0.1024,2.9308,0.2412,5.6741,113.9757,2.4755,3.5419,0.2665
24-Sep-21,4.181,5.738,4.9089,3.7863,4.521,3.0521,3.3002,3.0972,53.7148,12.5744,8.2973,15.0955,0.3554,0.0294,111.4755,5.9329,0.6471,3.0972,0.0184,0.1022,2.9568,0.2401,5.6647,113.826,2.4682,3.5482,0.2663
27-Sep-21,4.185,5.7224,4.9057,3.7848,4.5221,3.0458,3.3129,3.095,53.7659,12.515,8.2107,15.111,0.3559,0.0293,111.5732,5.9387,0.6479,3.095,0.0184,0.1021,2.937,0.2394,5.6763,113.9349,2.4698,3.549,0.2664
28-Sep-21,4.183,5.7326,4.8906,3.7608,4.5126,3.053,3.3175,3.0897,53.755,12.4272,8.2052,15.0913,0.3538,0.0293,111.5169,5.9303,0.648,3.0897,0.0184,0.1023,2.9346,0.2397,5.664,113.8805,2.4649,3.5404,0.2663
29-Sep-21,4.185,5.669,4.8902,3.7561,4.5029,3.0339,3.3,3.0828,53.7683,12.3488,8.206,15.0523,0.353,0.0293,111.5673,5.9232,0.6471,3.0828,0.0184,0.1024,2.9082,0.2394,5.6411,113.9349,2.4575,3.5325,0.2664
30-Sep-21,4.188,5.6352,4.8598,3.7423,4.4866,3.0168,3.2884,3.077,53.7854,12.354,8.2239,15.032,0.3532,0.0293,111.6532,5.9199,0.6475,3.077,0.0184,0.1024,2.8822,0.2396,5.6396,114.0166,2.451,3.5299,0.2666
1-Oct-21,4.1845,5.6302,4.844,3.7646,4.4908,3.0204,3.2898,3.0763,53.7384,12.3912,8.221,15.0192,0.3522,0.0292,111.5539,5.8954,0.6491,3.0763,0.0184,0.1023,2.8848,0.2394,5.6309,113.9213,2.4471,3.5232,0.2662
4-Oct-21,4.172,5.6468,4.8358,3.7564,4.4822,3.0297,3.3026,3.0736,53.5775,12.3872,8.2175,14.976,0.3528,0.0292,111.2385,5.8895,0.6472,3.0736,0.0183,0.1019,2.8933,0.2387,5.6243,113.581,2.4452,3.518,0.2649
5-Oct-21,4.18,5.6829,4.8484,3.7602,4.5123,3.0378,3.3138,3.0772,53.6923,12.3669,8.2503,14.9671,0.3519,0.0293,111.4518,5.9076,0.6484,3.0772,0.0184,0.1021,2.9013,0.2391,5.6008,113.7988,2.4445,3.5154,0.2661
6-Oct-21,4.1795,5.6902,4.8457,3.7439,4.4999,3.037,3.3173,3.0787,53.6804,12.3362,8.2351,14.9658,0.3512,0.0294,111.4444,5.9043,0.6483,3.0787,0.0184,0.1021,2.8972,0.2391,5.6024,113.7852,2.4442,3.5086,0.266
7-Oct-21,4.1815,5.6804,4.8319,3.7527,4.5079,3.046,3.3225,3.078,53.7088,12.3603,8.237,14.9494,0.3516,0.0293,111.4977,5.8938,0.6486,3.078,0.0184,0.1022,2.894,0.2169,5.5908,113.8396,2.4436,3.4855,0.2663
8-Oct-21,4.182,5.6915,4.831,3.7394,4.4994,3.0554,3.3333,3.079,53.7132,12.3509,8.2894,14.9272,0.3503,0.0294,111.5111,5.9005,0.6484,3.079,0.0184,0.1022,2.899,0.2167,5.5818,113.8532,2.4474,3.4952,0.2664
11-Oct-21,4.168,5.6839,4.8234,3.6985,4.4892,3.0501,3.3436,3.077,53.5543,12.3314,8.2193,14.8555,0.349,0.0293,111.1378,5.8805,0.6475,3.077,0.0183,0.1019,2.8893,0.216,5.55,113.4736,2.4392,3.4738,0.2655
12-Oct-21,4.172,5.6725,4.8228,3.6824,4.4971,3.0612,3.3403,3.0767,53.6323,12.4649,8.2162,14.8122,0.3479,0.0293,111.2415,5.8862,0.6465,3.0767,0.0183,0.1021,2.8931,0.2162,5.5289,113.581,2.4387,3.4601,0.2654
13-Oct-21,4.1585,5.6614,4.8037,3.665,4.4742,3.0511,3.3387,3.07,53.4436,12.4674,8.2117,14.7774,0.3483,0.0292,110.8608,5.8593,0.6451,3.07,0.0183,0.1017,2.8862,0.2224,5.5176,113.2135,2.4283,3.4418,0.2647
14-Oct-21,4.1563,5.6814,4.819,3.6604,4.5013,3.0706,3.3439,3.0795,53.4284,12.5264,8.2147,14.7899,0.3499,0.0293,110.8127,5.8577,0.6454,3.0795,0.0183,0.1017,2.9006,0.2247,5.521,113.1522,2.4288,3.4466,0.2645
15-Oct-21,4.158,5.6904,4.8266,3.6495,4.5049,3.0836,3.3639,3.0834,53.4434,12.5015,8.2052,14.8214,0.3516,0.0295,110.8564,5.8727,0.646,3.0834,0.0183,0.1018,2.9314,0.2272,5.5449,113.1998,2.428,3.4531,0.2645
18-Oct-21,4.164,5.717,4.8227,3.64,4.5024,3.083,3.3602,3.0839,53.5346,12.4373,8.1888,14.8674,0.3509,0.0295,111.0163,5.8791,0.6468,3.0839,0.0183,0.1019,2.9448,0.2269,5.5339,113.3632,2.4315,3.458,0.2652
20-Oct-21,4.1555,5.7377,4.8387,3.6288,4.4971,3.1131,3.3665,3.0929,53.4401,12.4342,8.1809,14.9215,0.3537,0.0295,110.7808,5.8837,0.6503,3.0929,0.0183,0.1017,2.9805,0.2296,5.532,113.1318,2.4073,3.4471,0.2643
21-Oct-21,4.1565,5.7493,4.8486,3.6393,4.5253,3.1311,3.3797,3.0964,53.466,12.467,8.1773,14.9123,0.3538,0.0294,110.8075,5.8768,0.6504,3.0964,0.0183,0.1018,2.9958,0.2296,5.5519,113.159,2.3943,3.4695,0.2647
22-Oct-21,4.158,5.7362,4.8345,3.645,4.5302,3.1087,3.3675,3.0906,53.4798,12.4528,8.1722,14.9134,0.3529,0.0294,110.8564,5.8827,0.6498,3.0906,0.0183,0.1018,2.98,0.2297,5.5579,113.1998,2.3952,3.4712,0.2648
25-Oct-21,4.1495,5.7186,4.84,3.6516,4.5342,3.1067,3.3611,3.0864,53.3801,12.5287,8.1764,14.8898,0.3551,0.0293,110.6297,5.8716,0.6501,3.0864,0.0182,0.1016,2.9731,0.2305,5.5377,112.9684,2.3783,3.4628,0.2643
26-Oct-21,4.147,5.7086,4.8109,3.6404,4.5042,3.1161,3.3512,3.079,53.3431,12.5249,8.1571,14.8996,0.3558,0.0293,110.5631,5.8658,0.6497,3.079,0.0182,0.1015,2.9755,0.2317,5.5264,112.9004,2.3745,3.4521,0.2636
27-Oct-21,4.149,5.713,4.8135,3.6396,4.5125,3.1203,3.3483,3.0771,53.35,12.467,8.1664,14.9207,0.3547,0.0292,110.6164,5.87,0.6498,3.0771,0.0182,0.1016,2.9709,0.2344,5.5311,112.9548,2.3668,3.4592,0.264
28-Oct-21,4.153,5.7087,4.8196,3.655,4.5218,3.1175,3.3561,3.0817,53.4,12.4865,8.1812,14.927,0.3549,0.0292,110.723,5.8661,0.6491,3.0817,0.0183,0.1018,2.9808,0.2401,5.5421,113.0637,2.3861,3.4594,0.2644
29-Oct-21,4.144,5.7166,4.8385,3.6477,4.5454,3.1277,3.3553,3.0825,53.284,12.4857,8.1956,14.9006,0.3545,0.0293,110.4743,5.8575,0.6484,3.0825,0.0182,0.1016,2.9783,0.2409,5.5408,112.8187,2.409,3.4568,0.2638
1-Nov-21,4.1465,5.6722,4.7894,3.6308,4.523,3.1126,3.3483,3.0721,53.2945,12.4035,8.1995,14.8828,0.3519,0.0291,110.5468,5.8689,0.6475,3.0721,0.0182,0.1017,2.9726,0.2411,5.53,112.8883,2.4192,3.4609,0.2641
2-Nov-21,4.149,5.6642,4.8124,3.6409,4.5596,3.1138,3.3511,3.0789,53.3229,12.4482,8.2201,14.8987,0.3528,0.0291,110.6105,5.8535,0.6483,3.0789,0.0182,0.1017,2.9761,0.238,5.5409,112.9548,2.414,3.4636,0.2637
3-Nov-21,4.1535,5.6621,4.811,3.6497,4.5456,3.089,3.3446,3.0788,53.3745,12.458,8.2132,14.894,0.3515,0.0291,110.7275,5.8659,0.6491,3.0788,0.0183,0.1018,2.9571,0.2379,5.5628,113.0773,2.4379,3.476,0.2646
5-Nov-21,4.1595,5.6149,4.803,3.6582,4.5554,3.0766,3.3379,3.0764,53.4341,12.476,8.2489,14.8995,0.351,0.0289,110.8875,5.8629,0.6498,3.0764,0.0183,0.1019,2.9522,0.2382,5.587,113.2407,2.4457,3.4914,0.2649
8-Nov-21,4.1555,5.6014,4.8029,3.6562,4.5492,3.074,3.3363,3.0762,53.3766,12.5506,8.2705,14.9162,0.3503,0.0291,110.7867,5.8487,0.6495,3.0762,0.0183,0.1017,2.9618,0.238,5.597,113.1318,2.4476,3.4881,0.2645
9-Nov-21,4.152,5.6289,4.8103,3.6794,4.5506,3.0729,3.3339,3.0823,53.2994,12.6624,8.3011,14.953,0.3522,0.0292,110.7052,5.8553,0.6491,3.0823,0.0183,0.1016,2.9687,0.2366,5.6144,113.0365,2.4381,3.5059,0.264
10-Nov-21,4.1513,5.6283,4.8088,3.6786,4.5518,3.0578,3.3363,3.0806,53.2946,12.6678,8.2975,14.967,0.3511,0.0291,110.6882,5.8597,0.6493,3.0806,0.0183,0.1016,2.952,0.2359,5.6009,113.0161,2.4223,3.5042,0.2642
11-Nov-21,4.1625,5.5809,4.7771,3.6512,4.5323,3.0413,3.3277,3.0722,53.4243,12.6597,8.2877,14.9515,0.3511,0.0291,110.9822,5.8669,0.6498,3.0722,0.0184,0.1019,2.9333,0.2356,5.5897,113.3224,2.4131,3.4972,0.2651
12-Nov-21,4.1678,5.5683,4.7675,3.6478,4.5172,3.0354,3.3089,3.0738,53.4855,12.6988,8.3197,14.9704,0.3532,0.0293,111.1252,5.8546,0.6516,3.0738,0.0184,0.1021,2.9183,0.2357,5.6043,113.4684,2.3987,3.4957,0.2651
15-Nov-21,4.1585,5.584,4.7646,3.6525,4.5233,3.0521,3.3172,3.0759,53.3651,12.7094,8.327,14.9651,0.3522,0.0293,110.8786,5.8402,0.6516,3.0759,0.0184,0.1019,2.9311,0.2351,5.5905,113.2165,2.3678,3.4915,0.2648
16-Nov-21,4.161,5.5897,4.7363,3.6442,4.5037,3.0619,3.328,3.0773,53.4373,12.7209,8.2748,14.9841,0.3533,0.0293,110.9393,5.8459,0.6529,3.0773,0.0184,0.102,2.936,0.2351,5.5904,113.2846,2.3764,3.4914,0.2643
17-Nov-21,4.1795,5.6066,4.718,3.6378,4.4844,3.0404,3.323,3.0749,53.668,12.7307,8.2894,15.0164,0.3526,0.0293,111.4296,5.8563,0.6541,3.0749,0.0184,0.1024,2.9196,0.2373,5.6097,113.7883,2.3938,3.512,0.266
18-Nov-21,4.1798,5.6395,4.7348,3.6634,4.5045,3.0378,3.3123,3.0814,53.6605,12.8135,8.3163,15.0356,0.3541,0.0294,111.4333,5.8489,0.6555,3.0814,0.0184,0.1024,2.9359,0.2373,5.6337,113.7951,2.3868,3.5171,0.2659
19-Nov-21,4.183,5.6412,4.75,3.6576,4.5139,3.0421,3.3194,3.0813,53.6953,12.8313,8.3066,15.0468,0.3528,0.0294,111.5169,5.8594,0.655,3.0813,0.0185,0.1025,2.9438,0.2375,5.6356,113.8836,2.3876,3.5215,0.2664
22-Nov-21,4.188,5.6268,4.7203,3.67,4.5076,3.0334,3.3121,3.0752,53.7505,12.745,8.2693,15.0648,0.3527,0.0294,111.6473,5.857,0.656,3.0752,0.0185,0.1026,2.9278,0.2375,5.6349,114.0197,2.3952,3.5257,0.2668
23-Nov-21,4.1905,5.6138,4.7089,3.6412,4.4934,3.0285,3.2983,3.0672,53.7806,12.6678,8.2747,15.0716,0.3524,0.0294,111.7109,5.8569,0.6563,3.0672,0.0185,0.1027,2.907,0.2369,5.6263,114.0878,2.3912,3.5202,0.2666
24-Nov-21,4.21,5.629,4.7301,3.6585,4.5065,3.0337,3.3177,3.0805,54.0197,12.6294,8.3259,15.1423,0.3538,0.0295,112.2248,5.8719,0.6586,3.0805,0.0186,0.1032,2.9091,0.2379,5.649,114.6171,2.402,3.5353,0.2678
25-Nov-21,4.2275,5.6431,4.7409,3.6643,4.5274,3.0453,3.3415,3.089,54.2206,12.6819,8.3767,15.2101,0.3553,0.0296,112.7003,5.8927,0.6617,3.089,0.0186,0.1036,2.9068,0.2381,5.6715,115.0935,2.4068,3.5513,0.2689
26-Nov-21,4.2425,5.643,4.7601,3.6989,4.5457,3.03,3.3377,3.0948,54.4095,12.651,8.4177,15.2444,0.3554,0.0296,113.0881,5.9136,0.6638,3.0948,0.0187,0.104,2.8947,0.2384,5.6875,115.5019,2.4166,3.5584,0.2699
29-Nov-21,4.2395,5.653,4.7826,3.7292,4.5808,3.0293,3.3285,3.0942,54.3588,12.5671,8.4192,15.2379,0.3553,0.0296,113.0081,5.9094,0.6642,3.0942,0.0187,0.1039,2.8977,0.2379,5.6625,115.4202,2.4068,3.5388,0.2699
30-Nov-21,4.2265,5.6301,4.7753,3.7184,4.5813,3.0205,3.3191,3.0883,54.1883,12.5397,8.4043,15.2433,0.3559,0.0295,112.6646,5.9088,0.6633,3.0883,0.0186,0.1036,2.8859,0.2372,5.6395,115.0663,2.3946,3.5172,0.2689
1-Dec-21,4.205,5.5981,4.7636,3.707,4.5682,3.0099,3.3001,3.0828,53.94,12.4722,8.3491,15.1761,0.3566,0.0293,112.0855,5.8904,0.6609,3.0828,0.0185,0.103,2.8813,0.2356,5.6087,114.481,2.3879,3.4964,0.267
2-Dec-21,4.2265,5.6202,4.789,3.7381,4.5965,3.0067,3.3011,3.0958,54.2335,12.4989,8.3826,15.2413,0.359,0.0294,112.6586,5.915,0.6636,3.0958,0.0186,0.1036,2.8829,0.2379,5.6345,115.0663,2.41,3.5263,0.269
3-Dec-21,4.2285,5.618,4.7757,3.7359,4.5925,2.9898,3.2982,3.0873,54.2787,12.4919,8.3945,15.2499,0.3587,0.0294,112.7179,5.9221,0.6636,3.0873,0.0186,0.1036,2.8705,0.238,5.6374,115.1207,2.3924,3.5238,0.2692
6-Dec-21,4.224,5.5907,4.7702,3.7382,4.5898,2.9652,3.2943,3.0852,54.1795,12.462,8.3901,15.2453,0.3571,0.0293,112.598,5.9076,0.6632,3.0852,0.0183,0.1034,2.8535,0.2378,5.6166,114.9982,2.3908,3.5121,0.2689
7-Dec-21,4.2315,5.6213,4.7778,3.7264,4.5786,2.9898,3.3205,3.094,54.2448,12.5063,8.4209,15.2492,0.3582,0.0294,112.7979,5.9156,0.6641,3.094,0.0183,0.1036,2.858,0.2389,5.614,115.2024,2.3941,3.5064,0.2692
8-Dec-21,4.2195,5.5953,4.7647,3.7184,4.569,3.0112,3.3387,3.0945,54.1104,12.5974,8.3903,15.2054,0.359,0.0294,112.478,5.8914,0.6641,3.0945,0.0184,0.1033,2.8682,0.2382,5.5975,114.8757,2.3873,3.4956,0.2686
9-Dec-21,4.211,5.5617,4.7732,3.7051,4.5732,3.0176,3.3254,3.0892,54.0017,12.6002,8.3718,15.2077,0.3587,0.0294,112.2484,5.8835,0.6637,3.0892,0.0183,0.1031,2.8664,0.2377,5.5806,114.6443,2.3714,3.4879,0.2679
10-Dec-21,4.2175,5.5795,4.7649,3.7149,4.5654,3.0187,3.321,3.088,54.0826,12.5952,8.3834,15.2158,0.3584,0.0293,112.4247,5.8952,0.6626,3.088,0.0183,0.1031,2.8687,0.2381,5.5786,114.8213,2.3787,3.4902,0.2685
13-Dec-21,4.2085,5.5765,4.7541,3.7061,4.5655,3.0185,3.3097,3.0826,53.9714,12.6154,8.3651,15.1745,0.3573,0.0293,112.1848,5.8749,0.6615,3.0826,0.0183,0.103,2.8588,0.2376,5.5655,114.5762,2.3677,3.4715,0.268
14-Dec-21,4.2335,5.5848,4.7726,3.7265,4.5844,3.0049,3.3008,3.0927,54.2593,12.6695,8.4081,15.2268,0.3578,0.0295,112.8512,5.9138,0.6651,3.0927,0.0184,0.1037,2.8538,0.239,5.5807,115.2569,2.3764,3.4921,0.2695
15-Dec-21,4.233,5.6009,4.7661,3.7205,4.5797,3.0092,3.2945,3.0903,54.2581,12.6718,8.4046,15.2162,0.3567,0.0295,112.8349,5.9206,0.6651,3.0903,0.0184,0.1034,2.8497,0.2389,5.5653,115.2433,2.3761,3.4871,0.269
16-Dec-21,4.231,5.6071,4.7751,3.707,4.5773,3.0279,3.2925,3.0959,54.2137,12.645,8.4283,15.203,0.3576,0.0295,112.7785,5.9088,0.6645,3.0959,0.0184,0.1036,2.8621,0.2388,5.5499,115.1888,2.3746,3.4687,0.2695
17-Dec-21,4.2105,5.6086,4.7692,3.709,4.5806,3.0154,3.2882,3.0843,53.9728,12.6044,8.4256,15.1261,0.3547,0.0293,112.1992,5.8855,0.661,3.0843,0.0184,0.103,2.853,0.2377,5.526,114.6307,2.3628,3.4585,0.2675
20-Dec-21,4.226,5.5895,4.7536,3.7232,4.5751,3.0068,3.2764,3.0904,54.1555,12.6281,8.4655,15.1802,0.3552,0.0294,112.6483,5.9101,0.6625,3.0904,0.0184,0.1034,2.8407,0.2386,5.5518,115.0527,2.3702,3.4712,0.2692
21-Dec-21,4.2115,5.5644,4.7514,3.7052,4.5695,2.9952,3.2585,3.0832,53.9984,12.5026,8.4365,15.1313,0.3533,0.0293,112.193,5.8784,0.6607,3.0832,0.0184,0.1031,2.831,0.238,5.5611,114.6579,2.363,3.4675,0.2683
22-Dec-21,4.21,5.581,4.7474,3.6893,4.556,3.0024,3.2609,3.0847,53.9719,12.4575,8.4133,15.1325,0.3534,0.0295,112.1351,5.8807,0.6607,3.0847,0.0183,0.103,2.8409,0.2379,5.571,114.6187,2.3576,3.4802,0.2679
23-Dec-21,4.206,5.6146,4.7692,3.6854,4.5747,3.0304,3.2744,3.0894,53.9324,12.5123,8.3827,15.1557,0.3544,0.0295,112.0286,5.8785,0.6602,3.0894,0.0183,0.1029,2.8634,0.2377,5.5764,114.5097,2.3543,3.4792,0.2681
24-Dec-21,4.201,5.6327,4.7593,3.6743,4.577,3.0363,3.2768,3.0914,53.8662,12.531,8.3995,15.1486,0.3541,0.0295,111.8775,5.8797,0.6595,3.0914,0.0183,0.1028,2.8613,0.2374,5.5942,114.3736,2.3535,3.4896,0.2674
27-Dec-21,4.1865,5.616,4.7406,3.6587,4.5538,3.0304,3.2693,3.0866,53.6786,12.4858,8.3538,15.1137,0.3531,0.0294,111.4824,5.8594,0.6572,3.0866,0.0183,0.1025,2.8567,0.2366,5.5723,113.9789,2.3438,3.4876,0.2665
28-Dec-21,4.1835,5.6191,4.738,3.6412,4.5604,3.0268,3.2698,3.0854,53.6391,12.4676,8.3196,15.1225,0.3525,0.0294,111.3966,5.8552,0.6565,3.0854,0.0183,0.1024,2.849,0.2364,5.5818,113.8972,2.3434,3.4863,0.2661
29-Dec-21,4.1815,5.6172,4.7278,3.641,4.559,3.0241,3.2626,3.0881,53.6231,12.4579,8.2167,15.1325,0.3525,0.0293,111.3285,5.8524,0.6563,3.0881,0.0183,0.1024,2.8472,0.2363,5.5934,113.8427,2.3406,3.5006,0.2658
30-Dec-21,4.1705,5.6248,4.7283,3.6249,4.5557,3.0267,3.2606,3.0854,53.4758,12.494,8.171,15.0799,0.3517,0.0292,111.0875,5.837,0.6548,3.0854,0.0183,0.1021,2.8535,0.2357,5.5931,113.5432,2.3354,3.4875,0.2655
31-Dec-21,4.176,5.6361,4.7256,3.6286,4.5672,3.0289,3.2766,3.0896,53.5505,12.5011,8.1902,15.04,0.3507,0.0293,111.2295,5.8447,0.6552,3.0896,0.0183,0.1022,2.8497,0.236,5.6109,113.693,2.3428,3.5073,0.2658
3-Jan-22,4.171,5.6306,4.7335,3.6183,4.5627,3.0233,3.2898,3.0877,53.4843,12.4862,8.1792,15.085,0.3499,0.0292,111.0579,5.8377,0.6562,3.0877,0.0183,0.1021,2.8492,0.2357,5.6084,113.5569,2.3672,3.507,0.2655
4-Jan-22,4.1815,5.6302,4.7241,3.6138,4.5518,3.0119,3.281,3.0865,53.6344,12.5533,8.1566,15.1528,0.35,0.0292,111.3804,5.8582,0.6562,3.0865,0.0184,0.1023,2.8378,0.2363,5.6124,113.8427,2.3686,3.519,0.2655
5-Jan-22,4.1905,5.671,4.7336,3.6119,4.574,3.0318,3.2961,3.0911,53.7716,12.6258,8.1886,15.175,0.3497,0.0292,111.586,5.8523,0.6576,3.0911,0.0184,0.1025,2.8529,0.2368,5.619,114.0878,2.3722,3.5129,0.2664
6-Jan-22,4.202,5.6887,4.7546,3.6266,4.5803,3.0221,3.2873,3.0935,53.8901,12.5997,8.2118,15.207,0.3504,0.0292,111.8728,5.8792,0.6592,3.0935,0.0185,0.1028,2.8443,0.2375,5.6424,114.4008,2.3787,3.5315,0.2674
7-Jan-22,4.2025,5.6938,4.7484,3.6271,4.5615,3.0117,3.3055,3.0927,53.8723,12.5168,8.2064,15.1868,0.3496,0.0293,111.9324,5.8768,0.6591,3.0927,0.0185,0.1028,2.8388,0.2375,5.6482,114.4145,2.373,3.5259,0.2674
10-Jan-22,4.2013,5.7068,4.7632,3.6279,4.5656,3.0207,3.3226,3.0993,53.8819,12.4648,8.1788,15.1615,0.3499,0.0293,111.9885,5.8741,0.6591,3.0993,0.0185,0.1028,2.8451,0.2374,5.6651,114.3789,2.3769,3.5336,0.2675
11-Jan-22,4.1928,5.6992,4.7552,3.6342,4.5251,3.0146,3.3152,3.096,53.7749,12.5175,8.1914,15.1469,0.3512,0.0293,111.6965,5.8696,0.6581,3.096,0.0185,0.1026,2.8387,0.2369,5.6706,114.149,2.3725,3.5391,0.2665
12-Jan-22,4.1825,5.7068,4.7574,3.6251,4.5302,3.0193,3.3325,3.0971,53.6441,12.5318,8.1658,15.1118,0.3513,0.0293,111.4234,5.8571,0.6571,3.0971,0.0184,0.1023,2.841,0.2364,5.6703,113.87,2.3673,3.5368,0.2662
13-Jan-22,4.1795,5.7307,4.7824,3.6489,4.57,3.0462,3.3439,3.1044,53.6414,12.5605,8.1615,15.1119,0.3516,0.0292,111.3524,5.8591,0.657,3.1044,0.0184,0.1023,2.8661,0.2362,5.6578,113.7883,2.3714,3.534,0.2662
14-Jan-22,4.1785,5.7358,4.7942,3.6742,4.59,3.0397,3.3408,3.1055,53.6562,12.5726,8.1819,15.1274,0.3517,0.0292,111.3317,5.8808,0.657,3.1055,0.0184,0.1022,2.8646,0.2361,5.6462,113.7611,2.3691,3.5347,0.2663
17-Jan-22,4.1845,5.7236,4.7781,3.657,4.576,3.0177,3.3373,3.1024,53.7398,12.5869,8.1641,15.1882,0.351,0.0292,111.5094,5.8914,0.6592,3.1024,0.0184,0.1024,2.8469,0.2365,5.6404,113.9229,2.3755,3.5268,0.2668
19-Jan-22,4.1925,5.7012,4.7491,3.6598,4.573,3.0123,3.3528,3.1037,53.8124,12.6223,8.1471,15.171,0.3513,0.0292,111.7434,5.8846,0.66,3.1037,0.0184,0.1026,2.8425,0.2369,5.6142,114.1422,2.3798,3.5137,0.2664
20-Jan-22,4.1855,5.7036,4.752,3.6588,4.5728,3.0286,3.3496,3.1076,53.7267,12.6891,8.1319,15.1336,0.3514,0.0292,111.5717,5.869,0.6598,3.1076,0.0185,0.1025,2.8325,0.2365,5.6252,113.9516,2.3742,3.5146,0.2664
21-Jan-22,4.1865,5.692,4.7416,3.6806,4.5727,3.0109,3.3416,3.1099,53.7596,12.6729,8.1398,15.1088,0.3507,0.0292,111.6043,5.8711,0.66,3.1099,0.0185,0.1025,2.8184,0.2366,5.6174,113.9789,2.3708,3.5119,0.266
24-Jan-22,4.1835,5.6709,4.7393,3.6741,4.5779,3.004,3.3307,3.1111,53.7259,12.6638,8.155,15.1075,0.3505,0.0292,111.5273,5.8654,0.6606,3.1111,0.0185,0.1025,2.8101,0.2364,5.6243,113.8972,2.377,3.5135,0.2663
25-Jan-22,4.188,5.6437,4.7377,3.681,4.5756,2.9919,3.3117,3.1183,53.7927,12.6736,8.1645,15.1055,0.3491,0.0292,111.6473,5.867,0.6616,3.1183,0.0185,0.1026,2.7978,0.2367,5.6113,114.0197,2.3735,3.5103,0.2666
26-Jan-22,4.1905,5.6609,4.7376,3.6802,4.5676,2.9996,3.3239,3.1184,53.8261,12.7197,8.1822,15.114,0.3501,0.0292,111.7139,5.862,0.6627,3.1184,0.0185,0.1027,2.8001,0.2368,5.6047,114.0878,2.3742,3.5023,0.2662
27-Jan-22,4.203,5.6472,4.7162,3.6658,4.5462,2.9759,3.3076,3.1125,53.9569,12.6807,8.1731,15.1089,0.3495,0.0292,112.0412,5.8831,0.6623,3.1125,0.0186,0.103,2.7782,0.2375,5.5964,114.4281,2.3733,3.5127,0.267
28-Jan-22,4.192,5.6173,4.6755,3.634,4.5063,2.9505,3.2946,3.0985,53.8095,12.6132,8.1783,15.0764,0.348,0.0292,111.7301,5.8354,0.6595,3.0985,0.0185,0.1028,2.756,0.2369,5.58,114.1286,2.369,3.4898,0.2663
31-Jan-22,4.189,5.6177,4.6753,3.6257,4.4985,2.9357,3.2895,3.0903,53.7254,12.5288,8.184,15.044,0.346,0.0291,111.6501,5.8258,0.6585,3.0903,0.0185,0.1027,2.7492,0.2367,5.5876,114.0469,2.37,3.4888,0.2666
3-Feb-22,4.1815,5.6722,4.7272,3.6544,4.5493,2.9808,3.2993,3.1036,53.6437,12.6044,8.2087,15.0335,0.3469,0.0291,111.4561,5.8571,0.6574,3.1036,0.0185,0.1025,2.7734,0.2363,5.5857,113.8427,2.3702,3.4919,0.2662
4-Feb-22,4.1795,5.6879,4.7905,3.6372,4.5434,2.9863,3.2987,3.1117,53.6332,12.6594,8.1899,15.0358,0.3483,0.0291,111.4028,5.8479,0.6571,3.1117,0.0185,0.1025,2.7902,0.2362,5.5934,113.7883,2.3761,3.4892,0.2656
7-Feb-22,4.1858,5.6608,4.7856,3.6303,4.5229,2.9618,3.2844,3.1088,53.7186,12.7014,8.1633,15.0372,0.3487,0.0291,111.5754,5.8878,0.6583,3.1088,0.0185,0.1026,2.767,0.2365,5.6021,113.9569,2.3984,3.5021,0.2664
8-Feb-22,4.1865,5.6662,4.7852,3.6294,4.5299,2.9864,3.301,3.1155,53.6979,12.7114,8.1434,15.0453,0.3497,0.0291,111.5894,5.8805,0.6583,3.1155,0.0184,0.1026,2.7823,0.2366,5.6066,113.9789,2.3988,3.5028,0.2665
9-Feb-22,4.185,5.6747,4.7835,3.6264,4.5278,2.9969,3.2968,3.1138,53.6989,12.7262,8.1507,15.0356,0.35,0.0291,111.5494,5.8743,0.6579,3.1138,0.0184,0.1026,2.7857,0.2365,5.6068,113.938,2.3997,3.499,0.2661
10-Feb-22,4.185,5.6634,4.783,3.622,4.5302,2.9998,3.301,3.1159,53.6996,12.7806,8.1627,15.038,0.3499,0.0292,111.5494,5.8758,0.6582,3.1159,0.0184,0.1025,2.7956,0.2365,5.5907,113.938,2.3983,3.4962,0.266
11-Feb-22,4.1883,5.6709,4.7717,3.6065,4.5173,2.9904,3.2889,3.1153,53.689,12.814,8.1603,15.0381,0.3493,0.0292,111.6361,5.88,0.6584,3.1153,0.0185,0.1026,2.786,0.2367,5.558,114.0265,2.3906,3.4928,0.2666
14-Feb-22,4.192,5.6739,4.755,3.6293,4.5312,2.9834,3.2918,3.112,53.7405,12.8412,8.1596,15.0369,0.3495,0.0292,111.736,5.8783,0.6592,3.112,0.0184,0.1027,2.7749,0.2369,5.5449,114.1286,2.403,3.4755,0.2669
15-Feb-22,4.1865,5.6675,4.7379,3.627,4.5296,2.9837,3.2862,3.1089,53.6535,12.9433,8.1533,15.0178,0.3496,0.0293,111.5954,5.858,0.6589,3.1089,0.0184,0.1026,2.7736,0.2366,5.5353,113.9773,2.3737,3.4606,0.266
16-Feb-22,4.189,5.6717,4.7526,3.6207,4.5264,2.996,3.2932,3.1124,53.6927,12.947,8.1689,15.0337,0.35,0.0293,111.6382,5.8681,0.6607,3.1124,0.0184,0.1027,2.7798,0.2367,5.5667,114.0469,2.3747,3.4753,0.2665
17-Feb-22,4.185,5.6749,4.7437,3.6336,4.5366,2.9952,3.2888,3.1127,53.6446,12.9747,8.1595,15.0092,0.3491,0.0293,111.5286,5.8706,0.6606,3.1121,0.0184,0.1026,2.7916,0.2365,5.5679,113.938,2.3745,3.4839,0.2664
18-Feb-22,4.1845,5.6959,4.7565,3.6344,4.5432,3.0143,3.2961,3.1153,53.6461,13.0176,8.1569,15.0084,0.35,0.0292,111.5153,5.8714,0.6605,3.1153,0.0183,0.1026,2.8078,0.2365,5.576,113.9244,2.3763,3.4817,0.2659
21-Feb-22,4.1865,5.7018,4.7561,3.6419,4.5505,3.0174,3.2886,3.1137,53.6734,13.036,8.1449,15.0275,0.3507,0.0292,111.5716,5.8747,0.6617,3.1137,0.0183,0.1026,2.8123,0.2366,5.6127,113.9789,2.3747,3.5044,0.2665
22-Feb-22,4.1845,5.6853,4.7251,3.6509,4.5682,3.0082,3.278,3.1047,53.6347,12.8932,8.1316,15.0084,0.3499,0.0291,111.5287,5.8719,0.6598,3.1047,0.0183,0.1026,2.8051,0.2365,5.5966,113.9244,2.3736,3.51,0.2663
23-Feb-22,4.1845,5.6884,4.7394,3.6379,4.5449,3.0241,3.282,3.1106,53.6265,12.9012,8.1601,15.0111,0.3511,0.0291,111.5302,5.867,0.6614,3.1106,0.0183,0.1026,2.8298,0.2365,5.6068,113.9244,2.3708,3.4926,0.2663
24-Feb-22,4.196,5.6707,4.7155,3.6584,4.5713,3.0152,3.286,3.1045,53.7387,12.9327,8.1718,14.998,0.3495,0.0292,111.8337,5.8846,0.6642,3.1045,0.0184,0.1029,2.8197,0.2371,5.5917,114.2375,2.3774,3.5173,0.2669
25-Feb-22,4.198,5.6348,4.7089,3.6427,4.5448,3.0161,3.2825,3.1047,53.765,12.8951,8.1832,14.9774,0.3489,0.0292,111.893,5.8528,0.6644,3.1047,0.0184,0.103,2.816,0.2372,5.576,114.2919,2.3751,3.468,0.2666
28-Feb-22,4.201,5.6073,4.6845,3.6364,4.5318,3.0142,3.28,3.0895,53.7714,12.8255,8.17,14.9662,0.348,0.0292,111.9759,5.8572,0.6656,3.0895,0.0184,0.103,2.8054,0.2374,5.5466,114.3736,2.3681,3.4872,0.2674
1-Mar-22,4.195,5.6242,4.6953,3.6432,4.5667,3.0422,3.308,3.0923,53.673,12.8543,8.1826,14.9464,0.3494,0.0292,111.816,5.8514,0.6646,3.0923,0.0184,0.1029,2.8329,0.2371,5.5699,114.2103,2.3617,3.4799,0.267
2-Mar-22,4.192,5.5833,4.6611,3.6438,4.5575,3.048,3.2953,3.0867,53.6346,12.8255,8.1564,14.9458,0.3477,0.0292,111.733,5.8468,0.6641,3.0867,0.0184,0.1028,2.8395,0.2369,5.5287,114.1286,2.36,3.4774,0.2668
3-Mar-22,4.1905,5.6125,4.6512,3.6239,4.5482,3.0551,3.3157,3.0894,53.6254,12.88,8.1408,14.9357,0.3482,0.0291,111.6931,5.8271,0.6632,3.0894,0.0184,0.1028,2.8378,0.2368,5.5326,114.0878,2.3585,3.4595,0.2661
4-Mar-22,4.1853,5.5817,4.6144,3.6281,4.5551,3.0711,3.2953,3.0799,53.5441,12.852,8.096,14.8851,0.3454,0.0291,111.5501,5.8168,0.6622,3.0799,0.0183,0.1026,2.8481,0.2365,5.5052,113.9448,2.348,3.4456,0.266
7-Mar-22,4.179,5.5198,4.543,3.6372,4.5419,3.0975,3.286,3.0656,53.469,12.7273,8.0211,14.7835,0.3406,0.029,111.3836,5.7885,0.661,3.0656,0.0183,0.1019,2.8802,0.2362,5.4421,113.7731,2.359,3.4292,0.2658
8-Mar-22,4.1803,5.4864,4.5431,3.6207,4.5163,3.0633,3.2651,3.0676,53.4501,12.6502,8.0166,14.7509,0.3386,0.0291,111.4139,5.7687,0.6622,3.0676,0.0183,0.1026,2.8564,0.2362,5.425,113.8087,2.3471,3.3946,0.2656
9-Mar-22,4.182,5.4818,4.5613,3.6103,4.5009,3.0412,3.2443,3.0633,53.4878,12.5983,7.9954,14.7373,0.3391,0.0291,111.4635,5.773,0.662,3.0633,0.0183,0.1027,2.8471,0.2363,5.4366,113.8563,2.3331,3.3985,0.2657
10-Mar-22,4.184,5.5093,4.6271,3.6015,4.5081,3.0639,3.2661,3.0803,53.5093,12.6539,8.0215,14.7495,0.3399,0.0292,111.5228,5.7879,0.662,3.0803,0.0183,0.1028,2.8593,0.2364,5.4833,113.9108,2.3342,3.4154,0.2658
11-Mar-22,4.1925,5.4884,4.6138,3.6001,4.5076,3.0794,3.2809,3.0842,53.5574,12.6299,8.0132,14.7686,0.3397,0.0293,111.7553,5.8106,0.6628,3.0842,0.0183,0.1031,2.8731,0.2369,5.4948,114.1422,2.339,3.4338,0.2667
14-Mar-22,4.2055,5.473,4.5861,3.5693,4.4921,3.05,3.2899,3.0784,53.7159,12.58,8.0181,14.7463,0.3389,0.0294,112.1018,5.8173,0.662,3.0784,0.0184,0.1034,2.8534,0.2377,5.4861,114.4961,2.3472,3.4317,0.267
15-Mar-22,4.2078,5.4894,4.6188,3.5558,4.484,3.0245,3.2818,3.0792,53.7598,12.5661,8.0308,14.7073,0.3388,0.0294,112.1588,5.7983,0.6599,3.0792,0.0184,0.1036,2.8388,0.2378,5.506,114.5574,2.3442,3.4348,0.2673
16-Mar-22,4.1995,5.4814,4.6058,3.5518,4.4685,3.0234,3.2904,3.0778,53.6773,12.5489,8.0312,14.6636,0.3383,0.0293,111.9359,5.7925,0.6602,3.0778,0.0184,0.1036,2.8414,0.2373,5.4956,114.3328,2.3386,3.4258,0.2673
17-Mar-22,4.19,5.5119,4.6237,3.5298,4.457,3.0637,3.3035,3.0862,53.5809,12.5958,8.033,14.7023,0.3434,0.0293,111.6768,5.788,0.6602,3.0862,0.0183,0.1036,2.8672,0.2368,5.5114,114.0741,2.3323,3.4336,0.2665
18-Mar-22,4.203,5.5309,4.6586,3.5386,4.488,3.1003,3.3304,3.1002,53.7351,12.6008,8.026,14.8275,0.3458,0.0293,112.0232,5.8138,0.661,3.1002,0.0184,0.1039,2.8933,0.2375,5.5244,114.4281,2.3379,3.4655,0.2674
21-Mar-22,4.2,5.5264,4.6393,3.5236,4.4994,3.1082,3.3315,3.0973,53.6752,12.5542,8.0229,14.7462,0.3462,0.0293,111.9522,5.8011,0.6598,3.0973,0.0184,0.1037,2.9001,0.2374,5.5249,114.3464,2.3237,3.4631,0.2667
22-Mar-22,4.2135,5.5414,4.6357,3.514,4.505,3.118,3.3503,3.102,53.8202,12.5309,8.038,14.748,0.3451,0.0294,112.3151,5.8226,0.6621,3.102,0.0184,0.104,2.9012,0.2381,5.5164,114.7139,2.3205,3.4596,0.2313
23-Mar-22,4.2195,5.6056,4.6524,3.4847,4.5179,3.1467,3.3548,3.1104,53.9133,12.6049,8.0579,14.7876,0.3482,0.0294,112.481,5.8215,0.6626,3.1104,0.0184,0.104,2.9355,0.2385,5.5467,114.8773,2.3159,3.4617,0.2276
24-Mar-22,4.227,5.5763,4.6434,3.4869,4.5361,3.1614,3.3606,3.1128,54.0202,12.5635,8.0718,14.7658,0.3468,0.0294,112.6869,5.8271,0.6633,3.1128,0.0185,0.1041,2.9411,0.2389,5.5322,115.0815,2.32,3.4622,0.2301
25-Mar-22,4.222,5.5756,4.6558,3.4719,4.552,3.1754,3.3698,3.1125,53.9618,12.5898,8.085,14.7463,0.3464,0.0294,112.5537,5.8186,0.6637,3.1125,0.0185,0.104,2.944,0.2386,5.5397,114.9454,2.3179,3.4553,0.2303
28-Mar-22,4.214,5.5435,4.6166,3.4239,4.5135,3.1712,3.3742,3.0975,53.8341,12.5137,8.0628,14.6391,0.3435,0.0294,112.3374,5.8128,0.6611,3.0975,0.0184,0.1037,2.9287,0.2381,5.5193,114.7276,2.3129,3.4562,0.2305
29-Mar-22,4.222,5.5293,4.6412,3.4276,4.5262,3.1591,3.3726,3.1024,53.9322,12.5152,8.1107,14.672,0.3461,0.0294,112.5447,5.8085,0.6628,3.1024,0.0185,0.1039,2.913,0.2385,5.5593,114.9454,2.3128,3.4648,0.2307
30-Mar-22,4.205,5.5117,4.6739,3.4562,4.5286,3.1611,3.366,3.1046,53.725,12.5804,8.0955,14.7327,0.3481,0.0293,112.0556,5.7945,0.6612,3.1046,0.0184,0.1035,2.9263,0.2376,5.5567,114.4825,2.3029,3.4588,0.2295
31-Mar-22,4.204,5.5142,4.6933,3.4365,4.5468,3.1473,3.3588,3.1061,53.6954,12.6,8.0932,14.686,0.3471,0.0293,112.0559,5.8154,0.6621,3.1061,0.0184,0.1035,2.9247,0.2376,5.5517,114.4553,2.301,3.4611,0.2301
1-Apr-22,4.209,5.5281,4.6573,3.4319,4.5513,3.1513,3.369,3.1027,53.738,12.6112,8.153,14.6579,0.346,0.0293,112.1951,5.8185,0.6627,3.1027,0.0184,0.1036,2.9162,0.2379,5.5427,114.5914,2.2851,3.4708,0.2303
4-Apr-22,4.2185,5.5328,4.6606,3.4371,4.5536,3.1698,3.3718,3.1086,53.8483,12.6019,8.1984,14.7145,0.3464,0.0294,112.4544,5.8231,0.663,3.1086,0.0185,0.1038,2.9266,0.2384,5.5646,114.8501,2.2871,3.4786,0.2312
5-Apr-22,4.2175,5.531,4.6279,3.4422,4.555,3.1794,3.3771,3.1085,53.8324,12.6027,8.2357,14.7275,0.3479,0.0294,112.4247,5.8074,0.6628,3.1085,0.0185,0.1038,2.9297,0.2383,5.5898,114.8228,2.2978,3.4891,0.2307
6-Apr-22,4.218,5.5142,4.598,3.4083,4.5321,3.1943,3.3743,3.1001,53.8172,12.608,8.2046,14.6555,0.3462,0.0294,112.441,5.8045,0.6624,3.1001,0.0184,0.1039,2.9288,0.2384,5.591,114.8365,2.2733,3.4998,0.2313
7-Apr-22,4.2183,5.5171,4.6008,3.4099,4.5231,3.1553,3.3593,3.1013,53.8162,12.5899,8.2123,14.6503,0.3461,0.0294,112.4567,5.7907,0.663,3.1013,0.0184,0.1039,2.9097,0.2384,5.5587,114.8433,2.2615,3.48,0.2304
8-Apr-22,4.2205,5.516,4.5852,3.4051,4.5146,3.1557,3.3533,3.0961,53.8528,12.5704,8.1975,14.6043,0.3447,0.0294,112.5257,5.7909,0.6634,3.0961,0.0185,0.104,2.9041,0.2281,5.5564,114.9045,2.239,3.4724,0.2301
11-Apr-22,4.2268,5.5009,4.6002,3.3851,4.516,3.1434,3.3524,3.0946,53.914,12.5572,8.1284,14.5725,0.343,0.0294,112.7043,5.7958,0.6632,3.0946,0.0185,0.1042,2.8856,0.2285,5.5666,115.0747,2.2909,3.4805,0.2303
12-Apr-22,4.233,5.5131,4.6034,3.3749,4.5453,3.1428,3.3474,3.1006,54.0041,12.5683,8.1205,14.514,0.3421,0.0295,112.877,5.8031,0.6645,3.1006,0.0185,0.1043,2.8897,0.2288,5.5718,115.2448,2.3085,3.4831,0.2296
13-Apr-22,4.2265,5.4999,4.5807,3.3673,4.5334,3.1551,3.35,3.0994,53.9311,12.5602,8.1404,14.5827,0.3448,0.0294,112.7037,5.7855,0.6639,3.0994,0.0185,0.1042,2.8945,0.2285,5.5533,115.0679,2.3207,3.4696,0.2285
14-Apr-22,4.2285,5.5543,4.612,3.3767,4.5334,3.154,3.3685,3.1256,53.9394,12.5661,8.1146,14.5866,0.3454,0.0295,112.757,5.7804,0.6641,3.1256,0.0185,0.1042,2.8851,0.2286,5.5531,115.1223,2.3375,3.4691,0.2297
15-Apr-22,4.2345,5.532,4.5754,3.3506,4.4874,3.1344,3.3573,3.115,53.9925,12.584,8.1136,14.5301,0.3439,0.0295,112.917,5.8079,0.6646,3.115,0.0185,0.1044,2.8674,0.2289,5.5481,115.2857,2.3382,3.474,0.2302
18-Apr-22,4.2483,5.5346,4.5851,3.3537,4.5007,3.1261,3.3614,3.1251,54.1596,12.6211,8.1322,14.5384,0.3444,0.0296,113.2836,5.8048,0.6665,3.1251,0.0185,0.1047,2.8586,0.2296,5.5592,115.66,2.3439,3.4752,0.2308
20-Apr-22,4.266,5.5635,4.6154,3.3236,4.4865,3.1622,3.3891,3.1252,54.3914,12.6306,8.1362,14.5762,0.3452,0.0297,113.76,5.8166,0.6668,3.125,0.0186,0.1051,2.8813,0.2306,5.5883,116.1433,2.3116,3.4923,0.231
21-Apr-22,4.287,5.5926,4.6433,3.341,4.5093,3.1837,3.4308,3.1389,54.655,12.6703,8.1766,14.6644,0.3463,0.0299,114.3109,5.8548,0.6653,3.1389,0.0187,0.1057,2.9068,0.2317,5.6139,116.715,2.3092,3.5092,0.2319
22-Apr-22,4.3075,5.609,4.6698,3.3531,4.5147,3.1645,3.4189,3.1578,54.9093,12.6934,8.2271,14.7139,0.3464,0.03,114.8544,5.8861,0.6659,3.1578,0.0188,0.1062,2.8869,0.2328,5.6468,117.2731,2.3078,3.5293,0.2318
25-Apr-22,4.3475,5.5672,4.6875,3.3866,4.5428,3.1237,3.4146,3.1638,55.4072,12.7924,8.2944,14.8025,0.3484,0.0301,115.9241,5.913,0.6647,3.1638,0.0189,0.1073,2.8702,0.235,5.6743,118.3605,2.3468,3.5464,0.234
26-Apr-22,4.348,5.5509,4.6663,3.3961,4.5355,3.1375,3.4262,3.1699,55.4143,12.7489,8.3199,14.8579,0.3485,0.0302,115.9188,5.8845,0.6655,3.1699,0.0189,0.1073,2.8853,0.235,5.6846,118.3757,2.3424,3.553,0.2343
27-Apr-22,4.3565,5.4807,4.6358,3.4108,4.5229,3.1206,3.405,3.1638,55.5244,12.6771,8.3394,14.8271,0.3452,0.0302,116.1455,5.8958,0.6645,3.1638,0.019,0.1074,2.8594,0.2355,5.6797,118.6072,2.3466,3.5498,0.2353
28-Apr-22,4.3615,5.4573,4.5835,3.3626,4.4899,3.0938,3.3964,3.15,55.5793,12.6631,8.3642,14.7832,0.3432,0.0301,116.2819,5.8822,0.6621,3.15,0.019,0.1075,2.8348,0.2358,5.6896,118.7433,2.3538,3.5561,0.2358
29-Apr-22,4.359,5.4413,4.5826,3.3365,4.4873,3.1071,3.4115,3.1481,55.5467,12.6678,8.329,14.7828,0.3442,0.0301,116.2152,5.8408,0.6559,3.1481,0.019,0.1074,2.8351,0.2356,5.6905,118.6752,2.353,3.5565,0.2358
5-May-22,4.3365,5.4555,4.6043,3.3592,4.4575,3.1416,3.4093,3.1574,55.2522,12.7217,8.2853,14.713,0.3463,0.0299,115.5953,5.8177,0.6566,3.1574,0.0189,0.1067,2.838,0.2344,5.6967,118.0627,2.3352,3.5599,0.2347
6-May-22,4.3725,5.4086,4.6056,3.3479,4.4337,3.1097,3.4071,3.1561,55.7067,12.7237,8.3313,14.7188,0.3433,0.0302,116.572,5.8814,0.6551,3.1561,0.019,0.1076,2.8102,0.2363,5.701,119.0428,2.3546,3.5626,0.2366
9-May-22,4.3795,5.3828,4.6029,3.344,4.4175,3.0711,3.3839,3.1485,55.7916,12.6942,8.3245,14.7101,0.3436,0.0302,116.7618,5.8742,0.6528,3.1485,0.0191,0.1078,2.7816,0.2367,5.6594,119.2333,2.3483,3.5371,0.2365
10-May-22,4.377,5.4133,4.6302,3.3603,4.4145,3.0508,3.3683,3.1527,55.7619,12.664,8.361,14.7314,0.3437,0.0301,116.6889,5.854,0.6525,3.1527,0.0191,0.1076,2.7733,0.2366,5.6657,119.1653,2.3245,3.5415,0.2369
11-May-22,4.3835,5.4053,4.6189,3.3617,4.4027,3.0511,3.37,3.1562,55.8418,12.6444,8.3883,14.7642,0.3436,0.0301,116.8622,5.8692,0.6523,3.1562,0.019,0.1077,2.7647,0.2369,5.6763,119.3422,2.3138,3.5474,0.2372
12-May-22,4.3865,5.3638,4.6155,3.3785,4.407,3.0368,3.3749,3.1527,55.8793,12.6276,8.3704,14.7065,0.3406,0.0301,116.939,5.8735,0.6499,3.1527,0.019,0.1077,2.7475,0.2371,5.6558,119.4239,2.2996,3.5351,0.2386
13-May-22,4.397,5.3723,4.5691,3.4062,4.3856,3.026,3.3813,3.1525,56.0131,12.666,8.3872,14.7565,0.3426,0.0301,117.2221,5.861,0.6474,3.1525,0.019,0.108,2.7486,0.2377,5.6869,119.7098,2.2943,3.5543,0.2401
17-May-22,4.395,5.4217,4.5886,3.3982,4.3856,3.0756,3.424,3.1603,55.9898,12.6703,8.3762,14.7788,0.3439,0.03,117.1656,5.8586,0.6482,3.1603,0.019,0.1079,2.7801,0.2376,5.6542,119.6553,2.2669,3.5338,0.2404
18-May-22,4.3945,5.4795,4.6287,3.403,4.419,3.077,3.4236,3.1666,55.9848,12.6844,8.3793,14.7963,0.3455,0.0299,117.1554,5.8844,0.651,3.1666,0.019,0.1079,2.7883,0.2375,5.6703,119.6417,2.2336,3.544,0.2404
19-May-22,4.4023,5.4517,4.6226,3.4191,4.4663,3.0866,3.433,3.1744,56.095,12.7187,8.4069,14.795,0.3459,0.0299,117.3589,5.8934,0.6514,3.1744,0.019,0.1081,2.7901,0.238,5.6673,119.8527,2.2256,3.5422,0.2411
20-May-22,4.3975,5.4744,4.6464,3.4459,4.5298,3.0818,3.427,3.1844,56.0287,12.751,8.3962,14.8239,0.3457,0.03,117.2323,5.8945,0.6536,3.1844,0.019,0.108,2.8005,0.2377,5.6713,119.7234,2.1977,3.5447,0.2406
23-May-22,4.3885,5.5047,4.6487,3.4453,4.5158,3.111,3.4288,3.1911,55.9134,12.7824,8.391,14.7925,0.3457,0.0299,116.9924,5.9,0.6567,3.1911,0.0189,0.1078,2.8319,0.2372,5.6498,119.4784,2.1888,3.5311,0.2401
24-May-22,4.3905,5.5171,4.686,3.4358,4.5429,3.112,3.4291,3.1948,55.936,12.8377,8.4045,14.8463,0.3475,0.03,117.0457,5.9258,0.6594,3.1948,0.0189,0.1078,2.8275,0.2373,5.6609,119.5328,2.1848,3.5382,0.2386
25-May-22,4.3925,5.5062,4.7061,3.4563,4.5646,3.125,3.4282,3.2004,55.9622,12.8473,8.3922,14.8471,0.3481,0.03,117.1052,5.9295,0.6587,3.2004,0.0189,0.1078,2.8578,0.2374,5.6677,119.5873,2.1902,3.5413,0.2372
26-May-22,4.3975,5.5351,4.7062,3.4516,4.5741,3.1187,3.4295,3.1995,56.023,12.8366,8.3922,14.9139,0.3474,0.0301,117.2354,5.9277,0.6545,3.1995,0.019,0.1079,2.848,0.2377,5.6719,119.7234,2.1738,3.5449,0.2364
27-May-22,4.3825,5.5434,4.7138,3.4558,4.5756,3.1289,3.4356,3.1981,55.8305,12.8284,8.3803,14.926,0.3493,0.0301,116.8199,5.9168,0.6505,3.1981,0.0189,0.1075,2.8563,0.2369,5.6481,119.315,2.1629,3.5289,0.2356
30-May-22,4.3705,5.5269,4.6961,3.4417,4.5683,3.1365,3.4397,3.1969,55.6815,12.8242,8.3646,15.0055,0.3506,0.0301,116.5156,5.8965,0.6566,3.1969,0.0188,0.1072,2.8631,0.2362,5.6403,118.9883,2.1842,3.525,0.235
31-May-22,4.3755,5.5204,4.7043,3.4161,4.5607,3.1449,3.4525,3.1947,55.7488,12.8042,8.3474,15.102,0.3537,0.03,116.652,5.9032,0.6564,3.1947,0.0189,0.1074,2.8622,0.2365,5.6358,119.1244,2.2018,3.5221,0.2352
1-Jun-22,4.387,5.5252,4.702,3.3972,4.5669,3.1501,3.4678,3.1965,55.917,12.7724,8.3646,15.0332,0.3522,0.0301,116.9711,5.9211,0.6559,3.1965,0.0189,0.1077,2.8531,0.2371,5.6547,119.4375,2.2034,3.5342,0.2358
2-Jun-22,4.393,5.482,4.6803,3.377,4.5594,3.148,3.4672,3.1912,55.9871,12.7639,8.3696,14.9462,0.3509,0.0302,117.1279,5.9268,0.6558,3.1912,0.0189,0.1079,2.8449,0.2375,5.6611,119.6009,2.2215,3.538,0.2358
3-Jun-22,4.386,5.5141,4.7167,3.3779,4.5797,3.1838,3.4887,3.1994,55.9086,12.7704,8.3131,15.0231,0.3538,0.0304,116.9351,5.9125,0.6585,3.1995,0.0189,0.1077,2.875,0.2371,5.6613,119.4103,2.2191,3.5374,0.2354
7-Jun-22,4.397,5.5,4.6969,3.3159,4.5265,3.1551,3.4912,3.1889,56.0438,12.7588,8.308,14.895,0.3499,0.0304,117.2252,5.9344,0.6598,3.1889,0.019,0.1079,2.8451,0.2377,5.6584,119.7098,2.1953,3.5364,0.2357
8-Jun-22,4.3925,5.5205,4.6929,3.3013,4.5065,3.163,3.5001,3.1945,55.9825,12.7319,8.3034,14.8853,0.3496,0.0303,117.0959,5.9069,0.6581,3.1945,0.0189,0.1079,2.838,0.2374,5.654,119.5873,2.167,3.5335,0.2351
9-Jun-22,4.392,5.5082,4.7126,3.279,4.4945,3.1537,3.497,3.1923,55.9629,12.7267,8.2966,14.8705,0.3498,0.0302,117.0794,5.9097,0.6579,3.1923,0.0189,0.1078,2.8335,0.2374,5.6489,119.5737,2.1933,3.5305,0.235
10-Jun-22,4.399,5.497,4.6779,3.2805,4.4927,3.124,3.4642,3.1855,56.0429,12.6928,8.3082,14.8685,0.3474,0.0302,117.291,5.9227,0.6574,3.1855,0.019,0.108,2.8154,0.2378,5.6535,119.7642,2.1782,3.5329,0.2351
13-Jun-22,4.415,5.426,4.6322,3.2724,4.4632,3.102,3.446,3.175,56.2438,12.6868,8.2907,14.8349,0.3428,0.0301,117.6894,5.9154,0.6553,3.175,0.019,0.1084,2.7991,0.2386,5.646,120.1998,2.1851,3.5278,0.2364
13-Jun-22,4.415,5.426,4.6322,3.2724,4.4632,3.102,3.446,3.175,56.2438,12.6868,8.2907,14.8349,0.3428,0.0301,117.6894,5.9154,0.6553,3.175,0.019,0.1084,2.7991,0.2386,5.646,120.1998,2.1851,3.5278,0.2364
14-Jun-22,4.424,5.3873,4.6129,3.2874,4.4424,3.0778,3.4331,3.1768,56.357,12.659,8.3056,14.8726,0.3426,0.03,117.923,5.8897,0.6565,3.1768,0.0191,0.1086,2.7741,0.2391,5.6685,120.4449,2.166,3.5429,0.2363
15-Jun-22,4.4193,5.3128,4.6148,3.2715,4.4219,3.0533,3.4118,3.1753,56.2965,12.6066,8.2789,14.911,0.342,0.03,117.787,5.8741,0.6576,3.1753,0.019,0.1085,2.7547,0.2389,5.6654,120.3155,2.1414,3.5396,0.2358
16-Jun-22,4.3993,5.3486,4.5941,3.2756,4.4211,3.0861,3.4133,3.1696,56.0439,12.5801,8.2445,14.7998,0.3423,0.0299,117.2508,5.859,0.6565,3.1696,0.0189,0.1079,2.7682,0.2378,5.6374,119.771,2.1227,3.5233,0.2344
17-Jun-22,4.402,5.4092,4.6313,3.2796,4.5346,3.0884,3.3957,3.1764,56.0768,12.4888,8.2323,14.7952,0.3416,0.0297,117.321,5.8518,0.6566,3.1764,0.019,0.108,2.7867,0.2379,5.6389,119.8459,2.1202,3.5243,0.2349
20-Jun-22,4.4015,5.3918,4.6343,3.2641,4.5555,3.0615,3.3847,3.1761,56.0704,12.4848,8.1532,14.8099,0.3412,0.0297,117.3045,5.8771,0.6593,3.1761,0.0189,0.108,2.7839,0.2379,5.649,119.8323,2.1035,3.5298,0.2343
21-Jun-22,4.399,5.402,4.633,3.2589,4.5505,3.0698,3.3986,3.1751,56.0386,12.4309,8.1058,14.8142,0.3412,0.0297,117.2379,5.8737,0.6581,3.1751,0.0189,0.1079,2.7918,0.2378,5.6388,119.7642,2.0929,3.5243,0.2343
22-Jun-22,4.402,5.3898,4.6269,3.2319,4.5534,3.0486,3.3952,3.1722,56.0768,12.4087,8.0763,14.7753,0.3397,0.0296,117.3178,5.8804,0.6554,3.1722,0.0189,0.108,2.7607,0.2379,5.631,119.8459,2.074,3.5193,0.2348
23-Jun-22,4.406,5.4007,4.6567,3.2554,4.5831,3.0368,3.3985,3.1736,56.1331,12.4367,8.0859,14.7743,0.3384,0.0297,117.4244,5.8753,0.6566,3.1736,0.019,0.1081,2.7577,0.2382,5.6303,119.9532,2.082,3.5189,0.2351
24-Jun-22,4.406,5.4086,4.6408,3.2713,4.5843,3.0417,3.3931,3.173,56.1328,12.3877,8.0321,14.8113,0.3393,0.0297,117.4213,5.875,0.6581,3.1731,0.0189,0.108,2.7725,0.2382,5.6323,119.9532,2.1112,3.5202,0.2347
27-Jun-22,4.406,5.4084,4.6512,3.2677,4.602,3.049,3.4224,3.1795,56.1367,12.4349,7.9913,14.8786,0.3434,0.0298,117.3932,5.8864,0.6589,3.1795,0.0189,0.1081,2.7789,0.2382,5.6264,119.9532,2.1147,3.5165,0.2348
28-Jun-22,4.3988,5.3995,4.6543,3.251,4.6017,3.0483,3.4196,3.1751,56.0561,12.4461,8.0225,14.8253,0.3421,0.0296,117.1937,5.8835,0.6568,3.1751,0.0189,0.1078,2.7717,0.2378,5.5997,119.7558,2.1173,3.4988,0.2343
29-Jun-22,4.4,5.37,4.6334,3.2311,4.6006,3.0386,3.4195,3.1711,56.0799,12.5481,8.0015,14.8288,0.3401,0.0296,117.2364,5.8798,0.6564,3.1711,0.0189,0.1078,2.7507,0.2378,5.5737,119.7898,2.1279,3.4835,0.2341
30-Jun-22,4.4055,5.343,4.6046,3.225,4.6172,3.0361,3.418,3.1656,56.14,12.4749,8.0392,14.8084,0.3394,0.0296,117.4143,5.872,0.6581,3.1656,0.0189,0.108,2.7398,0.2381,5.5808,119.9396,2.1497,3.488,0.2343
1-Jul-22,4.409,5.3455,4.6092,3.2629,4.6102,3.0122,3.4149,3.1657,56.1803,12.3953,7.9844,14.7794,0.3398,0.0295,117.5075,5.8542,0.6576,3.1657,0.0189,0.108,2.7265,0.2383,5.5735,120.0349,2.1547,3.4841,0.2345
4-Jul-22,4.412,5.333,4.6,3.2639,4.5992,3.0024,3.4208,3.1575,56.2318,12.3715,8.0138,14.8094,0.3401,0.0295,117.575,5.8675,0.6594,3.1575,0.0189,0.108,2.7361,0.2385,5.5838,120.1165,2.1561,3.4897,0.2346
5-Jul-22,4.417,5.3501,4.6089,3.2446,4.5979,3.0367,3.4343,3.1632,56.2923,12.3734,8.0189,14.8251,0.3399,0.0295,117.6972,5.8741,0.6599,3.1632,0.0189,0.1081,2.743,0.2388,5.588,120.2527,2.1586,3.4925,0.2341
6-Jul-22,4.425,5.2912,4.5418,3.2689,4.5696,3.0112,3.3942,3.1517,56.3906,12.29,7.9622,14.8316,0.3388,0.0295,117.8743,5.8557,0.6599,3.1517,0.0189,0.1083,2.7289,0.2392,5.5836,120.4705,2.1416,3.4896,0.2346
7-Jul-22,4.426,5.288,4.5158,3.2608,4.5676,3.0165,3.3995,3.1579,56.4005,12.2384,7.9262,14.8524,0.3405,0.0295,117.9009,5.8368,0.6604,3.1579,0.0189,0.1083,2.735,0.2392,5.6027,120.4977,2.1304,3.5019,0.2344
8-Jul-22,4.4255,5.321,4.4954,3.2638,4.546,3.0213,3.4006,3.1574,56.3891,12.2743,7.9013,14.8552,0.3401,0.0295,117.8876,5.8367,0.6599,3.1574,0.019,0.1082,2.731,0.2392,5.5854,120.4841,2.1343,3.491,0.2343
12-Jul-22,4.4365,5.2695,4.448,3.2325,4.5135,2.9869,3.4084,3.1537,56.5177,12.2226,7.8787,14.8294,0.3379,0.0296,118.1806,5.8335,0.6591,3.1537,0.019,0.1084,2.7134,0.2398,5.5754,120.7835,2.1389,3.4848,0.235
13-Jul-22,4.4315,5.2761,4.4479,3.2317,4.5134,3.0008,3.4066,3.1515,56.4565,12.2392,7.867,14.8231,0.3398,0.0296,118.0663,5.8041,0.6588,3.1515,0.0189,0.1083,2.7163,0.2395,5.5691,120.6474,2.1318,3.4801,0.2347
14-Jul-22,4.4415,5.2727,4.4564,3.2179,4.5254,3.0109,3.4227,3.1825,56.5821,12.249,7.9108,14.8729,0.3394,0.0296,118.3359,5.8272,0.6604,3.1825,0.019,0.1085,2.7226,0.2401,5.5683,120.9197,2.1124,3.4805,0.2353
15-Jul-22,4.4495,5.2638,4.4611,3.201,4.5265,2.9999,3.3945,3.17,56.6819,12.1265,7.8962,14.846,0.3361,0.0297,118.5269,5.8178,0.6576,3.17,0.019,0.1086,2.728,0.2405,5.5659,121.1375,2.1201,3.4788,0.2357
18-Jul-22,4.4493,5.2937,4.4955,3.2163,4.5605,3.0295,3.4242,3.1841,56.6787,12.1548,7.8922,14.8685,0.3385,0.0297,118.4887,5.8254,0.6595,3.1841,0.019,0.1086,2.7476,0.2405,5.5764,121.1307,2.1104,3.4851,0.2359
19-Jul-22,4.457,5.3228,4.5136,3.2296,4.5575,3.0479,3.4357,3.1901,56.7774,12.1444,7.9095,14.8889,0.3391,0.0297,118.7109,5.8622,0.6605,3.1901,0.019,0.1088,2.7489,0.2409,5.5745,121.3417,2.0611,3.4841,0.2356
20-Jul-22,4.449,5.3501,4.5571,3.2217,4.5944,3.0769,3.4589,3.198,56.6762,12.135,7.8981,14.8798,0.34,0.0297,118.482,5.873,0.6595,3.198,0.019,0.1085,2.7864,0.2405,5.565,121.1239,2.0063,3.4777,0.2353
21-Jul-22,4.4565,5.3389,4.5499,3.2227,4.5915,3.0708,3.461,3.2006,56.7826,12.1166,7.9114,14.8823,0.3392,0.0297,118.587,5.8667,0.6589,3.2006,0.019,0.1086,2.7735,0.2409,5.5706,121.328,1.9807,3.4808,0.2352
22-Jul-22,4.453,5.3278,4.5381,3.2349,4.5988,3.0779,3.456,3.2008,56.7301,12.0825,7.9045,14.8835,0.3394,0.0296,118.4939,5.8569,0.6581,3.2008,0.019,0.1085,2.772,0.2407,5.5736,121.2328,1.9574,3.4835,0.2354
25-Jul-22,4.4555,5.3404,4.5477,3.2695,4.6248,3.0772,3.4467,3.21,56.767,12.1246,7.923,14.9043,0.3404,0.0297,118.5604,5.8608,0.6595,3.21,0.019,0.1085,2.7771,0.2408,5.5813,121.3008,1.951,3.4882,0.235
26-Jul-22,4.457,5.3783,4.5595,3.2644,4.623,3.1025,3.472,3.2155,56.7847,12.1527,8.004,14.8909,0.3403,0.0297,118.6098,5.8826,0.66,3.2155,0.0191,0.1085,2.7928,0.2409,5.5869,121.3417,1.9408,3.4912,0.2351
27-Jul-22,4.46,5.3743,4.5236,3.2565,4.6357,3.087,3.4653,3.2108,56.8243,12.0925,8.0151,14.8816,0.3394,0.0297,118.6959,5.8681,0.6591,3.2108,0.0191,0.1085,2.7781,0.2411,5.5839,121.4233,1.9162,3.49,0.2352
28-Jul-22,4.455,5.4193,4.5486,3.2911,4.6476,3.1165,3.4727,3.2241,56.7574,12.092,7.991,14.8857,0.3419,0.0298,118.6102,5.8663,0.6602,3.2241,0.0191,0.1084,2.7948,0.2408,5.5824,121.2872,1.8867,3.4888,0.2352
29-Jul-22,4.4485,5.4234,4.5433,3.3403,4.6723,3.1175,3.4738,3.2276,56.6699,12.1353,8.0611,14.8501,0.3428,0.03,118.4372,5.8583,0.6598,3.2276,0.019,0.1082,2.8086,0.2405,5.6051,121.1102,1.8524,3.5032,0.2351
1-Aug-22,4.4515,5.4233,4.5519,3.3575,4.6804,3.1085,3.4757,3.2253,56.7074,12.2555,8.0381,14.825,0.3409,0.0299,118.517,5.892,0.6594,3.2251,0.0191,0.1082,2.8009,0.2406,5.6264,121.1919,1.8541,3.5165,0.2348
2-Aug-22,4.4565,5.4626,4.5782,3.4059,4.6903,3.1269,3.468,3.237,56.7732,12.356,8.0471,14.8466,0.3413,0.03,118.6565,5.9037,0.6583,3.237,0.0191,0.1084,2.8201,0.2409,5.6458,121.328,1.8611,3.5286,0.2349
3-Aug-22,4.457,5.4315,4.5424,3.361,4.6682,3.09,3.4663,3.2276,56.7782,12.3156,8.0148,14.8567,0.3403,0.0299,118.6319,5.9015,0.6602,3.2276,0.0191,0.1084,2.7901,0.2409,5.6613,121.3417,1.8692,3.5374,0.2341
4-Aug-22,4.4543,5.4121,4.5266,3.3292,4.6338,3.0977,3.4673,3.2256,56.7467,12.3012,7.9911,14.8302,0.3397,0.0298,118.4641,5.8842,0.6593,3.2256,0.019,0.1083,2.8024,0.2408,5.6051,121.2668,1.9483,3.5031,0.2335
5-Aug-22,4.4545,5.4095,4.5601,3.3436,4.6578,3.1021,3.461,3.2379,56.747,12.496,8.0683,14.859,0.3433,0.0299,118.548,5.8811,0.6603,3.2379,0.019,0.1082,2.8017,0.2408,5.6354,121.2736,1.9741,3.5222,0.2329
8-Aug-22,4.461,5.3882,4.5438,3.3014,4.6404,3.0906,3.4496,3.2283,56.8291,12.4696,8.0255,14.8522,0.342,0.0299,118.7226,5.9006,0.6596,3.2283,0.0191,0.1084,2.7848,0.2411,5.6141,121.4506,1.9889,3.509,0.2334
9-Aug-22,4.4558,5.3841,4.5433,3.3023,4.6647,3.1143,3.4667,3.2324,56.7644,12.5435,8.0179,14.853,0.3413,0.03,118.5466,5.8783,0.6595,3.2324,0.019,0.1083,2.8009,0.2122,5.6005,121.3076,1.9861,3.4957,0.2324
10-Aug-22,4.457,5.3849,4.5524,3.3026,4.6736,3.1016,3.4584,3.2336,56.7803,12.5957,8.0004,14.8423,0.3406,0.03,118.5373,5.8863,0.6596,3.2336,0.0191,0.1083,2.8041,0.2122,5.6046,121.3417,1.9857,3.503,0.2326
11-Aug-22,4.447,5.4222,4.5755,3.3395,4.7113,3.1449,3.4784,3.2424,56.6775,12.5853,8.0235,14.8367,0.3416,0.0301,118.287,5.8753,0.6599,3.2424,0.019,0.1081,2.8421,0.2118,5.6089,121.0694,2.0072,3.5056,0.2325
12-Aug-22,4.4405,5.413,4.5817,3.3316,4.7159,3.1596,3.4815,3.2425,56.6683,12.6357,7.9995,14.8125,0.3413,0.0302,118.2163,5.8959,0.6593,3.2425,0.019,0.1079,2.8668,0.2121,5.5741,120.8924,2.0226,3.4841,0.2319
15-Aug-22,4.4525,5.3973,4.5647,3.343,4.7261,3.1639,3.4819,3.2442,56.837,12.5467,7.9719,14.8496,0.3412,0.0302,118.5737,5.8976,0.6587,3.2442,0.019,0.1082,2.8638,0.2127,5.5923,121.2191,2.028,3.4934,0.2328
16-Aug-22,4.4638,5.3782,4.5361,3.3475,4.7176,3.1347,3.4607,3.2391,56.9479,12.6068,7.9745,14.8752,0.3407,0.0302,118.8701,5.8939,0.6578,3.2391,0.0191,0.1085,2.8407,0.2132,5.613,121.5254,2.0863,3.5022,0.2331
17-Aug-22,4.4655,5.4066,4.5432,3.3289,4.7025,3.1267,3.475,3.2372,56.9688,12.6073,7.9973,14.8905,0.3408,0.0302,118.9404,5.8757,0.6586,3.2372,0.0191,0.1086,2.8331,0.2133,5.6307,121.5731,2.0905,3.5185,0.2332
18-Aug-22,4.472,5.3823,4.5485,3.3108,4.698,3.0946,3.4598,3.2325,57.015,12.5821,8.0007,14.9027,0.3387,0.0301,119.1136,5.8936,0.6588,3.2325,0.0191,0.1087,2.8035,0.2136,5.6158,121.75,2.0849,3.5088,0.2338
19-Aug-22,4.4778,5.3359,4.5136,3.2851,4.6702,3.0966,3.4563,3.2286,57.0661,12.5217,8.0038,14.9065,0.3373,0.0301,119.2239,5.897,0.6575,3.2286,0.0191,0.1088,2.7948,0.2139,5.6151,121.9066,2.0822,3.5095,0.2338
22-Aug-22,4.482,5.3024,4.5013,3.2657,4.6744,3.093,3.4505,3.2182,57.1221,12.4864,7.9936,14.8914,0.3351,0.0301,119.345,5.8673,0.6568,3.2182,0.0191,0.1089,2.7802,0.2141,5.6107,122.0223,2.0854,3.5068,0.2338
23-Aug-22,4.4875,5.2822,4.4615,3.2707,4.6553,3.0957,3.4449,3.2122,57.1904,12.393,7.9856,14.875,0.3347,0.0301,119.4882,5.8616,0.6552,3.2121,0.0192,0.109,2.7787,0.2143,5.6189,122.172,2.0713,3.5118,0.2341
24-Aug-22,4.4875,5.2995,4.4642,3.28,4.6479,3.0975,3.4568,3.2159,57.2053,12.399,8.0034,14.8303,0.334,0.0302,119.4819,5.8439,0.6538,3.2159,0.0191,0.109,2.7764,0.2143,5.6189,122.172,2.0666,3.5119,0.2341
25-Aug-22,4.4785,5.2925,4.4727,3.2734,4.6445,3.111,3.4588,3.2184,57.0819,12.4689,7.9895,14.8197,0.3351,0.0302,119.1487,5.8319,0.6536,3.2184,0.0191,0.1088,2.7818,0.2139,5.6101,121.927,2.0403,3.5061,0.2333
26-Aug-22,4.4743,5.2912,4.4608,3.2741,4.6423,3.1172,3.4556,3.2182,57.0277,12.4753,7.9826,14.8139,0.336,0.0302,119.0911,5.8414,0.6528,3.2182,0.0191,0.1087,2.7767,0.2137,5.6033,121.8113,2.0636,3.5013,0.2331
29-Aug-22,4.488,5.2366,4.4539,3.2384,4.6313,3.0781,3.4368,3.2084,57.184,12.3331,7.9843,14.7612,0.3325,0.0302,119.457,5.8634,0.649,3.2084,0.0192,0.109,2.7449,0.2144,5.6081,122.1856,2.034,3.5052,0.2337
30-Aug-22,4.4845,5.2475,4.4834,3.2359,4.6335,3.0885,3.4467,3.2107,57.1409,12.304,7.9654,14.7233,0.3325,0.0301,119.4052,5.8386,0.6483,3.2107,0.0191,0.1089,2.7557,0.2142,5.6155,122.0903,2.0132,3.5098,0.2334
1-Sep-22,4.4825,5.1898,4.4897,3.2127,4.5749,3.0494,3.4046,3.1992,57.1139,12.2023,7.9477,14.702,0.331,0.0301,119.2472,5.8333,0.6491,3.1993,0.0191,0.1088,2.7294,0.2141,5.6284,122.0359,2.0494,3.5183,0.233
2-Sep-22,4.484,5.1788,4.467,3.1995,4.5718,3.0451,3.4085,3.1986,57.1323,12.1773,7.8944,14.6689,0.3305,0.0301,119.3347,5.8378,0.6497,3.1986,0.0191,0.1088,2.7198,0.2142,5.6287,122.0767,2.0555,3.518,0.2332
5-Sep-22,4.487,5.1477,4.448,3.1971,4.5665,3.0489,3.4122,3.1945,57.1687,12.2153,7.8785,14.5959,0.3273,0.0301,119.3589,5.8339,0.6474,3.1945,0.0191,0.1084,2.7328,0.2143,5.6191,122.1584,2.0461,3.5119,0.2336
6-Sep-22,4.4915,5.1946,4.4668,3.1946,4.5897,3.0538,3.4238,3.2002,57.2246,12.3063,7.8881,14.5918,0.3269,0.0302,119.4866,5.8398,0.6472,3.2003,0.0191,0.1088,2.7416,0.2145,5.6266,122.2809,2.0449,3.5168,0.2335
7-Sep-22,4.5035,5.1639,4.4526,3.1275,4.5665,3.02,3.4133,3.1934,57.372,12.2386,7.8678,14.5589,0.3247,0.0302,119.8329,5.8335,0.6455,3.1934,0.0191,0.1091,2.7021,0.2151,5.6367,122.6076,2.0241,3.523,0.2339
8-Sep-22,4.5,5.175,4.4937,3.1249,4.605,3.024,3.427,3.2015,57.3296,12.3423,7.8685,14.5537,0.3256,0.0302,119.7446,5.809,0.646,3.2015,0.0191,0.109,2.7194,0.2149,5.6435,122.5123,2.0033,3.5272,0.2335
9-Sep-22,4.4965,5.209,4.5275,3.141,4.6591,3.0682,3.4498,3.2139,57.2901,12.3845,7.9073,14.5938,0.3267,0.0303,119.6355,5.8332,0.648,3.2139,0.0191,0.1089,2.7451,0.2148,5.646,122.417,2.013,3.5287,0.2327
12-Sep-22,4.504,5.2296,4.5405,3.1506,4.6931,3.0785,3.4574,3.2193,57.3824,12.3482,7.8955,14.5718,0.3263,0.0303,119.8669,5.8658,0.6503,3.2193,0.0191,0.1092,2.7497,0.2151,5.6549,122.6212,1.9593,3.5345,0.2331
13-Sep-22,4.5075,5.2686,4.5661,3.1632,4.7343,3.0964,3.4712,3.2283,57.4303,12.4165,7.926,14.5827,0.3274,0.0303,119.9425,5.8813,0.6511,3.2283,0.0191,0.1093,2.7633,0.2153,5.6872,122.7165,1.9471,3.5543,0.2328
14-Sep-22,4.526,5.2081,4.5208,3.134,4.7065,3.0458,3.4358,3.2192,57.6605,12.3366,7.9133,14.5503,0.3252,0.0303,120.4204,5.9145,0.6498,3.2192,0.0192,0.1098,2.7136,0.2162,5.688,123.2202,1.9317,3.5551,0.2339
15-Sep-22,4.5325,5.2267,4.5207,3.1604,4.7069,3.0633,3.4418,3.2233,57.7635,12.351,7.9462,14.566,0.3245,0.0304,120.5452,5.8805,0.6506,3.2233,0.0192,0.1099,2.7229,0.2165,5.7029,123.3971,1.9353,3.5643,0.234
19-Sep-22,4.5455,5.1826,4.5444,3.1748,4.7055,3.0478,3.4218,3.2298,57.9115,12.3243,7.9259,14.4761,0.3265,0.0303,120.9746,5.8827,0.6485,3.2298,0.0192,0.1101,2.7141,0.2171,5.7019,123.7511,1.9009,3.5637,0.2337
20-Sep-22,4.554,5.207,4.5677,3.1799,4.7219,3.0653,3.4375,3.2377,58.0212,12.3381,7.9366,14.5286,0.328,0.0304,121.117,5.8934,0.65,3.2377,0.0192,0.1103,2.7087,0.2175,5.7163,123.9825,1.8995,3.5729,0.2345
21-Sep-22,4.566,5.1952,4.5509,3.1744,4.7338,3.0489,3.4149,3.2347,58.1689,12.2882,7.8881,14.5361,0.3274,0.0304,121.3878,5.9131,0.6482,3.2347,0.0193,0.1105,2.6914,0.2181,5.7211,124.3092,1.9105,3.5757,0.2349
22-Sep-22,4.5695,5.1327,4.4872,3.1545,4.7284,3.0115,3.3814,3.2163,58.2113,12.2269,7.8245,14.4513,0.3242,0.0304,121.4485,5.8949,0.6446,3.2163,0.0193,0.1106,2.6588,0.2182,5.681,124.4045,1.9069,3.5504,0.2346
23-Sep-22,4.57,5.133,4.4896,3.2134,4.669,3.0247,3.3881,3.218,58.2214,12.2315,7.8307,14.4123,0.3243,0.0304,121.4618,5.8867,0.6436,3.218,0.0193,0.1106,2.6634,0.2183,5.6326,124.4181,1.9082,3.5204,0.2345
26-Sep-22,4.598,4.8272,4.4302,3.1938,4.668,2.9896,3.3727,3.203,58.5766,12.1648,7.8025,14.4066,0.3216,0.0304,122.206,5.8852,0.6416,3.203,0.0194,0.1113,2.6287,0.2196,5.6426,125.1804,1.917,3.5269,0.2359
27-Sep-22,4.6115,4.9696,4.4459,3.1932,4.652,2.9889,3.3668,3.2128,58.7478,12.1443,7.8188,14.4915,0.323,0.0304,122.63,5.8658,0.6437,3.2128,0.0194,0.1117,2.6182,0.2203,5.6682,125.5479,1.9255,3.5423,0.2364
28-Sep-22,4.619,4.9229,4.4148,3.192,4.6434,2.9557,3.3542,3.1919,58.8449,12.1289,7.8291,14.473,0.3209,0.0303,122.7968,5.8748,0.6395,3.1919,0.0195,0.1118,2.5823,0.2206,5.641,125.7521,1.9782,3.5257,0.237
29-Sep-22,4.646,5.0137,4.5003,3.2173,4.7437,3.0141,3.402,3.2294,59.1858,12.1902,7.8833,14.5963,0.3239,0.0305,123.3506,5.8858,0.6461,3.2294,0.0195,0.1125,2.6429,0.2219,5.6888,126.4872,2.003,3.5555,0.2379
30-Sep-22,4.641,5.1429,4.5482,3.2064,4.7532,3.0095,3.3838,3.2365,59.1229,12.2188,7.9077,14.6169,0.3243,0.0305,123.4883,5.9214,0.6524,3.2365,0.0194,0.1123,2.6535,0.2217,5.6904,126.351,2.0222,3.5555,0.2375
3-Oct-22,4.6495,5.1693,4.5593,3.21,4.7189,2.9896,3.3781,3.2384,59.2297,12.2074,7.8872,14.5661,0.3223,0.0304,123.7063,5.9508,0.6534,3.2384,0.0195,0.1125,2.6177,0.2221,5.6857,126.5825,2.0384,3.5528,0.238
4-Oct-22,4.645,5.2572,4.5716,3.2093,4.6914,3.0146,3.4159,3.2502,59.1724,12.3308,7.8863,14.6143,0.3242,0.0304,123.5701,5.9488,0.6528,3.2502,0.0194,0.1124,2.6565,0.2219,5.6968,126.4599,2.024,3.5588,0.2368
5-Oct-22,4.638,5.3026,4.6241,3.2192,4.7327,3.0128,3.4282,3.2571,59.0847,12.392,7.8998,14.6856,0.3264,0.0305,123.3839,5.9742,0.6518,3.2571,0.0194,0.1122,2.665,0.2215,5.6937,126.2694,2.0209,3.5557,0.2359
6-Oct-22,4.6305,5.2628,4.5921,3.2028,4.7207,3.0221,3.4103,3.2564,58.9891,12.435,7.8992,14.7068,0.3301,0.0305,123.1352,5.9734,0.6507,3.2564,0.0194,0.1119,2.6843,0.2212,5.6729,126.0652,2.0741,3.5453,0.2355
7-Oct-22,4.651,5.1959,4.5603,3.2084,4.6999,2.9848,3.3862,3.2546,59.2495,12.4292,7.9025,14.703,0.3304,0.0305,123.7462,5.987,0.6536,3.2546,0.0195,0.1124,2.6341,0.2221,5.6532,126.6233,2.096,3.5333,0.2368
11-Oct-22,4.672,5.157,4.5239,3.2058,4.6641,2.9256,3.3772,3.2434,59.5163,12.2432,7.919,14.6389,0.325,0.0304,124.2884,5.9919,0.6496,3.2434,0.0195,0.1128,2.5925,0.2231,5.6722,127.195,2.1456,3.5444,0.2376
12-Oct-22,4.685,5.1284,4.5435,3.2042,4.6965,2.9302,3.3906,3.2544,59.6827,12.2556,7.9474,14.6985,0.3279,0.0305,124.6342,5.9804,0.653,3.2543,0.0196,0.1131,2.6131,0.2238,5.6921,127.5489,2.1575,3.5569,0.238
13-Oct-22,4.688,5.1945,4.5478,3.1934,4.6974,2.941,3.3921,3.2702,59.7232,12.3915,7.9552,14.7001,0.3285,0.0305,124.7472,5.9814,0.6528,3.2702,0.0194,0.1131,2.629,0.2239,5.698,127.6306,2.1519,3.5612,0.2382
14-Oct-22,4.698,5.3221,4.5979,3.1881,4.7034,2.9752,3.4238,3.3039,59.8483,12.3089,7.9722,14.7504,0.3295,0.0305,125.0383,5.9963,0.6547,3.3039,0.0195,0.1133,2.6626,0.2244,5.7129,127.9029,2.1416,3.5706,0.239
17-Oct-22,4.717,5.2991,4.5944,3.1732,4.7001,2.9399,3.4098,3.3061,60.0903,12.353,7.9956,14.7236,0.3285,0.0305,125.5356,6.0213,0.6553,3.3061,0.0194,0.1139,2.6335,0.2253,5.7259,128.4201,2.149,3.5786,0.2399
18-Oct-22,4.718,5.3663,4.643,3.1687,4.745,2.9761,3.4453,3.3257,60.1054,12.3889,8.0075,14.7534,0.3303,0.0305,125.4988,6.0229,0.6556,3.3255,0.0194,0.1137,2.6779,0.2253,5.7444,128.4474,2.147,3.5903,0.2397
19-Oct-22,4.721,5.3508,4.6474,3.1641,4.7447,2.9844,3.4355,3.3229,60.1405,12.4082,8.0126,14.7554,0.3324,0.0305,125.6922,6.037,0.6542,3.3229,0.0193,0.1137,2.69,0.2255,5.7333,128.529,2.1493,3.5833,0.2401
20-Oct-22,4.7285,5.2964,4.616,3.1541,4.7001,2.9477,3.4258,3.3131,60.2453,12.3178,8.0136,14.7113,0.3299,0.0304,125.8082,6.0345,0.6531,3.3131,0.0193,0.1138,2.6607,0.2258,5.6955,128.7332,2.1396,3.5582,0.2403
21-Oct-22,4.7375,5.3058,4.6281,3.1507,4.7099,2.9685,3.4371,3.321,60.3538,12.3485,8.0399,14.7214,0.3294,0.0304,126.0476,6.0492,0.6538,3.321,0.0192,0.1141,2.6793,0.2263,5.7194,128.9783,2.1437,3.5747,0.2415
25-Oct-22,4.741,5.3583,4.686,3.1851,4.7419,3.0025,3.4617,3.3356,60.3984,12.4004,8.0605,14.6619,0.3303,0.0304,126.1609,6.0552,0.6491,3.3356,0.0191,0.1142,2.7104,0.2264,5.7376,129.0735,2.145,3.5854,0.2412
26-Oct-22,4.726,5.4155,4.7057,3.1881,4.7512,3.0284,3.4756,3.3385,60.2057,12.4409,8.0593,14.6465,0.3317,0.0303,125.725,6.0396,0.6484,3.3386,0.019,0.1138,2.7179,0.2257,5.7338,128.6652,2.1531,3.5703,0.2398
27-Oct-22,4.7125,5.4717,4.7455,3.225,4.7775,3.061,3.4759,3.3514,60.0414,12.4735,8.0756,14.7004,0.3312,0.0303,125.3825,6.082,0.653,3.3514,0.019,0.1135,2.7526,0.2251,5.7286,128.2976,2.1348,3.5797,0.2391
28-Oct-22,4.7215,5.4682,4.718,3.2316,4.7757,3.0565,3.49,3.3588,60.1614,12.5289,8.1546,14.7074,0.3333,0.0304,125.622,6.0926,0.6533,3.3588,0.019,0.1137,2.7703,0.2255,5.7375,128.5427,2.1328,3.5853,0.204
31-Oct-22,4.7265,5.4856,4.71,3.1961,4.7441,3.0363,3.4727,3.3492,60.2136,12.4455,8.1449,14.6708,0.333,0.0303,125.7516,6.0755,0.6509,3.3492,0.019,0.1138,2.7515,0.2257,5.7398,128.6788,2.1351,3.5872,0.1982
1-Nov-22,4.731,5.444,4.6858,3.1892,4.7279,3.0413,3.4826,3.3465,60.2725,12.4631,8.1415,14.6689,0.333,0.0302,125.9065,6.0712,0.6469,3.3465,0.019,0.1139,2.7662,0.226,5.7162,128.8013,2.1468,3.5726,0.1957
2-Nov-22,4.741,5.4597,4.69,3.2148,4.7493,3.044,3.4862,3.3574,60.3968,12.6023,8.1317,14.7493,0.3345,0.0303,126.1575,6.0956,0.652,3.3574,0.0191,0.1141,2.7823,0.2264,5.7338,129.0735,2.1526,3.5837,0.1959
3-Nov-22,4.746,5.418,4.6648,3.2228,4.7379,3.0218,3.4677,3.3511,60.4598,12.5547,8.0811,14.7327,0.3341,0.0303,126.2906,6.0908,0.6497,3.3511,0.0191,0.1142,2.7698,0.2267,5.7275,129.2097,2.1439,3.5792,0.1971
4-Nov-22,4.7465,5.3208,4.6388,3.205,4.6963,3.0055,3.4652,3.3494,60.4661,12.571,8.1137,14.7443,0.3344,0.0302,126.277,6.0433,0.6522,3.3494,0.0191,0.1143,2.7553,0.2267,5.7424,129.2233,2.1417,3.5885,0.1957
7-Nov-22,4.744,5.3752,4.7144,3.2225,4.7626,3.0506,3.5091,3.3699,60.4343,12.6743,8.1108,14.7855,0.3372,0.0303,126.2206,6.0645,0.6577,3.3699,0.0191,0.1142,2.7966,0.2266,5.7676,129.1552,2.1418,3.6046,0.1956
8-Nov-22,4.7425,5.4591,4.7491,3.2338,4.7887,3.0689,3.5122,3.3827,60.4152,12.706,8.1521,14.8282,0.3426,0.0302,126.2058,6.1062,0.6554,3.3827,0.0191,0.1141,2.8147,0.2265,5.7938,129.1144,2.1411,3.618,0.195
9-Nov-22,4.718,5.4476,4.752,3.2416,4.7845,3.0679,3.5111,3.3728,60.1069,12.8041,8.1331,14.8365,0.346,0.0302,125.4988,6.077,0.651,3.3728,0.019,0.1135,2.8049,0.2253,5.7895,128.4474,2.1296,3.6188,0.1938
10-Nov-22,4.7058,5.3664,4.718,3.2208,4.7837,3.0199,3.4767,3.3561,59.9478,12.7614,8.1015,14.8185,0.3429,0.03,125.1363,6.0715,0.6479,3.3561,0.0189,0.1132,2.7639,0.2248,5.767,128.1139,2.1245,3.6046,0.1929
11-Nov-22,4.642,5.4188,4.7274,3.271,4.8019,3.0686,3.4809,3.3545,59.1997,12.8801,8.0773,14.783,0.3488,0.0299,123.4739,5.965,0.6474,3.3545,0.0187,0.1117,2.7922,0.2217,5.7497,126.3783,2.0957,3.5936,0.1903
14-Nov-22,4.586,5.4012,4.736,3.2969,4.8506,3.0694,3.46,3.3432,58.5169,12.8262,8.0049,14.7719,0.3479,0.0296,121.9843,6.0035,0.6516,3.3432,0.0185,0.1104,2.7975,0.219,5.6776,124.8537,2.0699,3.5482,0.188
15-Nov-22,4.5898,5.4003,4.7369,3.2692,4.8556,3.0761,3.4495,3.3427,58.5805,12.8465,7.9954,14.7766,0.3469,0.0295,122.1133,6.0065,0.6513,3.3427,0.0185,0.1107,2.8048,0.2192,5.6526,124.9558,2.0721,3.5319,0.1876
16-Nov-22,4.54,5.3788,4.7003,3.2385,4.7997,3.0618,3.4158,3.3049,58.0273,12.6949,7.9032,14.5406,0.3417,0.0291,120.809,5.9745,0.6414,3.3049,0.0183,0.1092,2.7876,0.2168,5.5683,123.6013,2.0451,3.4803,0.1856
17-Nov-22,4.55,5.4052,4.7193,3.2594,4.8092,3.0535,3.408,3.3143,58.1295,12.6927,7.9206,14.6143,0.3395,0.029,121.0525,5.9848,0.6381,3.3143,0.0183,0.1096,2.7892,0.2173,5.5803,123.8736,2.0454,3.4875,0.1858
21-Nov-22,4.5595,5.4048,4.6972,3.2485,4.7771,3.035,3.4007,3.3103,58.3702,12.653,7.9573,14.6204,0.3367,0.029,121.3117,5.9842,0.6371,3.3103,0.0184,0.1099,2.8009,0.2178,5.5696,124.1322,2.0333,3.4817,0.1863
22-Nov-22,4.577,5.4274,4.6967,3.2284,4.7837,3.0277,3.4075,3.3158,58.6092,12.6541,7.9836,14.6897,0.3382,0.0291,121.7838,5.9687,0.64,3.3158,0.0184,0.1103,2.8011,0.2186,5.6032,124.6087,2.0388,3.5018,0.1866
23-Nov-22,4.574,5.4335,4.7185,3.2349,4.8061,3.0367,3.4169,3.3147,58.509,12.6502,7.9853,14.649,0.3378,0.0291,121.6975,5.9794,0.6392,3.3147,0.0184,0.1103,2.8194,0.2185,5.5936,124.527,2.0386,3.4963,0.1866
24-Nov-22,4.5225,5.4736,4.7242,3.2617,4.8168,3.0602,3.3923,3.2969,57.9062,12.5564,7.9657,14.6014,0.3411,0.0289,120.3289,5.9193,0.6338,3.2969,0.0182,0.109,2.834,0.216,5.5357,123.1249,2.0154,3.4601,0.1842
25-Nov-22,4.46,5.4015,4.6455,3.2166,4.7281,3.0194,3.3465,3.2508,57.1044,12.5158,7.8604,14.4909,0.3361,0.0285,118.6865,5.8375,0.6229,3.2508,0.018,0.1075,2.7946,0.213,5.4639,121.4233,1.9871,3.4146,0.1815
29-Nov-22,4.506,5.4088,4.6768,3.251,4.7572,3.0206,3.3534,3.2792,57.6905,12.6582,7.9682,14.566,0.3396,0.0286,119.9122,5.9349,0.6274,3.2792,0.0182,0.1087,2.7969,0.2152,5.5217,122.6757,2.0071,3.451,0.1834
30-Nov-22,4.475,5.3604,4.6307,3.2249,4.6967,2.9965,3.2982,3.2613,57.3079,12.6538,7.9106,14.5156,0.3396,0.0284,119.0714,5.8813,0.6265,3.2613,0.0182,0.1081,2.7821,0.2137,5.4848,121.8317,1.9922,3.4283,0.1823
1-Dec-22,4.4075,5.3287,4.5977,3.2229,4.6749,2.9993,3.2842,3.2477,56.5202,12.601,7.8217,14.4041,0.3382,0.0282,117.2441,5.7952,0.6236,3.2477,0.018,0.1065,2.7891,0.2105,5.4395,119.994,1.9611,3.4007,0.1795
2-Dec-22,4.3965,5.3862,4.6273,3.2528,4.6896,2.9962,3.2716,3.2511,56.4751,12.6327,7.8523,14.386,0.3385,0.0285,116.9438,5.8072,0.6231,3.2511,0.018,0.1066,2.8028,0.21,5.42,119.6946,1.9584,3.3875,0.179
5-Dec-22,4.367,5.388,4.6203,3.2517,4.6726,2.9905,3.2601,3.2473,56.1892,12.5651,7.8304,14.35,0.3385,0.0284,116.1745,5.8009,0.628,3.2473,0.0182,0.106,2.8115,0.2086,5.3695,118.8914,1.9468,3.3559,0.1774
6-Dec-22,4.3805,5.3433,4.5965,3.1992,4.6477,2.945,3.225,3.2303,56.3535,12.5112,7.8146,14.321,0.3339,0.0281,116.5337,5.8268,0.6274,3.2303,0.0182,0.1063,2.7733,0.2092,5.322,119.2589,1.9512,3.326,0.1784
7-Dec-22,4.4055,5.3478,4.6112,3.2125,4.6753,2.9493,3.2281,3.2429,56.5918,12.5782,7.9414,14.3633,0.3338,0.0282,117.1832,5.8421,0.631,3.2429,0.0185,0.1066,2.7878,0.2104,5.3347,119.9396,1.9613,3.3345,0.1791
8-Dec-22,4.406,5.3733,4.6281,3.2199,4.6785,2.9595,3.2199,3.2467,56.5746,12.66,7.966,14.3747,0.3337,0.0282,117.1731,5.8323,0.6316,3.2467,0.0185,0.1066,2.7987,0.2104,5.3546,119.9532,1.9615,3.3466,0.1788
9-Dec-22,4.3988,5.3995,4.6548,3.2376,4.7103,2.9885,3.2371,3.2572,56.475,12.6455,7.9558,14.3623,0.3374,0.0282,117.0347,5.8297,0.632,3.2572,0.0186,0.1063,2.8174,0.2101,5.3508,119.7558,1.9572,3.3428,0.1788
12-Dec-22,4.4185,5.4043,4.6461,3.2295,4.7196,2.9931,3.2336,3.2605,56.808,12.7032,7.9584,14.3874,0.337,0.0282,117.4977,5.8721,0.6329,3.2605,0.0187,0.1069,2.8261,0.211,5.349,120.2935,1.966,3.343,0.1797
13-Dec-22,4.4345,5.4365,4.6715,3.2198,4.7347,2.9906,3.2525,3.2726,57.0449,12.7401,7.9358,14.4404,0.339,0.0283,117.9075,5.8899,0.6354,3.2726,0.0187,0.1071,2.8279,0.2118,5.3639,120.7291,1.972,3.3525,0.1799
14-Dec-22,4.415,5.4539,4.6914,3.2579,4.7519,3.015,3.2533,3.2746,56.7543,12.7518,7.925,14.4541,0.3408,0.0282,117.4327,5.8565,0.6344,3.2746,0.0188,0.1073,2.8437,0.2109,5.3383,120.1982,1.9633,3.3364,0.1793
15-Dec-22,4.4075,5.4596,4.6962,3.2514,4.7615,3.0139,3.2498,3.268,56.6848,12.6908,7.92,14.4215,0.3389,0.0282,117.2208,5.8792,0.6333,3.268,0.0187,0.1069,2.8411,0.2105,5.3327,119.994,1.96,3.333,0.1783
16-Dec-22,4.424,5.3995,4.7109,3.2218,4.7737,2.9723,3.2459,3.2616,56.8787,12.6283,7.9361,14.3809,0.3377,0.0283,117.6439,5.8875,0.6344,3.2616,0.0187,0.1073,2.8141,0.2113,5.3407,120.4531,1.9673,3.338,0.1792
19-Dec-22,4.4205,5.3853,4.6897,3.2445,4.7405,2.967,3.2357,3.2577,56.7972,12.6753,7.9721,14.3779,0.3392,0.0283,117.5321,5.879,0.633,3.2577,0.0187,0.1072,2.822,0.2111,5.3431,120.3578,1.9645,3.339,0.1792
20-Dec-22,4.435,5.3841,4.7046,3.3233,4.7763,2.9586,3.2435,3.2697,56.9769,12.705,8.0098,14.4082,0.3412,0.0284,117.9051,5.8958,0.6349,3.2697,0.0186,0.1075,2.8062,0.2118,5.3609,120.7526,1.9709,3.3506,0.1793
21-Dec-22,4.4395,5.4027,4.7134,3.3615,4.785,2.9587,3.2606,3.2821,56.9693,12.7691,8.0426,14.4748,0.3447,0.0284,118.0404,5.9199,0.637,3.2821,0.0187,0.1075,2.8013,0.212,5.3667,120.8685,1.9633,3.3541,0.1797
22-Dec-22,4.429,5.3742,4.7142,3.3615,4.7933,2.9927,3.2597,3.2871,56.8429,12.7692,8.0367,14.4432,0.3478,0.0284,117.7613,5.8995,0.6349,3.2871,0.0187,0.1073,2.7971,0.2115,5.3529,120.5826,1.9576,3.3457,0.1791
23-Dec-22,4.4285,5.3366,4.6978,3.3381,4.7526,2.9624,3.2496,3.2753,56.7505,12.711,8.0024,14.4082,0.3451,0.0284,117.748,5.8962,0.6335,3.2753,0.0187,0.1073,2.78,0.2115,5.3486,120.569,1.9574,3.343,0.1789
27-Dec-22,4.421,5.3419,4.7039,3.3262,4.7466,2.9771,3.2586,3.2853,56.6606,12.7553,7.973,14.3997,0.3491,0.0282,117.5329,5.8836,0.635,3.2853,0.0188,0.1072,2.7768,0.2112,5.3442,120.3763,1.953,3.3403,0.1786
28-Dec-22,4.432,5.3211,4.7148,3.3014,4.7633,2.9863,3.2741,3.2902,56.8646,12.7788,7.9072,14.4027,0.349,0.0282,117.9116,5.8983,0.6354,3.2902,0.0188,0.1074,2.7789,0.2117,5.3502,120.6643,1.9557,3.3439,0.1794
29-Dec-22,4.419,5.3192,4.6945,3.3015,4.7657,2.9813,3.252,3.2777,56.6946,12.7643,7.925,14.3605,0.3482,0.0281,117.5423,5.881,0.6338,3.2777,0.0187,0.107,2.799,0.2111,5.3399,120.3169,1.9488,3.3374,0.1784
30-Dec-22,4.413,5.3159,4.7038,3.3264,4.7804,2.9887,3.2562,3.2819,56.5947,12.7811,7.9214,14.3265,0.3494,0.0283,117.3749,5.873,0.6342,3.2819,0.0187,0.1069,2.7899,0.2108,5.3342,120.1601,1.9466,3.3338,0.1783
3-Jan-23,4.39,5.3005,4.685,3.3825,4.7524,2.999,3.2418,3.2829,56.2226,12.7886,7.8808,14.2941,0.3461,0.0282,116.7864,5.8639,0.6377,3.2829,0.0187,0.1062,2.7901,0.2097,5.3074,119.5306,1.9365,3.3173,0.1776
4-Jan-23,4.4045,5.2808,4.6551,3.3711,4.7188,2.9874,3.2301,3.2829,56.3466,12.8664,7.8701,14.3493,0.3457,0.0282,117.1472,5.8569,0.6387,3.2829,0.0187,0.1068,2.7594,0.2104,5.3169,119.9156,1.9403,3.3231,0.1778
5-Jan-23,4.401,5.2975,4.6681,3.3254,4.7338,2.994,3.2572,3.2786,56.295,12.9919,7.8631,14.3341,0.3459,0.0282,117.0634,5.8741,0.6391,3.2786,0.0187,0.1066,2.7585,0.2102,5.3187,119.8203,1.9395,3.3235,0.1664
6-Jan-23,4.3955,5.2434,4.6298,3.2845,4.6955,2.9773,3.2442,3.2719,56.2822,12.9565,7.9042,14.3181,0.348,0.0281,116.9405,5.861,0.6413,3.2719,0.0187,0.1064,2.7472,0.2099,5.3261,119.6706,1.9268,3.3287,0.1616
9-Jan-23,4.3765,5.3054,4.6686,3.3247,4.7247,3.0261,3.2626,3.2884,56.0587,13.0613,7.9364,14.3323,0.3515,0.0281,116.4428,5.8045,0.6443,3.2884,0.0186,0.1059,2.7922,0.209,5.3154,119.1533,1.9177,3.3223,0.1609
10-Jan-23,4.375,5.3237,4.6953,3.3185,4.7456,3.0201,3.2674,3.2868,56.033,13.0812,7.9767,14.3707,0.3531,0.0281,116.471,5.8583,0.6464,3.2868,0.0187,0.1059,2.7869,0.209,5.3253,119.1141,1.9165,3.3265,0.1585
11-Jan-23,4.375,5.3176,4.6959,3.303,4.7397,3.0196,3.2569,3.2859,56.0032,13.0441,7.9632,14.3688,0.3508,0.0281,116.5254,5.8687,0.6457,3.2859,0.0187,0.1059,2.7869,0.209,5.3517,119.1157,1.9143,3.3443,0.1581
12-Jan-23,4.3675,5.3131,4.7031,3.3161,4.6894,3.0193,3.2529,3.2828,55.9151,13.0881,7.9164,14.3536,0.3507,0.0284,116.2791,5.8588,0.6463,3.2828,0.0186,0.1058,2.7823,0.2086,5.3497,118.905,1.9111,3.3437,0.1471
13-Jan-23,4.34,5.2948,4.7069,3.3611,4.6717,3.0183,3.2427,3.2803,55.5669,13.0851,7.8816,14.2834,0.3492,0.0286,115.5423,5.8339,0.645,3.2803,0.0185,0.1051,2.7676,0.2073,5.3327,118.1596,1.898,3.3332,0.1469
16-Jan-23,4.312,5.2904,4.6828,3.3845,4.6702,3.0227,3.2278,3.2761,55.2244,13.1594,7.8992,14.2421,0.3497,0.0287,114.8076,5.8143,0.6436,3.2761,0.0184,0.1045,2.7687,0.2059,5.3032,117.3972,1.8846,3.3144,0.1454
17-Jan-23,4.3285,5.2764,4.6852,3.3613,4.6744,3.0165,3.2291,3.274,55.3775,13.0948,7.9103,14.2775,0.3495,0.0286,115.2438,5.8366,0.64,3.274,0.0185,0.1049,2.7698,0.2067,5.2866,117.8433,1.8912,3.3039,0.146
18-Jan-23,4.3365,5.32,4.6721,3.3066,4.695,3.0295,3.2386,3.2747,55.4246,13.0943,7.9133,14.2963,0.3483,0.0286,115.4631,5.8488,0.6395,3.2747,0.0185,0.105,2.7938,0.2071,5.302,118.061,1.8896,3.3137,0.1466
19-Jan-23,4.317,5.3246,4.6626,3.3649,4.7142,2.9813,3.1974,3.2653,55.1556,13.0689,7.907,14.2292,0.3497,0.0286,114.9469,5.827,0.6377,3.2653,0.0184,0.1046,2.7728,0.2062,5.3077,117.5302,1.88,3.3173,0.1456
20-Jan-23,4.294,5.3168,4.6525,3.3332,4.686,2.9727,3.1908,3.2464,54.8197,13.0735,7.8645,14.1292,0.3473,0.0284,114.3146,5.7933,0.6332,3.2464,0.0183,0.104,2.7529,0.2051,5.2885,116.904,1.8676,3.3059,0.1439
25-Jan-23,4.273,5.2669,4.6563,3.2742,4.6315,3.0345,3.2006,3.2423,54.5683,13.0145,7.8203,14.1177,0.3465,0.0286,113.8101,5.7655,0.6298,3.2424,0.0182,0.1036,2.7728,0.2041,5.2411,116.3323,1.8458,3.2751,0.1432
26-Jan-23,4.2505,5.2685,4.6386,3.2869,4.6312,3.0225,3.1708,3.24,54.2831,13.0114,7.8027,14.0471,0.3451,0.0284,113.2153,5.7369,0.6265,3.24,0.0181,0.1031,2.7577,0.203,5.2163,115.7197,1.8339,3.2558,0.1422
27-Jan-23,4.2295,5.2395,4.5989,3.2571,4.5878,3.0068,3.1705,3.2197,54.0128,12.8615,7.7848,13.9703,0.343,0.0282,112.668,5.7207,0.6234,3.2197,0.018,0.1028,2.7462,0.202,5.1875,115.148,1.6884,3.2422,0.1415
30-Jan-23,4.2375,5.2505,4.6057,3.2617,4.5995,3.0027,3.1799,3.2256,54.1081,12.933,7.7695,14.051,0.3448,0.0283,112.8856,5.7254,0.6274,3.2256,0.0181,0.103,2.7497,0.2024,5.1868,115.3658,1.6109,3.2418,0.1415
31-Jan-23,4.2475,5.2431,4.6064,3.2612,4.5921,2.9883,3.1675,3.2321,54.2029,12.9675,7.7907,14.1385,0.3449,0.0283,113.146,5.7413,0.6287,3.2321,0.0181,0.1032,2.7407,0.2029,5.203,115.638,1.6147,3.2519,0.1412
2-Feb-23,4.241,5.2525,4.6725,3.2976,4.6738,3.0291,3.1927,3.2516,54.0851,12.9447,7.8668,14.2843,0.3479,0.0285,113.015,5.7319,0.6317,3.2516,0.0181,0.1029,2.7696,0.2026,5.185,115.4611,1.5872,3.2406,0.1404
3-Feb-23,4.267,5.2113,4.6485,3.3189,4.6677,3.0129,3.2011,3.2541,54.3837,12.9186,7.949,14.3747,0.3476,0.0287,113.7078,5.7919,0.6327,3.2541,0.0182,0.1035,2.761,0.2038,5.1957,116.1689,1.5748,3.2476,0.1409
7-Feb-23,4.2945,5.1732,4.6114,3.2466,4.6332,2.9787,3.2001,3.2369,54.7227,12.7822,7.851,14.2917,0.3419,0.0284,114.4635,5.7619,0.6333,3.2369,0.0182,0.1044,2.7137,0.2051,5.1913,116.9176,1.5606,3.2452,0.1422
8-Feb-23,4.2985,5.1818,4.6136,3.2779,4.6619,2.9943,3.2096,3.2455,54.7667,12.8371,7.8354,14.305,0.342,0.0285,114.5686,5.7546,0.6341,3.2455,0.0182,0.1046,2.7197,0.2053,5.1993,117.0265,1.5552,3.2498,0.1419
9-Feb-23,4.306,5.2023,4.6201,3.2769,4.6794,2.9957,3.2043,3.2476,54.8577,12.8355,7.8569,14.3035,0.3407,0.0285,114.7593,5.7783,0.6343,3.2476,0.0182,0.1047,2.7296,0.2057,5.2096,117.2307,1.5687,3.2564,0.1418
10-Feb-23,4.3305,5.2362,4.6427,3.2865,4.6887,2.9943,3.2149,3.2603,55.1674,12.8473,7.9379,14.3641,0.3423,0.0286,115.3954,5.8179,0.6371,3.2603,0.0184,0.1053,2.7304,0.2068,5.2421,117.8977,1.6055,3.276,0.142
13-Feb-23,4.3595,5.2497,4.6474,3.302,4.7094,3.0109,3.2593,3.2713,55.5354,12.8884,7.9538,14.4104,0.3415,0.0287,116.1682,5.8413,0.6381,3.2713,0.0185,0.1062,2.7478,0.2082,5.2697,118.6872,1.6306,3.2933,0.1428
14-Feb-23,4.3495,5.2829,4.6692,3.2942,4.737,3.0281,3.2622,3.2763,55.4087,12.8617,7.937,14.4095,0.3429,0.0287,115.908,5.8153,0.6382,3.2763,0.0184,0.1061,2.7578,0.2077,5.2655,118.415,1.6126,3.2908,0.1425
15-Feb-23,4.384,5.3257,4.6992,3.2951,4.7482,3.0414,3.2801,3.2904,55.8614,12.845,7.9521,14.4467,0.3413,0.0288,116.8428,5.8818,0.6407,3.2904,0.0186,0.107,2.7632,0.2094,5.2903,119.3542,1.6389,3.3063,0.1433
16-Feb-23,4.4025,5.3039,4.7151,3.2912,4.7747,3.0428,3.2895,3.3003,56.0917,12.8672,7.9777,14.5443,0.3433,0.029,117.3546,5.8878,0.6427,3.3003,0.0186,0.1075,2.7714,0.2103,5.3275,119.8579,1.6541,3.3298,0.1441
17-Feb-23,4.4295,5.2952,4.7183,3.2894,4.7719,3.0335,3.2849,3.3072,56.4386,12.8243,8.0128,14.5707,0.3405,0.0292,118.0948,5.9202,0.6443,3.3072,0.0186,0.1082,2.7578,0.2116,5.3524,120.593,1.6658,3.3453,0.1449
20-Feb-23,4.432,5.3301,4.7343,3.3019,4.7911,3.0525,3.2877,3.3164,56.6527,12.8997,8.0363,14.5912,0.3425,0.0292,118.1646,5.8989,0.6453,3.3164,0.0186,0.1084,2.7642,0.2117,5.3609,120.661,1.6861,3.3505,0.1447
21-Feb-23,4.432,5.3286,4.7274,3.297,4.7965,3.0572,3.2892,3.3135,56.5313,12.8148,8.0531,14.578,0.3419,0.0292,118.163,5.8989,0.645,3.3135,0.0187,0.1084,2.7671,0.2117,5.3563,120.661,1.6932,3.3477,0.145
22-Feb-23,4.4365,5.377,4.7293,3.2886,4.7895,3.0337,3.2768,3.3127,56.5519,12.8074,8.0532,14.5307,0.3404,0.0292,118.2799,5.918,0.6436,3.3127,0.0187,0.1089,2.7639,0.2119,5.3562,120.7835,1.6884,3.3475,0.145
23-Feb-23,4.434,5.3492,4.7102,3.2899,4.7713,3.03,3.2791,3.3135,56.5255,12.8215,8.0618,14.6216,0.3424,0.0292,118.1975,5.9072,0.6442,3.3135,0.0186,0.109,2.7695,0.2118,5.3569,120.7155,1.6946,3.3479,0.1448
24-Feb-23,4.4335,5.3304,4.6995,3.2908,4.7478,3.0217,3.2753,3.3013,56.4975,12.7537,8.0734,14.5385,0.3405,0.0291,118.1636,5.8995,0.6405,3.3013,0.0186,0.1092,2.7645,0.2118,5.362,120.7019,1.6865,3.3511,0.1447
27-Feb-23,4.4725,5.3426,4.716,3.28,4.7499,3.0017,3.2847,3.3114,56.9992,12.7349,8.06,14.532,0.339,0.0293,119.2031,5.9385,0.6415,3.3115,0.0188,0.1103,2.747,0.2136,5.3953,121.7636,1.7189,3.3715,0.146
28-Feb-23,4.4835,5.4033,4.7494,3.291,4.7885,3.0199,3.3015,3.3262,57.1303,12.789,8.1179,14.6195,0.3397,0.0294,119.466,5.9464,0.6466,3.3262,0.0189,0.1106,2.7614,0.2141,5.4217,122.0631,1.7248,3.3886,0.1461
1-Mar-23,4.486,5.4009,4.752,3.2895,4.7706,3.0272,3.2928,3.3312,57.1505,12.7989,8.1534,14.6501,0.341,0.0294,119.5422,5.961,0.6487,3.3312,0.0189,0.1103,2.7838,0.2143,5.443,122.1312,1.7155,3.4016,0.1465
2-Mar-23,4.4765,5.3738,4.7657,3.2823,4.7516,3.0201,3.289,3.3289,57.028,12.8533,8.1339,14.5974,0.3411,0.0293,119.2938,5.9711,0.6494,3.3289,0.0189,0.1098,2.7893,0.2138,5.4203,121.8725,1.7119,3.3878,0.1461
3-Mar-23,4.4785,5.3585,4.7499,3.2765,4.7578,3.0187,3.2964,3.3237,57.0535,12.872,8.159,14.6086,0.3429,0.0292,119.3248,5.9552,0.6484,3.3237,0.0189,0.11,2.7872,0.2139,5.4437,121.927,1.589,3.4025,0.1455
6-Mar-23,4.464,5.376,4.7524,3.2953,4.7713,3.0206,3.2839,3.3216,56.8666,12.9391,8.1408,14.6107,0.3445,0.0292,118.9401,5.9369,0.6462,3.3216,0.0188,0.1097,2.7773,0.2132,5.4598,121.5322,1.6034,3.4126,0.1452
7-Mar-23,4.477,5.3921,4.7866,3.2928,4.8145,3.0063,3.2905,3.3295,57.0337,12.9618,8.1219,14.6298,0.345,0.0291,119.2896,5.9546,0.6452,3.3295,0.0189,0.1102,2.7802,0.2138,5.4744,121.8862,1.6243,3.4159,0.1452
8-Mar-23,4.5225,5.3422,4.7622,3.2828,4.7931,2.9726,3.284,3.3341,57.6118,12.8544,8.1567,14.6782,0.3417,0.0292,120.4843,6.0175,0.6482,3.3341,0.0191,0.1114,2.7533,0.216,5.5037,123.1249,1.6334,3.4398,0.1467
9-Mar-23,4.5245,5.3602,4.7729,3.3039,4.8107,2.9828,3.2761,3.3422,57.638,12.9032,8.1869,14.688,0.3427,0.0293,120.5168,5.9876,0.6493,3.3422,0.0191,0.1114,2.7649,0.2161,5.5264,123.1793,1.6275,3.4541,0.1465
10-Mar-23,4.518,5.3873,4.7877,3.3098,4.8654,2.9724,3.2629,3.3324,57.5567,12.8745,8.1833,14.6173,0.3401,0.0292,120.3452,5.9901,0.6484,3.3324,0.0191,0.1113,2.7564,0.2158,5.5066,123.0024,1.6252,3.4418,0.1462
13-Mar-23,4.484,5.4364,4.8055,3.3436,4.8915,2.9877,3.2685,3.3359,57.1527,12.9905,8.1698,14.6632,0.3442,0.0292,119.4396,5.951,0.6521,3.3359,0.019,0.1104,2.7781,0.2142,5.481,122.0867,1.6174,3.4256,0.1449
14-Mar-23,4.48,5.4454,4.7949,3.3487,4.9023,2.9765,3.2628,3.3234,57.1075,12.9723,8.144,14.69,0.3434,0.0291,119.3298,5.9842,0.6521,3.3233,0.019,0.1103,2.7836,0.214,5.4404,121.9712,1.5889,3.4001,0.145
15-Mar-23,4.471,5.4423,4.8068,3.3302,4.8949,2.9942,3.2696,3.3317,56.9565,12.9566,8.1532,14.6295,0.344,0.0291,119.0695,5.9791,0.6495,3.3317,0.019,0.11,2.7852,0.2135,5.4291,121.7327,1.6046,3.393,0.1447
16-Mar-23,4.508,5.4434,4.7778,3.3962,4.8444,2.9886,3.2783,3.337,57.437,13.0638,8.2023,14.7128,0.3435,0.0292,120.0295,6.0012,0.6529,3.337,0.0191,0.1109,2.7765,0.2153,5.4476,122.7335,1.5908,3.4048,0.1459
17-Mar-23,4.4825,5.4418,4.7694,3.3649,4.835,3.006,3.2735,3.3402,57.1055,13.1173,8.2022,14.6703,0.3447,0.0292,119.3392,5.9752,0.6523,3.3402,0.019,0.1102,2.7955,0.2141,5.4328,122.0459,1.5818,3.3956,0.1455
20-Mar-23,4.4805,5.4546,4.7802,3.3937,4.837,2.9988,3.2659,3.339,57.0932,13.1383,8.194,14.6599,0.3415,0.0291,119.2812,5.9797,0.6496,3.339,0.019,0.1101,2.8012,0.214,5.432,121.9881,1.6103,3.395,0.1448
21-Mar-23,4.4775,5.4892,4.7979,3.4123,4.8197,2.9979,3.2728,3.3445,57.1201,13.1046,8.2352,14.6527,0.3424,0.0292,119.2045,5.9989,0.6507,3.3445,0.019,0.1101,2.7841,0.2139,5.4198,121.9097,1.5884,3.3873,0.1449
22-Mar-23,4.472,5.4695,4.8163,3.378,4.8472,2.9927,3.2638,3.3456,56.9798,12.9887,8.201,14.6623,0.342,0.0291,119.028,6.0004,0.6494,3.3456,0.019,0.1099,2.7733,0.2136,5.4114,121.7567,1.5872,3.3813,0.1447
23-Mar-23,4.4285,5.4544,4.8271,3.3902,4.8362,2.9804,3.2377,3.3424,56.4237,12.9849,8.1227,14.6083,0.3463,0.0289,117.9,5.9424,0.6478,3.3424,0.0188,0.1087,2.778,0.2115,5.3814,120.5723,1.5648,3.3638,0.1433
24-Mar-23,4.4265,5.4371,4.7935,3.3962,4.8303,2.9578,3.2257,3.3333,56.3936,12.9762,8.1452,14.5911,0.3429,0.0291,117.8326,5.9656,0.6466,3.3333,0.0188,0.1087,2.7626,0.2114,5.3818,120.5343,1.5648,3.3636,0.143
27-Mar-23,4.4295,5.4237,4.7715,3.3918,4.8233,2.9489,3.2273,3.3236,56.4278,12.9244,8.1432,14.6039,0.3415,0.0292,117.914,5.9426,0.6442,3.3236,0.0188,0.1088,2.7501,0.2116,5.3804,120.6127,1.5666,3.3621,0.1434
28-Mar-23,4.397,5.4162,4.7556,3.3672,4.8107,2.9423,3.2244,3.3104,56.0152,12.8249,8.0846,14.4977,0.3388,0.0291,117.0723,5.8996,0.6389,3.3104,0.0187,0.1081,2.7409,0.21,5.35,119.7245,1.5537,3.3437,0.1423
29-Mar-23,4.4008,5.4239,4.7691,3.342,4.7795,2.9476,3.2351,3.3117,56.063,12.8218,8.0837,14.4495,0.3385,0.0291,117.1846,5.9175,0.6389,3.3117,0.0187,0.1083,2.7549,0.2102,5.3506,119.8168,1.5523,3.3444,0.1424
30-Mar-23,4.424,5.4435,4.7925,3.3345,4.8113,2.955,3.2588,3.3257,56.3578,12.9027,8.1279,14.5121,0.3389,0.0294,117.8178,5.9521,0.6416,3.3257,0.0188,0.1088,2.7489,0.2113,5.3779,120.4596,1.5605,3.3579,0.1436
31-Mar-23,4.409,5.4661,4.8089,3.3209,4.8262,2.9624,3.2609,3.3229,56.1688,12.9315,8.1182,14.4781,0.3407,0.0295,117.4559,5.9332,0.6427,3.3229,0.0188,0.1084,2.7722,0.2106,5.3698,120.0414,1.556,3.3562,0.1432
3-Apr-23,4.4225,5.4295,4.7719,3.3141,4.8175,2.9467,3.2708,3.3141,56.3379,12.843,8.108,14.4293,0.3351,0.0295,117.7841,5.9493,0.6417,3.3141,0.0188,0.1088,2.7508,0.2112,5.3646,120.4155,1.5781,3.3536,0.1431
4-Apr-23,4.4075,5.4671,4.7993,3.3175,4.8233,2.9885,3.2802,3.32,56.1515,12.8611,8.0753,14.4532,0.3361,0.0296,117.5098,5.9276,0.6404,3.32,0.0188,0.1085,2.778,0.2105,5.3615,120.0071,1.5468,3.3456,0.1426
5-Apr-23,4.396,5.491,4.8176,3.3383,4.8542,2.9693,3.2697,3.3154,56.0018,12.9313,8.0742,14.4264,0.3348,0.0295,117.2032,5.9268,0.639,3.3154,0.0187,0.1081,2.7917,0.21,5.3553,119.6809,1.5245,3.3472,0.1423
6-Apr-23,4.4045,5.4814,4.7978,3.3567,4.8553,2.9512,3.266,3.3123,56.1094,12.9439,8.0802,14.4308,0.3341,0.0295,117.4048,5.9458,0.6402,3.3123,0.0188,0.1082,2.7724,0.2104,5.3762,119.9189,1.5261,3.3603,0.1425
7-Apr-23,4.4025,5.4802,4.8073,3.3424,4.8671,2.9413,3.2637,3.3083,56.0839,12.8935,8.0795,14.4541,0.3339,0.0295,117.3546,5.9367,0.6402,3.3083,0.0188,0.1082,2.7575,0.2103,5.3799,119.871,1.5543,3.36,0.1425
10-Apr-23,4.408,5.4699,4.8043,3.3217,4.8651,2.9368,3.2622,3.3143,56.1539,12.8401,8.0747,14.4776,0.3342,0.0296,117.4918,5.9426,0.641,3.3143,0.0188,0.1084,2.7477,0.2105,5.3858,120.0207,1.5523,3.3662,0.1427
11-Apr-23,4.416,5.4787,4.8051,3.31,4.8624,2.9448,3.2721,3.3166,56.2559,12.869,8.079,14.488,0.335,0.0297,117.7082,5.952,0.6415,3.3166,0.0188,0.1084,2.7498,0.2109,5.3831,120.2418,1.5414,3.3643,0.1429
12-Apr-23,4.4155,5.4898,4.8235,3.299,4.892,2.9432,3.2802,3.3151,56.2488,12.8882,8.026,14.4666,0.3334,0.0297,117.7012,5.9515,0.6411,3.3151,0.0188,0.1084,2.7356,0.2109,5.38,120.2347,1.5292,3.3632,0.1434
13-Apr-23,4.402,5.4966,4.8374,3.3032,4.908,2.9535,3.276,3.3176,56.0804,12.8563,7.9689,14.4273,0.3352,0.0297,117.3554,5.9301,0.6404,3.3176,0.0188,0.1081,2.7363,0.2102,5.3695,119.8639,1.5287,3.3561,0.1425
14-Apr-23,4.3885,5.5041,4.8581,3.3145,4.9437,2.9776,3.2939,3.3145,55.907,12.8169,7.9581,14.434,0.3386,0.0299,116.9955,5.9318,0.642,3.3145,0.0187,0.1077,2.7694,0.2096,5.3812,119.4963,1.5646,3.3508,0.142
17-Apr-23,4.419,5.4811,4.8503,3.2981,4.9402,2.964,3.307,3.3174,56.2941,12.86,7.9564,14.4845,0.3364,0.0299,117.8039,5.9859,0.6426,3.3174,0.0188,0.1084,2.738,0.2111,5.3922,120.3333,1.5535,3.3705,0.143
18-Apr-23,4.438,5.4931,4.8534,3.301,4.9448,2.9795,3.3153,3.3265,56.5361,12.875,7.9215,14.5456,0.3364,0.0299,118.3168,5.9883,0.6456,3.3265,0.0189,0.1089,2.7467,0.212,5.4129,120.8507,1.56,3.3834,0.1436
19-Apr-23,4.4315,5.5039,4.8631,3.2998,4.942,2.9826,3.3084,3.3233,56.4569,12.8935,7.9035,14.5174,0.3361,0.0299,118.1498,5.9789,0.6444,3.3233,0.0189,0.1087,2.7506,0.2117,5.3988,120.6704,1.5612,3.3741,0.1434
20-Apr-23,4.438,5.5162,4.8638,3.2939,4.9482,2.9755,3.2949,3.3263,56.5404,12.8852,7.8751,14.4869,0.3343,0.0299,118.3372,5.9744,0.6442,3.3263,0.0189,0.1087,2.7331,0.212,5.4003,120.8474,1.5668,3.3755,0.1436
25-Apr-23,4.4415,5.545,4.9092,3.3055,5.0065,2.9665,3.2794,3.3292,56.5857,12.9076,7.989,14.4792,0.3324,0.0299,118.4211,5.9954,0.6431,3.3292,0.0189,0.1082,2.7404,0.2121,5.4243,120.946,1.5662,3.3903,0.1437
26-Apr-23,4.461,5.5379,4.8959,3.3407,5.0051,2.9476,3.2708,3.3347,56.8291,12.9907,8.027,14.522,0.3332,0.03,118.9378,6.0205,0.6443,3.3347,0.019,0.1085,2.7344,0.2131,5.4417,121.4754,1.5737,3.4011,0.1444
27-Apr-23,4.458,5.5589,4.9241,3.3347,5.0028,2.9456,3.2689,3.3381,56.7902,13.0647,7.9935,14.5254,0.3322,0.0302,118.8436,6.0241,0.6438,3.3381,0.019,0.1082,2.7334,0.2129,5.4562,121.3953,1.5711,3.4101,0.144
28-Apr-23,4.4585,5.5702,4.9128,3.3318,4.9866,2.9553,3.2777,3.342,56.7973,13.0681,8.037,14.5181,0.3328,0.0305,118.8632,6.0239,0.6448,3.342,0.019,0.108,2.7429,0.2129,5.4538,121.4056,1.5721,3.408,0.1443
2-May-23,4.461,5.5754,4.9,3.2445,4.9827,2.9576,3.2935,3.3382,56.8291,13.0324,8.0545,14.4894,0.3327,0.0303,118.9441,6.012,0.6454,3.3382,0.019,0.108,2.7556,0.2131,5.4569,121.4754,1.5718,3.4108,0.1444
3-May-23,4.458,5.5692,4.9172,3.2766,5.0048,2.9728,3.2753,3.3432,56.7902,13.0954,8.0593,14.5035,0.3331,0.0303,118.8768,5.9944,0.645,3.3432,0.019,0.1079,2.78,0.2129,5.4518,121.392,1.5714,3.4075,0.1442
5-May-23,4.438,5.5965,4.9013,3.3108,5.0198,2.9892,3.2858,3.3496,56.5437,13.1292,8.0319,14.482,0.3372,0.0303,118.334,6.0012,0.6424,3.3496,0.0189,0.1074,2.801,0.212,5.4332,120.8474,1.5635,3.3906,0.1434
8-May-23,4.435,5.6085,4.8958,3.2885,4.9896,3.0023,3.316,3.3463,56.5137,13.0604,8.0257,14.4682,0.3356,0.0302,118.2604,5.9933,0.6414,3.3463,0.0189,0.1072,2.7963,0.2118,5.4269,120.7756,1.5837,3.3918,0.1435
9-May-23,4.441,5.6037,4.8824,3.2912,4.9921,3.0132,3.322,3.3525,56.588,13.1868,7.996,14.4837,0.3361,0.0301,118.4204,6.0039,0.6416,3.3525,0.0189,0.1073,2.8154,0.2121,5.4261,120.9324,1.5646,3.3914,0.1437
10-May-23,4.4535,5.6252,4.8884,3.2954,5.0059,3.0146,3.328,3.3575,56.8741,13.2367,7.9755,14.5042,0.3365,0.0302,118.7537,6.0089,0.6429,3.3575,0.019,0.1077,2.8273,0.2127,5.4323,121.3042,1.569,3.3951,0.1441
11-May-23,4.455,5.6215,4.8894,3.3198,5.0008,3.0171,3.3296,3.3606,56.8867,13.2049,7.9968,14.502,0.3367,0.0303,118.7937,6.0043,0.6424,3.3606,0.019,0.1078,2.8374,0.2128,5.4356,121.3169,1.5369,3.3974,0.1442
12-May-23,4.479,5.6086,4.8924,3.329,5.0171,2.9969,3.3206,3.3637,57.1155,13.2104,8.0244,14.564,0.3357,0.0304,119.4336,6.0313,0.6449,3.3637,0.0191,0.1085,2.8052,0.2139,5.4559,121.9672,1.515,3.41,0.145
15-May-23,4.4995,5.6055,4.8865,3.3054,5.0117,2.9973,3.3203,3.3611,57.374,13.2964,8.037,14.5969,0.3359,0.0304,119.9755,6.0517,0.6461,3.3611,0.0192,0.109,2.791,0.2149,5.4738,122.5287,1.5971,3.4212,0.1456
16-May-23,4.4988,5.6358,4.896,3.3088,5.0268,3.0121,3.3402,3.3677,57.4087,13.2804,8.0242,14.6163,0.3367,0.0304,119.9635,6.0403,0.6465,3.3677,0.0192,0.1091,2.8122,0.2149,5.4716,122.505,1.5791,3.4198,0.1456
17-May-23,4.5195,5.6415,4.9109,3.3118,5.0458,3.01,3.3541,3.3704,57.6728,13.2275,8.0397,14.6592,0.3375,0.0304,120.52,6.0715,0.6464,3.3704,0.0193,0.1096,2.8224,0.2159,5.4894,123.0767,1.585,3.431,0.1463
18-May-23,4.5255,5.6481,4.9056,3.2892,5.037,3.009,3.3611,3.3717,57.8165,13.246,8.0878,14.7133,0.3398,0.0304,120.6655,6.0577,0.6459,3.3717,0.0193,0.1098,2.8327,0.2161,5.4931,123.2435,1.5879,3.4331,0.1465
19-May-23,4.553,5.6466,4.9031,3.2891,5.0315,3.0218,3.3745,3.3762,58.2639,13.2019,8.169,14.8183,0.342,0.0305,121.4133,6.0854,0.6465,3.3762,0.0193,0.1104,2.8427,0.2175,5.5032,123.9991,1.5934,3.439,0.1473
22-May-23,4.5385,5.6545,4.9111,3.2961,5.0546,3.0181,3.3621,3.376,58.0404,13.1646,8.1386,14.814,0.3445,0.0305,121.0267,6.0631,0.6463,3.376,0.0193,0.1101,2.8529,0.2168,5.4834,123.5874,1.6081,3.4271,0.1469
23-May-23,4.55,5.6584,4.9176,3.2822,5.0646,3.0283,3.3722,3.3815,58.1265,13.1398,8.1841,14.8252,0.3469,0.0306,121.3333,6.0829,0.6454,3.3815,0.0194,0.1103,2.8604,0.2173,5.4937,123.904,1.5877,3.4337,0.1477
24-May-23,4.584,5.6965,4.9411,3.3115,5.0882,3.0266,3.3939,3.4043,58.4951,13.2898,8.2221,14.8918,0.3482,0.0308,122.24,6.1143,0.6495,3.4043,0.0195,0.1112,2.8295,0.2189,5.5367,124.8264,1.5975,3.4608,0.1488
25-May-23,4.6195,5.7012,4.9602,3.3076,5.0965,3.0158,3.3951,3.4162,58.9775,13.2907,8.258,14.9891,0.3487,0.0309,123.1768,6.1579,0.6533,3.4162,0.0197,0.1121,2.8121,0.2206,5.5833,125.7965,1.6072,3.4897,0.1495
26-May-23,4.6345,5.7153,4.9765,3.3143,5.1227,3.0178,3.3982,3.426,59.1645,13.381,8.2937,15.0814,0.3495,0.031,123.5867,6.1658,0.6563,3.426,0.0197,0.1124,2.8108,0.2214,5.6028,126.205,1.6183,3.5017,0.15
29-May-23,4.6035,5.6842,4.94,3.2743,5.0853,3.0056,3.3832,3.4028,58.7792,13.2484,8.2183,15.0176,0.3479,0.0307,122.7469,6.1301,0.6511,3.4028,0.0196,0.1115,2.7833,0.2199,5.5781,125.3608,1.6347,3.486,0.149
30-May-23,4.6125,5.696,4.9386,3.2889,5.1012,3.0046,3.3904,3.4063,58.8956,13.26,8.1993,15.0691,0.3487,0.0308,122.9967,6.1421,0.6504,3.4063,0.0196,0.1119,2.7836,0.2203,5.5796,125.5888,1.6166,3.4871,0.1493
31-May-23,4.6165,5.7192,4.9387,3.3026,5.0837,2.998,3.3854,3.41,58.9399,13.2868,8.2093,15.0238,0.3487,0.0308,123.1034,6.144,0.6498,3.41,0.0197,0.1118,2.7715,0.2205,5.5816,125.6909,1.6193,3.4885,0.1499
1-Jun-23,4.612,5.7339,4.9291,3.306,5.0631,3.0047,3.3997,3.4124,58.8874,13.2872,8.2064,15.0101,0.3492,0.0308,122.9604,6.1222,0.6497,3.4124,0.0196,0.1116,2.7718,0.2203,5.5978,125.5684,1.6177,3.4986,0.1493
2-Jun-23,4.591,5.7564,4.9436,3.3089,5.0763,3.0369,3.4186,3.414,58.6241,13.2717,8.2048,14.9866,0.3514,0.0306,122.4201,6.1059,0.6491,3.414,0.0196,0.1112,2.8026,0.2193,5.577,124.9898,1.6083,3.4854,0.1486
6-Jun-23,4.5985,5.7212,4.9278,3.2952,5.0764,3.0431,3.4237,3.4079,58.6495,13.2188,8.1787,14.9774,0.3538,0.031,122.6234,6.1075,0.6467,3.4079,0.0196,0.1111,2.7938,0.2196,5.5684,125.2093,1.6115,3.4803,0.1493
7-Jun-23,4.606,5.7232,4.9252,3.3064,5.0794,3.0747,3.4364,3.4173,58.7418,13.2499,8.2089,14.9801,0.3542,0.031,122.8234,6.1218,0.647,3.4173,0.0196,0.1113,2.7998,0.22,5.5802,125.405,1.607,3.4877,0.1491
8-Jun-23,4.618,5.7492,4.945,3.3032,5.0772,3.0767,3.4559,3.4252,58.9309,13.2378,8.2164,15.0025,0.3532,0.031,123.1434,6.143,0.6468,3.4252,0.0197,0.1115,2.793,0.2206,5.592,125.7249,1.6112,3.4952,0.1492
9-Jun-23,4.612,5.7874,4.9708,3.3114,5.1276,3.0893,3.4496,3.433,58.8521,13.3083,8.2309,14.992,0.3561,0.031,122.9736,6.1344,0.6473,3.433,0.0196,0.1114,2.808,0.2203,5.5923,125.5684,1.6055,3.4953,0.149
12-Jun-23,4.618,5.8053,4.9602,3.3119,5.1084,3.1135,3.4596,3.4367,58.9102,13.3141,8.2376,15.0037,0.3577,0.0311,123.1253,6.1516,0.6466,3.4367,0.0197,0.1116,2.8271,0.2206,5.6035,125.7317,1.6098,3.5022,0.1495
13-Jun-23,4.6205,5.7911,4.9804,3.3147,5.0934,3.1255,3.4594,3.4444,58.9737,13.3831,8.248,15.0397,0.3636,0.0311,123.2101,6.1583,0.6456,3.4444,0.0197,0.1118,2.8324,0.2207,5.6056,125.7998,1.6071,3.5036,0.1495
14-Jun-23,4.6195,5.8266,4.9842,3.2993,5.1055,3.1299,3.4711,3.4424,58.9907,13.3434,8.2521,15.0428,0.362,0.031,123.1834,6.1592,0.6449,3.4424,0.0197,0.1119,2.8475,0.2206,5.6133,125.7726,1.6099,3.5083,0.1495
15-Jun-23,4.6355,5.8611,5.0124,3.2858,5.1315,3.1521,3.4742,3.4485,59.2283,13.3147,8.2688,15.0704,0.3614,0.031,123.6052,6.1829,0.6463,3.4485,0.0197,0.1122,2.8647,0.2214,5.6415,126.2116,1.6139,3.5259,0.15
16-Jun-23,4.618,5.9,5.0512,3.286,5.1757,3.173,3.4896,3.4526,59.045,13.3199,8.2704,15.0404,0.362,0.0309,123.1303,6.1633,0.6472,3.4526,0.0196,0.1118,2.8766,0.2206,5.6324,125.7317,1.6063,3.5202,0.1495
19-Jun-23,4.614,5.9138,5.0463,3.26,5.1585,3.1551,3.4886,3.4447,59.0158,13.2892,8.2585,14.9752,0.3599,0.0308,123.0318,6.1867,0.6454,3.4447,0.0196,0.1118,2.8644,0.2204,5.6286,125.6365,1.6269,3.5181,0.1493
20-Jun-23,4.6375,5.9318,5.0642,3.2722,5.172,3.1574,3.5081,3.4561,59.3042,13.3338,8.3094,15.0028,0.3623,0.0308,123.637,6.2182,0.6464,3.4561,0.0197,0.1121,2.8669,0.2215,5.6493,126.2764,1.613,3.5305,0.1501
21-Jun-23,4.649,5.9321,5.0746,3.2824,5.1733,3.1574,3.517,3.4597,59.4095,13.3439,8.3585,15.0084,0.3597,0.031,123.9469,6.2208,0.6462,3.4597,0.0198,0.1124,2.8691,0.222,5.6646,126.5757,1.6172,3.5395,0.1505
22-Jun-23,4.6515,5.9393,5.1134,3.2816,5.2138,3.1581,3.5363,3.4698,59.4346,13.3338,8.3638,15.0483,0.3602,0.0312,123.9904,6.2179,0.6479,3.4698,0.0198,0.1124,2.8872,0.2222,5.6777,126.6438,1.6216,3.5481,0.1505
23-Jun-23,4.676,5.9444,5.1137,3.2684,5.2124,3.1364,3.5461,3.4682,59.7171,13.2766,8.407,15.0426,0.3589,0.0312,124.6601,6.2698,0.6513,3.4682,0.0199,0.113,2.875,0.2233,5.6997,127.3109,1.629,3.5624,0.1513
26-Jun-23,4.6845,5.9641,5.1089,3.2659,5.2294,3.1335,3.5599,3.4663,59.8211,13.2856,8.405,15.1113,0.3595,0.0312,124.8834,6.2463,0.649,3.4663,0.0199,0.1132,2.8915,0.2237,5.7165,127.5423,1.6542,3.5727,0.1516
27-Jun-23,4.664,5.9366,5.0964,3.2516,5.2123,3.1328,3.5531,3.4557,59.5696,13.2491,8.3998,15.0437,0.358,0.0311,124.3568,6.2235,0.6465,3.4557,0.0198,0.1128,2.8817,0.2228,5.69,126.9841,1.6273,3.5562,0.1509
28-Jun-23,4.667,5.942,5.1111,3.2413,5.2192,3.1012,3.5336,3.4554,59.6014,13.1911,8.4516,15.0115,0.3575,0.0311,124.4367,6.2365,0.6457,3.4554,0.0198,0.1128,2.8569,0.2229,5.6931,127.0589,1.6284,3.5581,0.151
30-Jun-23,4.679,5.9042,5.0865,3.2319,5.2076,3.1008,3.532,3.4517,59.7181,13.1248,8.4565,15.0363,0.3546,0.0312,124.7567,6.2412,0.6455,3.4517,0.0198,0.113,2.8486,0.2235,5.7048,127.3891,1.6329,3.5656,0.1514
3-Jul-23,4.6675,5.9277,5.0936,3.2275,5.2151,3.11,3.525,3.4555,59.5975,13.275,8.4648,15.0044,0.3565,0.0311,124.4451,6.2081,0.6445,3.4555,0.0198,0.1126,2.8703,0.2229,5.7045,127.0794,1.6292,3.5658,0.1511
4-Jul-23,4.664,5.9175,5.0861,3.2238,5.2025,3.1137,3.5204,3.4537,59.5669,13.3039,8.4439,14.9852,0.3585,0.0311,124.3601,6.2034,0.645,3.4537,0.0197,0.1126,2.8719,0.2228,5.6945,126.9841,1.6276,3.5589,0.1509
5-Jul-23,4.6465,5.9038,5.0545,3.215,5.1774,3.1062,3.5117,3.4394,59.3464,13.3004,8.3834,14.9204,0.3568,0.031,123.8968,6.1802,0.6425,3.4394,0.0195,0.1122,2.878,0.2219,5.6619,126.5008,1.6896,3.5387,0.1504
6-Jul-23,4.659,5.9144,5.0504,3.2301,5.1856,3.0989,3.5037,3.4421,59.5955,13.2622,8.381,14.9045,0.3571,0.0309,124.2102,6.2068,0.6426,3.4421,0.0196,0.1125,2.8772,0.2225,5.6523,126.8515,1.6795,3.5332,0.1508
7-Jul-23,4.671,5.949,5.0858,3.2457,5.2129,3.0976,3.4952,3.4512,59.7097,13.2407,8.4094,14.9343,0.3575,0.0309,124.5102,6.2291,0.6447,3.4512,0.0197,0.1128,2.8806,0.2231,5.6514,127.1747,1.6881,3.5321,0.1512
10-Jul-23,4.668,5.9806,5.1143,3.2695,5.2417,3.1115,3.5119,3.4605,59.6207,13.2689,8.3953,14.8852,0.3576,0.0307,124.4286,6.2278,0.6453,3.4605,0.0198,0.1127,2.8867,0.223,5.653,127.093,1.6794,3.5332,0.1511
11-Jul-23,4.661,6.0024,5.135,3.3105,5.2705,3.1173,3.5143,3.472,59.5545,13.3477,8.4271,14.8724,0.3604,0.0307,124.2503,6.2334,0.6466,3.472,0.0197,0.1125,2.8982,0.2226,5.6588,126.9025,1.6661,3.5367,0.1508
12-Jul-23,4.649,6.0251,5.1278,3.3289,5.2932,3.1237,3.52,3.475,59.3852,13.3419,8.4382,14.8813,0.3602,0.0308,123.9403,6.2403,0.6468,3.475,0.0196,0.1123,2.894,0.222,5.6471,126.5757,1.6657,3.5297,0.1503
13-Jul-23,4.6075,5.9953,5.1353,3.3266,5.3226,3.14,3.4965,3.467,58.9145,13.3232,8.4425,14.86,0.3621,0.0308,122.8175,6.1914,0.6428,3.467,0.0195,0.1113,2.9165,0.2201,5.6207,125.4458,1.6581,3.513,0.149
14-Jul-23,4.52,5.9384,5.0814,3.2888,5.273,3.1156,3.452,3.4309,57.8401,13.0825,8.3203,14.6701,0.358,0.0303,120.4755,6.1103,0.6341,3.4309,0.0191,0.1092,2.8973,0.2159,5.5109,123.0568,1.6393,3.4443,0.1463
17-Jul-23,4.555,5.9614,5.1139,3.2849,5.2879,3.101,3.4448,3.4446,58.3062,13.1306,8.3701,14.6789,0.3598,0.0304,121.4197,6.1698,0.6354,3.4446,0.0193,0.1099,2.8911,0.2176,5.5432,124.0131,1.6617,3.4644,0.1474
18-Jul-23,4.5355,5.939,5.1043,3.2727,5.2818,3.0966,3.4394,3.4333,58.0165,13.223,8.3385,14.642,0.3599,0.0302,120.9355,6.1427,0.6325,3.4333,0.0192,0.1095,2.8751,0.2166,5.5299,123.4889,1.6257,3.4561,0.1468
20-Jul-23,4.5485,5.8914,5.1061,3.268,5.3124,3.1073,3.4614,3.4402,58.2488,13.4174,8.3558,14.6466,0.3597,0.0303,121.3339,6.1413,0.6339,3.4402,0.0192,0.1098,2.8681,0.2172,5.5439,123.8327,1.6023,3.465,0.1477
21-Jul-23,4.5525,5.8618,5.0697,3.2477,5.2551,3.0839,3.4567,3.4314,58.2593,13.2881,8.3272,14.5722,0.3552,0.0303,121.3612,6.1507,0.6348,3.4314,0.0192,0.1099,2.8339,0.2174,5.5495,123.9416,1.5979,3.4684,0.1478
24-Jul-23,4.575,5.8844,5.0901,3.2352,5.2817,3.0803,3.4608,3.4383,58.5274,13.2551,8.3638,14.5821,0.3566,0.0304,122.0407,6.1574,0.636,3.4382,0.0193,0.1105,2.8223,0.2185,5.5774,124.561,1.6145,3.4858,0.1481
25-Jul-23,4.5663,5.8631,5.0585,3.2319,5.2561,3.0893,3.471,3.435,58.4476,13.2355,8.3646,14.5999,0.357,0.0304,121.7472,6.1401,0.6385,3.435,0.0193,0.1103,2.8379,0.2181,5.5891,124.3228,1.5843,3.4932,0.1478
26-Jul-23,4.5605,5.8787,5.0394,3.2347,5.2747,3.0843,3.459,3.4335,58.4043,13.238,8.3434,14.5997,0.357,0.0303,121.5924,6.1284,0.6374,3.4335,0.0193,0.1101,2.8334,0.2178,5.5656,124.1662,1.5954,3.4784,0.1476
27-Jul-23,4.5295,5.8711,5.0277,3.2394,5.2702,3.0844,3.4376,3.424,58.1104,13.3064,8.3072,14.5256,0.356,0.0302,120.7673,6.0982,0.6351,3.424,0.0191,0.1094,2.8343,0.2163,5.529,123.3222,1.5801,3.4557,0.1466
28-Jul-23,4.5463,5.8151,4.9906,3.2535,5.2286,3.0305,3.4357,3.4136,58.2998,13.3429,8.2923,14.4638,0.3554,0.0302,121.1946,6.1325,0.6349,3.4136,0.0192,0.1098,2.7998,0.2171,5.5293,123.7749,1.5872,3.4554,0.1471
31-Jul-23,4.5405,5.8348,5.0005,3.2033,5.2103,3.0317,3.4264,3.4094,58.2086,13.255,8.2841,14.4459,0.3561,0.0301,121.0606,6.0981,0.6353,3.4094,0.0192,0.1096,2.8088,0.2169,5.5207,123.6149,1.6049,3.4504,0.1469
1-Aug-23,4.516,5.7906,4.9611,3.165,5.1783,3.0226,3.4158,3.3918,57.9179,13.2182,8.251,14.3088,0.3526,0.0299,120.3753,6.0647,0.6302,3.3918,0.0191,0.109,2.7963,0.2157,5.4872,122.9479,1.575,3.4298,0.1461
2-Aug-23,4.5395,5.799,4.9875,3.1713,5.1886,2.9927,3.416,3.3964,58.2125,13.2001,8.2581,14.3437,0.3505,0.0299,120.984,6.0816,0.6319,3.3964,0.0191,0.1095,2.773,0.2168,5.5106,123.5877,1.5814,3.4441,0.1474
3-Aug-23,4.5545,5.7931,4.9803,3.1793,5.1891,2.977,3.4107,3.3924,58.3592,13.2062,8.2233,14.372,0.3503,0.03,121.4,6.0989,0.6334,3.3924,0.0192,0.1098,2.7671,0.2175,5.5091,123.9961,1.6038,3.4432,0.1474
4-Aug-23,4.548,5.7912,4.9821,3.1906,5.2019,2.9885,3.4069,3.3921,58.2573,13.1085,8.1714,14.333,0.3482,0.03,121.2429,6.078,0.6335,3.3921,0.0192,0.1097,2.77,0.2172,5.4964,123.8259,1.574,3.4353,0.1469
7-Aug-23,4.554,5.8009,5.0076,3.2028,5.2052,2.9972,3.4052,3.3981,58.3267,13.1164,8.1826,14.3666,0.3498,0.03,121.3898,6.0883,0.6332,3.3981,0.0192,0.1098,2.7793,0.2175,5.5033,123.9825,1.5964,3.4396,0.1479
8-Aug-23,4.5735,5.8337,5.0226,3.1908,5.231,2.9936,3.4145,3.4024,58.5607,13.0821,8.1408,14.3916,0.348,0.03,121.9065,6.1211,0.6342,3.4024,0.0193,0.1103,2.7805,0.2184,5.5232,124.5201,1.6025,3.452,0.148
9-Aug-23,4.5795,5.8405,5.0223,3.1976,5.2352,3.0012,3.4126,3.4014,58.6,13.1039,8.1298,14.3969,0.3472,0.0301,122.0614,6.1193,0.6353,3.4014,0.0193,0.1104,2.782,0.2187,5.5305,124.6869,1.5919,3.4565,0.1482
10-Aug-23,4.5735,5.8145,5.0212,3.1786,5.2152,2.9906,3.4092,3.3949,58.5026,13.0281,8.1271,14.3909,0.3471,0.0301,121.8935,6.1169,0.6342,3.3949,0.0193,0.1103,2.7741,0.2184,5.5222,124.5201,1.588,3.4514,0.1485
11-Aug-23,4.5805,5.8106,5.0326,3.166,5.2289,2.9888,3.4081,3.3948,58.5955,13.0239,8.1489,14.4064,0.3465,0.0301,122.0866,6.1352,0.6337,3.3948,0.0193,0.1105,2.7545,0.2188,5.5353,124.7107,1.5932,3.46,0.1482
14-Aug-23,4.613,5.8449,5.0434,3.1831,5.257,2.9835,3.426,3.4057,59.0188,13.1603,8.1076,14.4287,0.346,0.0301,122.951,6.1652,0.6355,3.4056,0.0194,0.1113,2.7491,0.2203,5.5592,125.5956,1.6201,3.4751,0.149
15-Aug-23,4.629,5.8735,5.0526,3.1816,5.2788,3.0123,3.4433,3.4136,59.1842,13.1235,8.1518,14.5023,0.3464,0.0302,123.3906,6.1739,0.6362,3.4136,0.0194,0.1116,2.7721,0.2211,5.5624,126.0312,1.6069,3.4875,0.1498
16-Aug-23,4.642,5.8942,5.063,3.1903,5.2837,2.9939,3.4384,3.4156,59.3151,13.0871,8.1686,14.554,0.3467,0.0303,123.7603,6.1848,0.6361,3.4156,0.0193,0.1119,2.7671,0.2217,5.576,126.3852,1.5944,3.4976,0.1502
17-Aug-23,4.6465,5.9078,5.0482,3.1733,5.2762,2.9656,3.4326,3.4117,59.3298,13.063,8.1989,14.5349,0.3462,0.0304,123.8935,6.1879,0.6351,3.4117,0.0194,0.112,2.7454,0.2219,5.5936,126.5077,1.5685,3.4965,0.1504
18-Aug-23,4.642,5.9192,5.0535,3.1933,5.287,2.9734,3.4276,3.4214,59.3064,13.1019,8.2159,14.554,0.3468,0.0303,123.7768,6.1772,0.6374,3.4214,0.0195,0.1119,2.7518,0.2217,5.5874,126.3817,1.5656,3.4922,0.1502
21-Aug-23,4.6525,5.9257,5.0624,3.1992,5.274,2.9781,3.4346,3.4264,59.3859,13.1687,8.2652,14.5673,0.3469,0.0304,124.0567,6.1873,0.6367,3.4264,0.0196,0.1122,2.7517,0.2222,5.5988,126.671,1.5659,3.4993,0.1504
22-Aug-23,4.649,5.9389,5.0744,3.1839,5.298,2.9858,3.4335,3.4299,59.339,13.2516,8.2781,14.5664,0.3478,0.0303,123.9453,6.1891,0.638,3.4299,0.0194,0.1119,2.7608,0.222,5.5958,126.5757,1.561,3.4977,0.1505
23-Aug-23,4.6535,5.9323,5.0528,3.1949,5.289,2.9959,3.4371,3.4309,59.3763,13.3119,8.2377,14.5814,0.348,0.0304,124.0636,6.194,0.639,3.4309,0.0194,0.112,2.7681,0.2223,5.611,126.6914,1.5538,3.5069,0.1511
24-Aug-23,4.6415,5.9014,5.0435,3.2007,5.2913,3.0079,3.4332,3.4336,59.2092,13.3128,8.1933,14.6115,0.3513,0.0304,123.7436,6.1601,0.6383,3.4336,0.0193,0.1116,2.7717,0.2217,5.6291,126.3715,1.5498,3.5182,0.1502
25-Aug-23,4.6515,5.8453,5.0148,3.1839,5.2476,2.9809,3.4202,3.4266,59.3043,13.2484,8.2066,14.6136,0.3503,0.0304,123.9904,6.1859,0.6383,3.4266,0.0194,0.1117,2.7483,0.2222,5.6263,126.6438,1.5352,3.5165,0.1505
28-Aug-23,4.652,5.8611,5.0283,3.1761,5.2657,2.9912,3.4226,3.4316,59.3053,13.199,8.2147,14.6151,0.3514,0.0304,124.0947,6.1725,0.6387,3.4316,0.0194,0.1117,2.7521,0.2222,5.6337,126.6505,1.5349,3.5218,0.151
29-Aug-23,4.647,5.8685,5.0357,3.1741,5.2636,2.9969,3.4197,3.434,59.2299,13.2224,8.1987,14.572,0.3517,0.0305,123.8705,6.1633,0.638,3.434,0.0192,0.1116,2.7531,0.2219,5.6249,126.5144,1.5303,3.5155,0.1504
30-Aug-23,4.638,5.858,5.041,3.1731,5.278,3.0017,3.4186,3.4301,59.1141,13.2203,8.1748,14.5554,0.3509,0.0304,123.6404,6.1499,0.6362,3.4301,0.0192,0.1113,2.7605,0.2215,5.6089,126.2763,1.5244,3.5055,0.1499
1-Sep-23,4.641,5.8757,5.0318,3.1907,5.253,3.0016,3.4343,3.4354,59.1738,13.2401,8.1982,14.5691,0.3513,0.0304,123.7386,6.1723,0.6388,3.4354,0.0193,0.1113,2.7639,0.2217,5.6159,126.351,1.5142,3.5103,0.1502
4-Sep-23,4.655,5.8672,5.0209,3.1848,5.262,3.0097,3.4266,3.4394,59.3739,13.2498,8.2258,14.5973,0.3533,0.0305,124.1119,6.1912,0.6408,3.4394,0.0193,0.1116,2.7693,0.2223,5.623,126.7322,1.52,3.5148,0.1504
5-Sep-23,4.6605,5.8809,5.0277,3.1761,5.2649,2.9951,3.4227,3.4333,59.4592,13.1615,8.2109,14.6019,0.3515,0.0306,124.2436,6.1986,0.6393,3.4333,0.0193,0.1117,2.7586,0.2226,5.6254,126.8888,1.5209,3.5159,0.1508
6-Sep-23,4.671,5.8721,5.0134,3.1654,5.2554,2.9796,3.4234,3.4308,59.5669,13.1726,8.2019,14.6211,0.3508,0.0305,124.5268,6.179,0.6389,3.4308,0.0194,0.1121,2.7489,0.2231,5.6241,127.1713,1.5172,3.5144,0.151
7-Sep-23,4.6745,5.8452,5.0157,3.1675,5.2455,2.9781,3.4258,3.4272,59.6195,13.1491,8.2283,14.6128,0.3511,0.0305,124.6234,6.1836,0.6384,3.4272,0.0194,0.1123,2.7449,0.2233,5.6221,127.2631,1.5202,3.5133,0.1513
8-Sep-23,4.676,5.8431,5.0113,3.1759,5.2477,2.9859,3.4208,3.429,59.6531,13.1533,8.2527,14.5777,0.3507,0.0305,124.6667,6.1728,0.6367,3.429,0.0194,0.1125,2.7565,0.2233,5.6219,127.3039,1.526,3.5139,0.1513
11-Sep-23,4.677,5.8467,5.0149,3.1933,5.2474,3.0017,3.4338,3.4328,59.6765,13.1598,8.2516,14.5919,0.3507,0.0305,124.6851,6.1729,0.6391,3.4328,0.0194,0.1128,2.7664,0.2234,5.6389,127.3381,1.5217,3.5246,0.1511
12-Sep-23,4.675,5.8519,5.0238,3.1871,5.2463,3.0088,3.444,3.4361,59.6944,13.1523,8.2481,14.6091,0.3528,0.0305,124.6352,6.1818,0.6414,3.4361,0.0194,0.113,2.7667,0.2233,5.6335,127.2836,1.5534,3.521,0.1512
13-Sep-23,4.6805,5.8452,5.0301,3.1763,5.2478,2.9981,3.4508,3.4369,59.8158,13.1152,8.2614,14.617,0.3523,0.0305,124.7818,6.1851,0.6425,3.4369,0.0194,0.1135,2.7589,0.2235,5.6436,127.4368,1.5619,3.5273,0.1515
14-Sep-23,4.6813,5.8504,5.03,3.1827,5.2457,3.0133,3.4585,3.4432,59.8121,13.1155,8.2562,14.6909,0.3534,0.0305,124.8134,6.1917,0.6436,3.4432,0.0194,0.1135,2.7767,0.2236,5.6438,127.4469,1.5621,3.5274,0.1515
15-Sep-23,4.6785,5.8119,4.9814,3.1725,5.2236,3.0251,3.4657,3.4349,59.7765,13.0776,8.2223,14.642,0.3525,0.0304,124.7385,6.187,0.6448,3.4349,0.0193,0.1135,2.7744,0.2235,5.6325,127.3755,1.5692,3.5204,0.1512
18-Sep-23,4.6858,5.8047,4.9964,3.1715,5.2215,3.0174,3.4662,3.4354,59.8806,13.1382,8.2423,14.6551,0.3532,0.0305,124.9367,6.1792,0.643,3.4354,0.0193,0.1135,2.7686,0.2238,5.6365,127.5728,1.5782,3.5229,0.1514
19-Sep-23,4.694,5.8105,5.0144,3.1767,5.2292,3.0211,3.4827,3.4403,60.0505,13.1393,8.2677,14.6633,0.3548,0.0305,125.15,6.1912,0.6435,3.4403,0.0192,0.1135,2.7777,0.2242,5.6386,127.7974,1.5847,3.5231,0.1519
20-Sep-23,4.6945,5.8148,5.0135,3.1759,5.2271,3.0275,3.4871,3.4383,60.027,12.9557,8.265,14.6497,0.3531,0.0305,125.1633,6.1969,0.6432,3.4383,0.0193,0.1136,2.7864,0.2242,5.6402,127.8111,1.5927,3.5252,0.1519
21-Sep-23,4.6845,5.772,4.9827,3.1591,5.2053,3.0037,3.4727,3.4258,59.8781,12.9424,8.2289,14.5685,0.3495,0.0304,124.8934,6.1819,0.6417,3.4258,0.0193,0.1136,2.7688,0.2237,5.6421,127.5388,1.5934,3.5263,0.1516
22-Sep-23,4.6875,5.7555,4.9931,3.165,5.1798,3.011,3.4818,3.4302,59.9513,12.9489,8.2439,14.5794,0.3508,0.0305,124.9767,6.1717,0.642,3.4302,0.0193,0.1136,2.7813,0.2239,5.653,127.6205,1.6001,3.5332,0.1517
25-Sep-23,4.684,5.733,4.9875,3.1569,5.1606,3.0092,3.473,3.4289,59.9257,13.0156,8.2501,14.5692,0.351,0.0304,124.8717,6.1638,0.6411,3.4289,0.0192,0.1135,2.7856,0.2237,5.6373,127.5287,1.6251,3.5233,0.1514
26-Sep-23,4.692,5.7231,4.967,3.1516,5.1397,3.0116,3.4816,3.4297,60.0035,12.9025,8.2421,14.5567,0.348,0.0304,125.0866,6.173,0.6418,3.4297,0.0192,0.1136,2.7985,0.2241,5.6399,127.743,1.6143,3.524,0.1517
27-Sep-23,4.7065,5.7146,4.971,3.1584,5.1328,3.0039,3.4813,3.4338,60.182,12.9007,8.2657,14.5992,0.3485,0.0303,125.4632,6.1813,0.6444,3.4338,0.0193,0.114,2.79,0.2248,5.6552,128.1378,1.6435,3.5341,0.1522
29-Sep-23,4.69,5.7305,4.9601,3.1395,5.1321,3.0286,3.4785,3.4368,59.917,12.8177,8.2687,14.5852,0.3477,0.0303,125.0533,6.1501,0.6423,3.4368,0.0193,0.1134,2.8142,0.224,5.6437,127.6885,1.6242,3.5275,0.1518
2-Oct-23,4.7045,5.735,4.9727,3.1408,5.1382,3.0165,3.4639,3.4373,60.0681,12.8031,8.2935,14.6003,0.3481,0.0303,125.4383,6.1863,0.6443,3.4373,0.0193,0.1138,2.8182,0.2247,5.6578,128.0798,1.6293,3.5407,0.1523
3-Oct-23,4.725,5.7064,4.9466,3.1528,5.1431,2.998,3.4504,3.4382,60.3464,12.7273,8.307,14.607,0.3471,0.0303,125.9798,6.1933,0.6471,3.4382,0.0194,0.1141,2.7991,0.2257,5.679,128.6379,1.6364,3.5492,0.1528
4-Oct-23,4.735,5.7118,4.9523,3.1718,5.1333,2.9821,3.4527,3.4435,60.4625,12.7345,8.3451,14.6007,0.3477,0.0303,126.2431,6.1891,0.6485,3.4435,0.0194,0.1144,2.7856,0.2262,5.6884,128.9137,1.6563,3.5553,0.1531
5-Oct-23,4.721,5.7405,4.9689,3.1787,5.1658,3.0085,3.4426,3.4485,60.298,12.7958,8.334,14.6324,0.3501,0.0303,125.8732,6.1812,0.6466,3.4485,0.0194,0.114,2.8076,0.2255,5.6733,128.5325,1.6582,3.5462,0.1533
6-Oct-23,4.7195,5.7488,4.9758,3.1739,5.167,3.0082,3.4423,3.4521,60.2665,12.7744,8.3332,14.6491,0.3499,0.0302,125.8332,6.1831,0.6464,3.4521,0.0194,0.114,2.8142,0.2254,5.6723,128.4917,1.6627,3.5448,0.1532
9-Oct-23,4.724,5.7628,4.985,3.1672,5.1906,3.0007,3.458,3.4526,60.3367,12.728,8.3089,14.6722,0.3494,0.0301,125.9481,6.1985,0.6474,3.4526,0.0194,0.114,2.8202,0.2256,5.6762,128.6107,1.6934,3.5476,0.1529
10-Oct-23,4.7345,5.7936,5.0044,3.1857,5.2321,3.0372,3.4865,3.4671,60.5203,12.8411,8.3229,14.7364,0.3509,0.0301,126.223,6.2122,0.6497,3.4671,0.0194,0.1143,2.8511,0.2261,5.6881,128.9001,1.681,3.5551,0.1532
11-Oct-23,4.7265,5.8105,5.0125,3.1761,5.2267,3.0356,3.4781,3.467,60.4586,12.9571,8.3294,14.7457,0.353,0.0301,126.0131,6.2111,0.648,3.4671,0.0194,0.114,2.8494,0.2257,5.6798,128.6788,1.6651,3.5495,0.153
12-Oct-23,4.7215,5.8162,5.0185,3.166,5.2435,3.0319,3.4744,3.4657,60.3788,13.0518,8.3191,14.6982,0.3526,0.0301,125.8731,6.2082,0.6468,3.4657,0.0193,0.114,2.8393,0.2255,5.6794,128.5462,1.6885,3.5493,0.1527
13-Oct-23,4.7335,5.7765,4.9919,3.1606,5.2186,2.9951,3.4593,3.4573,60.5156,12.9694,8.3311,14.6923,0.3508,0.0301,126.1915,6.2262,0.6479,3.4573,0.0194,0.1143,2.801,0.2261,5.6866,128.8729,1.6936,3.5541,0.1532
16-Oct-23,4.739,5.7607,4.9873,3.1702,5.255,2.996,3.4738,3.4603,60.5844,13.074,8.3389,14.6837,0.3498,0.0302,126.3413,6.2077,0.6484,3.4603,0.0194,0.1144,2.8069,0.2263,5.692,129.0226,1.73,3.5575,0.1534
17-Oct-23,4.732,5.7745,4.9923,3.1643,5.2531,3.007,3.4724,3.4577,60.5189,12.9822,8.3391,14.6565,0.3499,0.0301,126.153,6.2005,0.6471,3.4577,0.0193,0.1143,2.7928,0.226,5.6851,128.832,1.7102,3.5532,0.153
18-Oct-23,4.7405,5.7718,5.0136,3.1674,5.2722,3.0223,3.4765,3.4653,60.5973,13.052,8.3533,14.6778,0.3512,0.0301,126.3796,6.2153,0.6491,3.4653,0.0193,0.1145,2.7995,0.2264,5.6957,129.067,1.7145,3.5597,0.1534
19-Oct-23,4.762,5.7756,5.0163,3.1786,5.2964,2.9998,3.4673,3.4664,60.8298,13.077,8.3764,14.6998,0.3506,0.0301,126.9528,6.2437,0.6509,3.4664,0.0194,0.1149,2.7748,0.2274,5.7187,129.6488,1.7033,3.5743,0.154
20-Oct-23,4.775,5.7959,5.05,3.1864,5.3504,3.0178,3.4826,3.4782,61.0571,13.1109,8.4045,14.7645,0.3525,0.0301,127.3028,6.2565,0.6523,3.4782,0.0195,0.1152,2.7855,0.2281,5.7406,129.9992,1.7142,3.5878,0.1545
23-Oct-23,4.78,5.8065,5.0549,3.1879,5.342,3.0167,3.4842,3.481,61.0792,13.0905,8.4111,14.77,0.3529,0.03,127.4786,6.2688,0.6532,3.481,0.0194,0.1153,2.7827,0.2283,5.7489,130.1389,1.7364,3.5932,0.1547
24-Oct-23,4.7795,5.8623,5.1059,3.1945,5.3654,3.0388,3.4957,3.5008,61.1037,13.2286,8.4239,14.8073,0.3558,0.0301,127.4126,6.2734,0.6545,3.5008,0.0194,0.1157,2.8005,0.2283,5.7565,130.1288,1.716,3.5905,0.1547
25-Oct-23,4.776,5.8131,5.0635,3.1873,5.3486,3.0476,3.4752,3.4931,61.0418,13.2098,8.4077,14.7617,0.3543,0.0301,127.3159,6.2756,0.6532,3.4931,0.0194,0.115,2.7949,0.2281,5.7471,130.0335,1.7088,3.5919,0.1544
26-Oct-23,4.7875,5.7835,5.0494,3.1828,5.3313,3.0054,3.4658,3.4875,61.2052,13.1615,8.405,14.7344,0.3526,0.0301,127.6224,6.2776,0.6542,3.4875,0.0195,0.1153,2.7662,0.2287,5.7521,130.343,1.708,3.595,0.1549
27-Oct-23,4.7755,5.7963,5.0448,3.1791,5.3156,3.0272,3.4581,3.4872,61.0736,13.1883,8.3957,14.7228,0.3535,0.03,127.2924,6.2519,0.6527,3.4872,0.0194,0.1151,2.7815,0.2281,5.7374,130.0128,1.7036,3.5859,0.1545
30-Oct-23,4.757,5.766,5.0234,3.1801,5.2662,3.0231,3.4322,3.4761,60.8199,13.1901,8.3515,14.6726,0.3516,0.0299,126.7908,6.2331,0.6501,3.4761,0.0194,0.1147,2.7705,0.2272,5.7141,129.5127,1.6971,3.5713,0.1539
31-Oct-23,4.766,5.7881,5.0496,3.1796,5.2791,3.0257,3.4422,3.4869,60.9151,13.2169,8.3864,14.7004,0.3529,0.03,127.0357,6.2516,0.6513,3.4869,0.0194,0.1149,2.7786,0.2276,5.7253,129.7577,1.6949,3.5773,0.1542
1-Nov-23,4.7735,5.7974,5.0456,3.1561,5.2468,3.0247,3.4392,3.4832,61.0114,13.1837,8.3996,14.7049,0.3516,0.0299,127.239,6.273,0.6522,3.4832,0.0194,0.1152,2.7713,0.228,5.7331,129.9619,1.6943,3.5832,0.1542
2-Nov-23,4.7525,5.7942,5.0377,3.1609,5.2651,3.0568,3.4362,3.4822,60.7542,13.1977,8.3634,14.7141,0.3542,0.03,126.6827,6.2215,0.6494,3.4822,0.0193,0.1147,2.799,0.227,5.7123,129.3902,1.6838,3.5702,0.1538
3-Nov-23,4.7395,5.7822,5.036,3.1524,5.2333,3.0475,3.4488,3.4781,60.5702,13.2333,8.4265,14.697,0.3587,0.03,126.3361,6.227,0.648,3.4781,0.0193,0.1144,2.7949,0.2264,5.6941,129.0327,1.6747,3.5585,0.1534
6-Nov-23,4.6665,5.775,5.009,3.1198,5.1997,3.0388,3.4181,3.4523,59.6617,13.1516,8.3584,14.5326,0.3588,0.03,124.3869,6.1349,0.6407,3.4523,0.0191,0.1126,2.795,0.2229,5.6117,127.0522,1.6403,3.5072,0.151
7-Nov-23,4.6605,5.7483,4.9909,3.103,5.1806,3.0107,3.3993,3.445,59.5991,13.1393,8.2905,14.4732,0.3568,0.0299,124.2303,6.1583,0.6403,3.445,0.0192,0.1126,2.7735,0.2226,5.5981,126.8854,1.6353,3.4986,0.1508
8-Nov-23,4.67,5.7352,4.9922,3.1031,5.1854,3.0061,3.3913,3.4474,59.7385,13.1586,8.3363,14.4878,0.3581,0.0299,124.4869,6.1493,0.6421,3.4474,0.0192,0.1128,2.7721,0.223,5.6097,127.1423,1.6308,3.5059,0.1516
9-Nov-23,4.684,5.7529,5.0156,3.1031,5.2082,3.0015,3.3962,3.4548,59.9732,13.213,8.3763,14.5297,0.3583,0.0299,124.8667,6.1668,0.6431,3.4548,0.0192,0.1132,2.7743,0.2237,5.6254,127.5252,1.6321,3.5159,0.1516
10-Nov-23,4.7215,5.7706,5.0378,3.12,5.2255,3.0005,3.4206,3.4707,60.4789,13.1941,8.4414,14.6027,0.3589,0.0301,125.8765,6.2159,0.6475,3.4707,0.0194,0.1142,2.7819,0.2255,5.6693,128.5462,1.6641,3.5433,0.1528
14-Nov-23,4.72,5.7917,5.049,3.1113,5.2305,3.0073,3.4172,3.4677,60.462,13.0802,8.415,14.5985,0.3559,0.0301,125.8398,6.2115,0.6472,3.4677,0.0194,0.1144,2.7721,0.2254,5.6685,128.5071,1.6417,3.5398,0.1528
15-Nov-23,4.659,5.8212,5.0699,3.0941,5.244,3.03,3.4045,3.4584,59.7036,13.1258,8.3547,14.5562,0.3589,0.0301,124.2201,6.1381,0.6436,3.4584,0.0192,0.1129,2.8066,0.2225,5.6097,126.8445,1.6205,3.5062,0.1508
16-Nov-23,4.7105,5.8356,5.1029,3.1143,5.3001,3.0463,3.4361,3.4849,60.3434,13.2206,8.4293,14.7586,0.3614,0.0302,125.595,6.2478,0.6488,3.4849,0.0194,0.114,2.8169,0.225,5.6627,128.2502,1.6336,3.5392,0.1523
17-Nov-23,4.6835,5.8111,5.0837,3.1108,5.2727,3.0284,3.4063,3.474,60.0722,13.3118,8.419,14.7033,0.3623,0.0302,124.8751,6.2037,0.6465,3.474,0.0193,0.1133,2.7911,0.2237,5.6253,127.515,1.6243,3.5159,0.1514
20-Nov-23,4.664,5.823,5.095,3.1322,5.2748,3.0545,3.4046,3.4801,59.8543,13.3115,8.4081,14.7665,0.3618,0.0302,124.3584,6.1889,0.65,3.4801,0.0193,0.1129,2.8105,0.2228,5.6025,126.9841,1.619,3.5015,0.1509
21-Nov-23,4.6475,5.8273,5.0953,3.1533,5.2633,3.0599,3.3901,3.4809,59.6571,13.2426,8.3958,14.8625,0.3615,0.0301,123.9168,6.1871,0.6514,3.4809,0.0193,0.1127,2.8222,0.222,5.5757,126.5349,1.6118,3.4848,0.1502
22-Nov-23,4.6668,5.8516,5.0938,3.1486,5.283,3.0586,3.4053,3.4869,59.8367,13.2654,8.4127,14.8203,0.3603,0.03,124.4268,6.2225,0.6537,3.4869,0.0193,0.1131,2.822,0.2229,5.6011,127.0555,1.6326,3.5008,0.151
23-Nov-23,4.6865,5.8607,5.1106,3.1427,5.3102,3.0725,3.4253,3.495,60.1122,13.2969,8.4499,14.8387,0.3606,0.0301,124.9533,6.2374,0.6561,3.495,0.0194,0.1135,2.836,0.2238,5.6256,127.5967,1.6444,3.516,0.1517
24-Nov-23,4.685,5.8726,5.1062,3.1339,5.2989,3.0722,3.4182,3.4918,60.0911,13.2083,8.4536,14.8002,0.3591,0.0301,124.9133,6.2354,0.6553,3.4918,0.0193,0.1135,2.8349,0.2238,5.6209,127.5628,1.6614,3.513,0.1516
27-Nov-23,4.6805,5.9,5.1233,3.1416,5.3061,3.0765,3.4276,3.496,60.1074,13.2658,8.4288,14.8101,0.3581,0.0301,124.7934,6.2294,0.6543,3.496,0.0193,0.1134,2.8394,0.2235,5.6147,127.4368,1.6394,3.5088,0.1515
28-Nov-23,4.6725,5.9018,5.1187,3.1525,5.3079,3.0927,3.4344,3.4992,59.9534,13.3729,8.4273,14.8612,0.3613,0.0302,124.5801,6.2313,0.6533,3.4992,0.0193,0.1132,2.8507,0.2232,5.6048,127.2156,1.6366,3.5024,0.1512
29-Nov-23,4.6475,5.9058,5.1116,3.1552,5.2993,3.0901,3.4304,3.4934,59.6036,13.376,8.4026,14.873,0.3601,0.0302,123.9102,6.1974,0.6522,3.4934,0.0192,0.1126,2.8766,0.222,5.5791,126.5487,1.6264,3.4872,0.1503
30-Nov-23,4.653,5.9086,5.1067,3.1633,5.3326,3.0884,3.4267,3.4944,59.5809,13.3381,8.3906,14.8991,0.3611,0.03,124.037,6.2188,0.6531,3.4944,0.0192,0.1127,2.8751,0.2222,5.5854,126.6984,1.6284,3.4909,0.1503
1-Dec-23,4.6775,5.9098,5.0989,3.1578,5.3457,3.089,3.4534,3.4965,59.8777,13.2601,8.4317,14.8847,0.3581,0.0301,124.6835,6.2365,0.6553,3.4965,0.0193,0.1133,2.8823,0.2234,5.6158,127.3656,1.6369,3.5105,0.1514
4-Dec-23,4.661,5.909,5.0712,3.1765,5.3565,3.1028,3.4481,3.491,59.6505,13.3618,8.4236,14.8672,0.3573,0.0302,124.2453,6.2097,0.6532,3.491,0.0192,0.113,2.8875,0.2226,5.5939,126.9163,1.6334,3.4962,0.1508
5-Dec-23,4.6665,5.8957,5.0585,3.1709,5.3478,3.0694,3.4415,3.4858,59.7136,13.2289,8.4286,14.8308,0.3554,0.0301,124.3969,6.2188,0.6531,3.4858,0.0192,0.1131,2.8676,0.2229,5.5968,127.0695,1.639,3.4981,0.1509
6-Dec-23,4.673,5.8929,5.0454,3.173,5.3415,3.0814,3.4434,3.4868,59.8002,13.2888,8.4442,14.8481,0.3561,0.0301,124.5901,6.2141,0.6528,3.4868,0.0192,0.1132,2.8825,0.2232,5.6056,127.2465,1.6412,3.5035,0.1517
7-Dec-23,4.677,5.8694,5.0327,3.1847,5.3424,3.0531,3.4375,3.4837,59.8713,13.2437,8.4529,14.8311,0.3532,0.0301,124.6967,6.2086,0.6531,3.4837,0.0193,0.1133,2.8607,0.2234,5.6103,127.352,1.6458,3.5068,0.1511
8-Dec-23,4.666,5.8752,5.0355,3.2452,5.332,3.0847,3.4373,3.4913,59.7221,13.266,8.4239,14.914,0.3572,0.0301,124.4019,6.1997,0.6523,3.4913,0.0193,0.1131,2.8757,0.2229,5.5983,127.0524,1.6421,3.4991,0.151
11-Dec-23,4.6815,5.8713,5.0396,3.2192,5.3211,3.0713,3.4423,3.4862,59.9474,13.2423,8.4241,14.8596,0.3549,0.03,124.8117,6.2234,0.6514,3.4862,0.0193,0.1135,2.8627,0.2236,5.615,127.478,1.6481,3.5094,0.1515
12-Dec-23,4.6845,5.891,5.0443,3.2175,5.3412,3.0864,3.4555,3.4887,60.0173,13.1347,8.4257,14.8795,0.356,0.03,124.8967,6.2182,0.6528,3.4887,0.0193,0.1137,2.8786,0.2237,5.6196,127.5614,1.6495,3.5123,0.1515
13-Dec-23,4.705,5.9057,5.0753,3.2309,5.3722,3.0827,3.4603,3.5007,60.2498,13.1774,8.4296,14.9204,0.3567,0.0301,125.4382,6.2535,0.6551,3.5007,0.0194,0.1142,2.8715,0.2247,5.6427,128.1144,1.6567,3.5265,0.1521
14-Dec-23,4.6615,5.8947,5.0838,3.2963,5.3741,3.1297,3.4626,3.5061,59.6981,13.2599,8.3712,14.9201,0.3596,0.0301,124.2735,6.1894,0.6535,3.5061,0.0192,0.1131,2.9083,0.2226,5.5957,126.9264,1.6421,3.4973,0.1509
15-Dec-23,4.6655,5.956,5.1321,3.2878,5.389,3.1338,3.4844,3.5142,59.7566,13.3778,8.3776,14.937,0.3608,0.0302,124.3553,6.2451,0.6561,3.5142,0.0192,0.1132,2.901,0.2228,5.5988,127.0284,1.6457,3.4997,0.1509
18-Dec-23,4.6845,5.9467,5.1113,3.2949,5.3863,3.1461,3.5015,3.5157,60.0465,13.4063,8.3929,14.9669,0.3612,0.0302,124.9317,6.2809,0.6571,3.5157,0.0193,0.1136,2.9227,0.2237,5.6487,127.5492,1.6524,3.5304,0.1514
19-Dec-23,4.679,5.9238,5.1118,3.2601,5.399,3.1438,3.4936,3.5128,60.0222,13.3732,8.3688,14.925,0.3587,0.0302,124.7201,6.254,0.6551,3.5128,0.0192,0.1136,2.9138,0.2235,5.6273,127.4064,1.6513,3.517,0.1514
20-Dec-23,4.6525,5.918,5.1038,3.2378,5.402,3.1493,3.4859,3.5034,59.6134,13.3176,8.3401,14.8692,0.3582,0.03,124.027,6.2181,0.6521,3.5034,0.0191,0.113,2.9204,0.2222,5.5961,126.6745,1.6447,3.4975,0.1504
21-Dec-23,4.6505,5.8757,5.0918,3.254,5.3941,3.1391,3.4818,3.4981,59.5832,13.3062,8.3559,14.8612,0.3571,0.03,124.0383,6.2174,0.651,3.4981,0.0191,0.1129,2.9075,0.2221,5.5886,126.62,1.643,3.4924,0.1505
22-Dec-23,4.6345,5.8784,5.097,3.2513,5.4094,3.1408,3.4876,3.493,59.3372,13.3549,8.3625,14.8599,0.3561,0.0299,123.5471,6.2049,0.6482,3.493,0.0191,0.1126,2.9107,0.2214,5.5666,126.1878,1.6373,3.4791,0.15
26-Dec-23,4.6175,5.8698,5.0919,3.2472,5.4,3.1473,3.4844,3.4926,59.1248,13.355,8.3348,14.9125,0.357,0.0298,123.1169,6.1971,0.6463,3.4926,0.019,0.1122,2.9196,0.2205,5.5547,125.7284,1.6321,3.4717,0.1492
27-Dec-23,4.633,5.8953,5.1134,3.2495,5.4266,3.1655,3.511,3.5008,59.3142,13.4407,8.3267,14.9974,0.358,0.0301,123.5269,6.216,0.6481,3.5008,0.019,0.1128,2.9332,0.2213,5.5663,126.1504,1.64,3.4785,0.1499
28-Dec-23,4.617,5.9155,5.1336,3.2672,5.4977,3.1668,3.4984,3.5038,59.0897,13.4961,8.3137,15.1154,0.3583,0.0299,123.1134,6.1945,0.6486,3.5038,0.019,0.1125,2.9357,0.2205,5.5434,125.7079,1.6351,3.4647,0.1499
29-Dec-23,4.5915,5.8484,5.081,3.2452,5.445,3.1399,3.4714,3.4822,58.7633,13.4353,8.2782,14.9419,0.3559,0.0297,122.4433,6.1603,0.6469,3.4822,0.0189,0.1121,2.9147,0.2193,5.522,125.0136,1.6275,3.4519,0.1485
2-Jan-24,4.6025,5.8539,5.0743,3.2525,5.4509,3.1366,3.4721,3.48,58.9222,13.4086,8.2823,14.9514,0.3532,0.0297,122.7153,6.175,0.6459,3.48,0.0189,0.1125,2.9005,0.2198,5.525,125.3131,1.6372,3.4527,0.1489
3-Jan-24,4.6335,5.857,5.0788,3.2654,5.4566,3.135,3.477,3.4933,59.2925,13.5285,8.3164,14.9444,0.3541,0.0299,123.5534,6.2052,0.6483,3.4933,0.019,0.1132,2.904,0.2213,5.562,126.1589,1.6437,3.476,0.1498
4-Jan-24,4.639,5.8792,5.0686,3.2362,5.466,3.1265,3.4778,3.4909,59.4035,13.4581,8.3443,14.9457,0.354,0.0299,123.6968,6.1983,0.6483,3.4909,0.019,0.1132,2.9063,0.2216,5.5685,126.3086,1.6464,3.4803,0.15
5-Jan-24,4.6505,5.8975,5.0872,3.2089,5.4673,3.1172,3.4807,3.4949,59.5443,13.4571,8.3477,14.9881,0.354,0.03,124.0034,6.2166,0.6488,3.4949,0.0191,0.1133,2.8973,0.2221,5.5881,126.6218,1.6497,3.4927,0.151
8-Jan-24,4.65,5.9064,5.0838,3.2181,5.4584,3.1169,3.4777,3.493,59.5467,13.3861,8.3626,15.0104,0.3531,0.0299,123.9884,6.2055,0.6496,3.493,0.0191,0.1132,2.8993,0.2221,5.5966,126.6081,1.6519,3.4978,0.151
9-Jan-24,4.6435,5.9232,5.0907,3.2331,5.4823,3.1228,3.4784,3.4961,59.4524,13.3157,8.3232,14.9897,0.3538,0.0299,123.8201,6.2039,0.6486,3.4961,0.0191,0.113,2.9068,0.2218,5.5898,126.4312,1.6504,3.4936,0.1503
10-Jan-24,4.649,5.904,5.0809,3.2094,5.4537,3.1153,3.4738,3.4912,59.4608,13.2696,8.2634,14.938,0.3523,0.0299,123.97,6.2115,0.648,3.4912,0.0191,0.1132,2.9014,0.222,5.5888,126.5757,1.6531,3.493,0.1505
11-Jan-24,4.642,5.926,5.0974,3.1944,5.4641,3.1208,3.4743,3.4911,59.3845,13.2477,8.2701,14.9366,0.3526,0.0298,123.7768,6.202,0.6482,3.4911,0.019,0.1132,2.9008,0.2217,5.5916,126.3852,1.6499,3.4946,0.1502
12-Jan-24,4.6435,5.9328,5.0976,3.2043,5.4508,3.1149,3.4714,3.4904,59.3923,13.2482,8.2864,14.9424,0.3532,0.0298,123.8201,6.2115,0.6483,3.4904,0.0189,0.1134,2.9024,0.2218,5.591,126.426,1.6535,3.4942,0.1503
15-Jan-24,4.6495,5.9321,5.0977,3.2036,5.4546,3.1128,3.4728,3.4918,59.4672,13.3396,8.3153,14.848,0.3524,0.0299,123.9768,6.212,0.6485,3.4918,0.019,0.1136,2.8992,0.2221,5.6159,126.5894,1.6579,3.5099,0.1505
16-Jan-24,4.6835,5.9398,5.1141,3.2057,5.4593,3.097,3.4762,3.5026,59.8626,13.3357,8.3754,14.8805,0.3522,0.03,124.8833,6.2574,0.6519,3.5026,0.0191,0.1144,2.8876,0.2237,5.6452,127.5151,1.6712,3.5282,0.1514
17-Jan-24,4.7155,5.9507,5.1241,3.2005,5.4685,3.0981,3.493,3.5083,60.2631,13.2551,8.4085,14.9277,0.3504,0.0302,125.7299,6.2795,0.6553,3.5083,0.0192,0.1151,2.8913,0.2252,5.6719,128.3793,1.6807,3.5451,0.1526
18-Jan-24,4.717,5.9821,5.1392,3.1866,5.457,3.0951,3.4959,3.5102,60.3247,13.2537,8.4504,14.9471,0.3513,0.0302,125.7699,6.2773,0.6555,3.5102,0.0192,0.1152,2.8877,0.2253,5.6728,128.4271,1.686,3.5457,0.1527
19-Jan-24,4.714,5.9929,5.1331,3.1803,5.4309,3.1037,3.4953,3.5127,60.2732,13.2583,8.4329,15.0015,0.3527,0.0302,125.6866,6.275,0.6551,3.5127,0.0192,0.1153,2.8779,0.2251,5.6697,128.342,1.683,3.5436,0.1526
22-Jan-24,4.7255,6.0075,5.1517,3.1946,5.4426,3.1169,3.5173,3.5252,60.4554,13.3,8.4144,15.088,0.3539,0.0302,125.9915,6.2906,0.6567,3.5252,0.0193,0.1156,2.8939,0.2257,5.6854,128.6586,1.7098,3.5554,0.1529
23-Jan-24,4.732,6.0215,5.1546,3.1996,5.4585,3.1212,3.5136,3.5307,60.522,13.2836,8.399,15.085,0.3546,0.0302,126.1665,6.3007,0.6597,3.5307,0.0193,0.1157,2.8842,0.226,5.6935,128.832,1.6924,3.5583,0.1531
24-Jan-24,4.734,6.0105,5.1407,3.2029,5.4429,3.1102,3.5132,3.5309,60.5266,13.205,8.4182,15.1019,0.3536,0.0301,126.2216,6.3018,0.6598,3.5309,0.0192,0.1157,2.8858,0.2261,5.6933,128.8865,1.6922,3.5583,0.1532
26-Jan-24,4.727,6.0083,5.1264,3.2012,5.4543,3.1163,3.5099,3.5284,60.4743,13.2539,8.3857,15.116,0.354,0.0299,126.045,6.3001,0.6585,3.5284,0.0192,0.1155,2.8868,0.2258,5.6881,128.6994,1.6882,3.5544,0.153
29-Jan-24,4.7315,6.0104,5.1315,3.194,5.4798,3.1185,3.5181,3.5282,60.5411,13.2889,8.381,15.1478,0.354,0.0299,126.1649,6.3009,0.6587,3.5282,0.0193,0.1156,2.8848,0.226,5.6911,128.8149,1.6921,3.5567,0.153
30-Jan-24,4.7285,6.0092,5.1214,3.208,5.4868,3.1251,3.526,3.5308,60.519,13.3734,8.3883,15.163,0.3551,0.0299,126.09,6.285,0.6588,3.5308,0.0193,0.1155,2.9026,0.2258,5.6877,128.7402,1.6951,3.555,0.153
31-Jan-24,4.7305,5.9969,5.1179,3.202,5.4805,3.1075,3.5247,3.528,60.5128,13.3555,8.3934,15.1284,0.3544,0.0299,126.1433,6.2921,0.6587,3.528,0.0194,0.1155,2.8922,0.2259,5.6911,128.7929,1.6916,3.557,0.1529
2-Feb-24,4.7295,6.0294,5.1443,3.2309,5.519,3.1191,3.5361,3.5408,60.4881,13.3791,8.4599,15.1601,0.3566,0.0302,126.1166,6.285,0.6588,3.5408,0.0194,0.1154,2.9098,0.2259,5.7085,128.764,1.6917,3.5678,0.1531
5-Feb-24,4.756,5.998,5.1265,3.2047,5.4818,3.094,3.5292,3.5378,60.7963,13.3333,8.4577,15.1528,0.3566,0.0303,126.8233,6.3389,0.6608,3.5378,0.0195,0.1161,2.8874,0.2272,5.7287,129.4854,1.7171,3.5805,0.1539
6-Feb-24,4.762,5.9725,5.1163,3.2038,5.4707,3.0955,3.5217,3.5368,60.8831,13.3203,8.4568,15.1893,0.3578,0.0303,126.9799,6.3083,0.6616,3.5368,0.0195,0.1163,2.8872,0.2274,5.7348,129.6453,1.7192,3.5842,0.1541
7-Feb-24,4.7665,6.0065,5.1283,3.2227,5.4803,3.1123,3.5349,3.5486,60.9468,13.4343,8.5036,15.1974,0.3594,0.0304,127.0999,6.3118,0.6631,3.5486,0.0195,0.1164,2.9102,0.2277,5.7404,129.7713,1.7058,3.5879,0.1543
8-Feb-24,4.7645,6.0188,5.1371,3.2116,5.4579,3.1088,3.5415,3.5457,60.9271,13.3273,8.5194,15.191,0.3589,0.0305,127.0432,6.319,0.6622,3.5457,0.0195,0.1164,2.9137,0.2276,5.7458,129.7169,1.7054,3.5916,0.1542
9-Feb-24,4.7725,6.0205,5.1405,3.1939,5.4596,3.0993,3.5449,3.5435,61.022,13.2809,8.5376,15.2041,0.3583,0.0305,127.2599,6.3229,0.6631,3.5435,0.0195,0.1167,2.9234,0.2279,5.7507,129.9347,1.7083,3.5947,0.1545
13-Feb-24,4.766,6.0104,5.1292,3.1872,5.4369,3.1067,3.5409,3.541,60.9592,13.3036,8.51,15.206,0.3589,0.0306,127.0899,6.3166,0.6625,3.541,0.0195,0.1166,2.9063,0.2276,5.7418,129.7577,1.7052,3.5886,0.1542
14-Feb-24,4.7835,6.027,5.1246,3.1779,5.3959,3.0906,3.5273,3.5424,61.1861,13.2562,8.5085,15.1662,0.3575,0.0307,127.5532,6.3424,0.665,3.5424,0.0196,0.1171,2.9041,0.2285,5.7562,130.2377,1.7126,3.5977,0.1548
15-Feb-24,4.7785,6.0039,5.1252,3.1798,5.3964,3.0991,3.5277,3.5448,61.1159,13.224,8.5346,15.215,0.3582,0.0306,127.4131,6.3145,0.6643,3.5448,0.0195,0.1169,2.907,0.2282,5.7565,130.1016,1.7068,3.5983,0.1546
16-Feb-24,4.7795,6.0133,5.1427,3.1797,5.4232,3.1134,3.5447,3.5483,61.1045,13.2268,8.5402,15.2296,0.3585,0.0305,127.4431,6.3224,0.6644,3.5483,0.0195,0.1169,2.9131,0.2283,5.7568,130.1288,1.71,3.5983,0.1547
19-Feb-24,4.782,6.0311,5.1531,3.1894,5.4242,3.1265,3.547,3.5555,61.1423,13.3055,8.5347,15.2356,0.3583,0.0306,127.5098,6.335,0.6645,3.5555,0.0195,0.1169,2.9352,0.2284,5.762,130.1969,1.728,3.6001,0.1548
20-Feb-24,4.792,6.0307,5.16,3.1878,5.4273,3.1277,3.5478,3.5593,61.2658,13.2504,8.5453,15.2173,0.3581,0.0306,127.7764,6.3483,0.6658,3.5593,0.0195,0.1172,2.9413,0.2289,5.7741,130.4709,1.7145,3.6092,0.1551
21-Feb-24,4.792,6.0557,5.184,3.1973,5.4417,3.1486,3.5475,3.5681,61.2823,13.3148,8.5633,15.2262,0.3596,0.0306,127.7764,6.3529,0.6675,3.5681,0.0195,0.1172,2.9662,0.2289,5.7801,130.4673,1.713,3.6125,0.1549
22-Feb-24,4.7925,6.0568,5.1884,3.186,5.4522,3.1391,3.5533,3.5673,61.2699,13.3459,8.5672,15.1858,0.3601,0.0307,127.8666,6.3556,0.6662,3.5673,0.0195,0.1174,2.9651,0.2289,5.7791,130.4756,1.7147,3.6118,0.1551
23-Feb-24,4.777,6.0498,5.1713,3.1744,5.4253,3.138,3.5431,3.5576,61.0561,13.2731,8.5494,15.1125,0.3592,0.0306,127.3731,6.3476,0.6639,3.5576,0.0194,0.1167,2.9632,0.2282,5.7645,130.0536,1.7078,3.6028,0.1546
26-Feb-24,4.7765,6.0463,5.1677,3.1741,5.4189,3.1298,3.5341,3.552,61.045,13.2902,8.534,15.1222,0.3588,0.0306,127.3564,6.3392,0.6636,3.552,0.0193,0.1169,2.9461,0.2281,5.7625,130.0436,1.7056,3.6011,0.1543
27-Feb-24,4.779,6.0598,5.1866,3.177,5.4332,3.125,3.5384,3.5555,61.0895,13.3175,8.5248,15.1084,0.359,0.0305,127.423,6.3478,0.6639,3.5555,0.0194,0.117,2.9443,0.2283,5.7656,130.1152,1.7097,3.6037,0.1545
28-Feb-24,4.761,6.0315,5.1585,3.1627,5.4127,3.1051,3.5161,3.5389,60.8368,13.2434,8.4745,15.0332,0.3561,0.0304,126.9465,6.3251,0.6613,3.5389,0.0193,0.1165,2.908,0.2274,5.7425,129.6216,1.7034,3.5894,0.1541
29-Feb-24,4.763,6.0335,5.1617,3.1793,5.4224,3.1036,3.5096,3.5425,60.8523,13.26,8.483,15.0495,0.3571,0.0303,126.9913,6.3176,0.662,3.5425,0.0193,0.1167,2.9083,0.2275,5.7455,129.6795,1.7041,3.5909,0.1539
1-Mar-24,4.7385,5.9859,5.1256,3.1522,5.3594,3.0864,3.4936,3.5221,60.5362,13.19,8.4571,14.9953,0.355,0.0302,126.3499,6.2906,0.6584,3.5221,0.0192,0.1162,2.8886,0.2263,5.7198,129.0107,1.6969,3.575,0.1534
4-Mar-24,4.7285,5.9884,5.1276,3.1489,5.3566,3.0844,3.4874,3.5177,60.4084,13.2081,8.4445,14.9918,0.3554,0.0301,126.0832,6.2731,0.6569,3.5177,0.0192,0.1159,2.8841,0.2258,5.7057,128.7402,1.7087,3.5657,0.1528
5-Mar-24,4.7265,5.9977,5.1304,3.1406,5.3404,3.0736,3.4805,3.5179,60.413,13.2025,8.4413,14.962,0.3542,0.03,126.0299,6.2787,0.6566,3.5179,0.0191,0.1159,2.8789,0.2257,5.6999,128.6858,1.7073,3.5625,0.153
6-Mar-24,4.731,6.0084,5.1336,3.1544,5.3482,3.0822,3.4823,3.5239,60.4666,13.204,8.4686,14.9729,0.354,0.0301,126.1465,6.283,0.6572,3.5238,0.0191,0.116,2.8807,0.226,5.7067,128.8083,1.6943,3.5669,0.1531
7-Mar-24,4.7115,5.9994,5.136,3.1691,5.3437,3.1011,3.4874,3.5234,60.2428,13.2197,8.4424,14.933,0.3542,0.0301,125.6233,6.2654,0.6545,3.5234,0.0191,0.1158,2.8938,0.225,5.6954,128.2774,1.6857,3.5593,0.0951
8-Mar-24,4.6925,6.0099,5.1369,3.1746,5.3473,3.11,3.489,3.5209,60.0091,13.2016,8.4152,14.9025,0.3548,0.0301,125.1133,6.2504,0.6524,3.5209,0.019,0.1154,2.8964,0.2241,5.6732,127.7601,1.6792,3.5424,0.0951
11-Mar-24,4.6845,6.0201,5.1255,3.1881,5.3382,3.0974,3.4744,3.5199,59.9037,13.2095,8.4288,14.8899,0.3562,0.03,124.8967,6.2526,0.6515,3.5199,0.019,0.1152,2.8913,0.2237,5.6654,127.5388,1.6931,3.542,0.0952
12-Mar-24,4.6825,6.0025,5.1208,3.1768,5.3368,3.0979,3.4747,3.5188,59.8582,13.1883,8.4525,14.9001,0.3573,0.03,124.8467,6.2544,0.6524,3.5188,0.019,0.1155,2.891,0.2236,5.6596,127.4843,1.6774,3.5373,0.0955
13-Mar-24,4.6845,5.9936,5.1192,3.1784,5.3376,3.0981,3.4715,3.5166,59.8716,13.1219,8.452,14.8937,0.357,0.0301,124.9033,6.2522,0.6517,3.5166,0.019,0.1155,2.8866,0.2237,5.6549,127.5405,1.6894,3.5344,0.096
14-Mar-24,4.688,5.9957,5.1296,3.1707,5.3312,3.1002,3.4786,3.5169,59.9385,13.1427,8.4621,14.8755,0.356,0.0301,124.995,6.2554,0.6519,3.5169,0.019,0.1156,2.8866,0.2239,5.6586,127.6376,1.6803,3.5369,0.0968
15-Mar-24,4.7025,5.9896,5.1149,3.1692,5.3148,3.087,3.4741,3.5162,60.1185,13.13,8.4653,14.847,0.3536,0.0301,125.39,6.2759,0.6534,3.5162,0.019,0.1158,2.8692,0.2246,5.6694,128.0428,1.6816,3.544,0.0984
18-Mar-24,4.7165,6.0027,5.1344,3.1634,5.3396,3.0954,3.4834,3.5242,60.3152,13.1223,8.4738,14.9174,0.3538,0.0301,125.7616,6.2805,0.6553,3.5242,0.0191,0.1159,2.8742,0.2253,5.6921,128.4205,1.6881,3.5577,0.0998
19-Mar-24,4.728,6.0154,5.1412,3.1582,5.3237,3.0931,3.4908,3.5281,60.4546,13.1406,8.4845,14.9031,0.3534,0.0301,126.0699,6.2959,0.6568,3.5281,0.0191,0.1162,2.8699,0.2258,5.7012,128.7266,1.6963,3.5632,0.1004
20-Mar-24,4.74,6.0309,5.1524,3.1325,5.3348,3.0983,3.493,3.5311,60.5898,13.1502,8.4575,14.8841,0.354,0.0301,126.3899,6.296,0.6584,3.5311,0.0191,0.1167,2.8682,0.2264,5.7095,129.0674,1.7006,3.5685,0.1007
21-Mar-24,4.702,6.0172,5.1416,3.1244,5.313,3.1146,3.4919,3.5168,60.1244,13.0829,8.4047,14.7766,0.3547,0.03,125.3766,6.2403,0.6532,3.5168,0.019,0.1158,2.8663,0.2246,5.6606,128.0292,1.6883,3.5381,0.1003
22-Mar-24,4.7405,5.9932,5.1378,3.1277,5.2725,3.0939,3.4956,3.5189,60.6295,13.0216,8.4358,14.8164,0.3539,0.0301,126.4032,6.3067,0.656,3.5189,0.0191,0.1168,2.8512,0.2264,5.6869,129.0775,1.6982,3.5553,0.1016
25-Mar-24,4.7285,5.9605,5.1134,3.1266,5.2674,3.0865,3.4772,3.5105,60.4602,13.0136,8.3973,14.8343,0.3525,0.0299,126.0799,6.2607,0.6565,3.5105,0.0191,0.1165,2.8357,0.2258,5.657,128.7578,1.6942,3.5422,0.1015
26-Mar-24,4.722,5.9672,5.1172,3.1188,5.2438,3.0854,3.4759,3.5101,60.3632,12.9707,8.3842,14.7826,0.3521,0.0299,125.9066,6.2595,0.6542,3.5101,0.0191,0.1165,2.8351,0.2255,5.6668,128.586,1.6951,3.5411,0.0996
27-Mar-24,4.7295,5.9658,5.1202,3.1176,5.2317,3.0841,3.4787,3.51,60.4591,12.9878,8.4043,14.7806,0.3509,0.0298,126.0998,6.2755,0.6544,3.51,0.0191,0.1167,2.8342,0.2259,5.6761,128.7938,1.6978,3.5479,0.0989
29-Mar-24,4.7285,5.9688,5.095,3.1254,5.2405,3.0792,3.4922,3.5032,60.4277,12.9619,8.4112,14.7729,0.3506,0.0298,126.0765,6.2578,0.6543,3.5032,0.0191,0.1166,2.8248,0.2258,5.6725,128.7648,1.7017,3.5433,0.0998
1-Apr-24,4.7235,5.9681,5.0969,3.1208,5.239,3.0828,3.4926,3.5025,60.3577,12.9981,8.4085,14.7817,0.3505,0.0297,125.9382,6.2542,0.6534,3.5025,0.019,0.1166,2.8263,0.2256,5.6665,128.6216,1.6991,3.5395,0.1
2-Apr-24,4.749,5.956,5.0957,3.1292,5.2397,3.0814,3.4969,3.5104,60.6905,12.9506,8.4269,14.8066,0.3512,0.0298,126.6164,6.2862,0.6564,3.5104,0.0191,0.1172,2.8242,0.2268,5.697,129.3195,1.708,3.5606,0.1007
3-Apr-24,4.75,5.9753,5.1191,3.134,5.2301,3.097,3.502,3.516,60.68,12.9693,8.425,14.8259,0.3524,0.0298,126.6397,6.2764,0.6566,3.516,0.019,0.1172,2.8358,0.2269,5.6963,129.3256,1.706,3.5602,0.1007
4-Apr-24,4.74,5.9973,5.1393,3.1251,5.2474,3.1194,3.5072,3.5165,60.5476,12.9191,8.4054,14.7956,0.3516,0.0298,126.3714,6.2697,0.6553,3.5165,0.019,0.117,2.8566,0.2264,5.6806,129.0674,1.7024,3.5506,0.1001
5-Apr-24,4.746,5.9921,5.1385,3.1375,5.2596,3.1186,3.4973,3.5167,60.6258,12.9002,8.3748,14.7892,0.3509,0.0299,126.5296,6.297,0.6561,3.5167,0.019,0.117,2.8538,0.2267,5.69,129.2343,1.7046,3.5563,0.1002
8-Apr-24,4.753,6.0035,5.1494,3.1316,5.2598,3.1251,3.4943,3.5234,60.7075,12.9926,8.4087,14.7946,0.3513,0.03,126.7146,6.3021,0.6571,3.5234,0.019,0.1173,2.8556,0.227,5.7089,129.4179,1.7071,3.5681,0.1
9-Apr-24,4.7505,6.0115,5.1567,3.1283,5.2495,3.1363,3.4973,3.5248,60.6662,12.9866,8.4109,14.7928,0.3506,0.03,126.6496,6.2971,0.6567,3.5248,0.019,0.1172,2.8676,0.2269,5.7071,129.3533,1.7088,3.5635,0.0999
12-Apr-24,4.7685,5.9823,5.1104,3.1124,5.2344,3.1129,3.4801,3.5183,60.8526,13.0778,8.4451,14.7732,0.3469,0.0301,127.1295,6.2946,0.6589,3.5183,0.0191,0.1177,2.8597,0.2278,5.7193,129.8434,1.7155,3.5746,0.1003
15-Apr-24,4.7775,5.9532,5.089,3.1088,5.2265,3.098,3.4724,3.512,60.9822,13.1025,8.4185,14.7691,0.3454,0.0302,127.383,6.2873,0.66,3.512,0.019,0.1179,2.8436,0.2282,5.7259,130.085,1.7188,3.5792,0.1004
16-Apr-24,4.793,5.957,5.0859,3.1052,5.2486,3.0764,3.4723,3.5066,61.2309,13.145,8.415,14.7228,0.3425,0.0296,127.7759,6.3094,0.6623,3.5066,0.019,0.1182,2.8183,0.2289,5.7384,130.5106,1.7243,3.5864,0.0993
17-Apr-24,4.7935,5.9583,5.0943,3.0996,5.2537,3.0755,3.4685,3.5142,61.2134,13.0524,8.378,14.7635,0.346,0.0295,127.7892,6.2998,0.6621,3.5142,0.0189,0.1183,2.8308,0.2289,5.7309,130.5206,1.7215,3.5862,0.0988
18-Apr-24,4.776,5.9554,5.1008,3.0965,5.2501,3.0829,3.4733,3.5151,60.9946,12.9977,8.369,14.7731,0.3478,0.0295,127.3227,6.2809,0.6601,3.5151,0.0188,0.1179,2.83,0.2281,5.7174,130.0441,1.7165,3.5734,0.0985
19-Apr-24,4.7815,5.9374,5.0861,3.0985,5.2683,3.0554,3.4704,3.5069,61.0652,12.9773,8.3092,14.6935,0.3452,0.0294,127.4659,6.2967,0.6605,3.5069,0.0188,0.1179,2.811,0.2284,5.7253,130.1921,1.7169,3.5783,0.0989
22-Apr-24,4.784,5.9233,5.1005,3.0927,5.2473,3.0795,3.485,3.5144,61.0769,12.935,8.3214,14.6645,0.3463,0.0295,127.5563,6.2926,0.6605,3.5144,0.0188,0.1175,2.8288,0.2285,5.7341,130.2549,1.7178,3.5834,0.0989
23-Apr-24,4.779,5.9035,5.0925,3.0881,5.2398,3.0865,3.4882,3.5107,60.985,12.9127,8.3214,14.6433,0.347,0.0294,127.4094,6.2819,0.6597,3.5107,0.0188,0.1172,2.8282,0.2283,5.7346,130.1223,1.7161,3.5839,0.0992
24-Apr-24,4.7755,5.9486,5.1127,3.084,5.2377,3.1127,3.4951,3.5124,60.9575,12.947,8.3197,14.6695,0.3484,0.0296,127.3195,6.2775,0.6591,3.5124,0.0188,0.1172,2.8376,0.2281,5.7331,130.0234,1.7141,3.5832,0.0994
25-Apr-24,4.7835,5.9619,5.1212,3.0769,5.2293,3.111,3.4931,3.515,61.1041,12.8684,8.2577,14.6771,0.3473,0.0295,127.5345,6.2967,0.6601,3.515,0.0189,0.1174,2.8409,0.2285,5.7373,130.2377,1.7184,3.5857,0.0999
26-Apr-24,4.7775,5.9716,5.1232,3.0636,5.2316,3.1166,3.4981,3.5117,61.011,12.8965,8.2627,14.6608,0.3468,0.0295,127.3796,6.2966,0.6593,3.5117,0.0189,0.1173,2.8457,0.2282,5.7341,130.0743,1.7154,3.5836,0.0997
29-Apr-24,4.7735,5.9776,5.1153,2.9946,5.2284,3.1338,3.4972,3.5026,61.0028,12.8892,8.2715,14.6366,0.3456,0.0294,127.2764,6.2892,0.6588,3.5026,0.0188,0.117,2.8462,0.228,5.7221,129.9619,1.7142,3.5763,0.1
30-Apr-24,4.7675,5.9813,5.1036,3.0418,5.2292,3.1151,3.485,3.5027,60.9215,12.873,8.2852,14.6377,0.346,0.0293,127.113,6.2836,0.6582,3.5027,0.0188,0.117,2.8364,0.2277,5.711,129.7985,1.7105,3.5692,0.0996
2-May-24,4.766,5.9718,5.1068,3.0562,5.1991,3.1124,3.4721,3.5043,60.9615,12.9055,8.2729,14.6407,0.3462,0.0294,127.0764,6.2661,0.6582,3.5043,0.0188,0.1169,2.8246,0.2276,5.7122,129.7595,1.7113,3.57,0.0995
3-May-24,4.7395,5.9493,5.0879,3.0976,5.2114,3.1165,3.4686,3.5032,60.6637,12.8686,8.2487,14.6487,0.3477,0.0294,126.3664,6.2473,0.6545,3.5032,0.0187,0.116,2.8295,0.2264,5.6843,129.038,1.7018,3.5531,0.0988
6-May-24,4.7415,5.9494,5.1042,3.0804,5.234,3.1367,3.4647,3.5072,60.671,12.9108,8.2835,14.6641,0.3487,0.0296,126.4198,6.2676,0.6573,3.5072,0.0187,0.116,2.8454,0.2265,5.6815,129.0924,1.7025,3.5509,0.0989
7-May-24,4.7425,5.9554,5.107,3.0685,5.2279,3.144,3.469,3.5076,60.6338,12.8925,8.2857,14.6371,0.3493,0.0296,126.4464,6.272,0.6572,3.5076,0.0187,0.116,2.8524,0.2265,5.6815,129.1179,1.7029,3.5506,0.0989
8-May-24,4.7465,5.9267,5.0982,3.059,5.2208,3.1199,3.4512,3.4999,60.7175,12.8423,8.2659,14.6312,0.3475,0.0295,126.5565,6.2719,0.657,3.4999,0.0187,0.1161,2.8432,0.2267,5.6847,129.2286,1.706,3.553,0.0995
9-May-24,4.742,5.9263,5.0967,3.0484,5.2205,3.1217,3.4551,3.4999,60.6724,12.8447,8.2656,14.6263,0.3468,0.0296,126.4365,6.2582,0.6563,3.4999,0.0186,0.116,2.8483,0.2265,5.6813,129.1043,1.7022,3.551,0.0997
10-May-24,4.7393,5.9321,5.107,3.0432,5.2275,3.1307,3.4622,3.5012,60.6504,12.8942,8.2717,14.5992,0.3462,0.0295,126.3632,6.2487,0.6559,3.5012,0.0186,0.1159,2.8537,0.2264,5.6768,129.0329,1.7008,3.548,0.1
13-May-24,4.7465,5.9459,5.1127,3.0472,5.2352,3.1322,3.4692,3.505,60.7369,12.9058,8.2205,14.6316,0.3467,0.0295,126.5565,6.2692,0.6561,3.505,0.0186,0.1161,2.8526,0.2267,5.6834,129.2268,1.7063,3.5521,0.1004
14-May-24,4.728,5.9379,5.1006,3.0227,5.2033,3.1214,3.4561,3.4916,60.5304,12.8548,8.1714,14.5795,0.3453,0.0293,126.0632,6.2438,0.6533,3.4916,0.0186,0.1156,2.8446,0.2258,5.6619,128.7231,1.7,3.5385,0.1004
15-May-24,4.702,5.9238,5.0904,3.0065,5.1907,3.1257,3.4476,3.4827,60.1983,12.8646,8.1618,14.6084,0.3457,0.0293,125.3733,6.2117,0.6508,3.4827,0.0185,0.1149,2.848,0.2246,5.632,128.0118,1.6906,3.52,0.1004
16-May-24,4.682,5.9422,5.0973,3.0408,5.1999,3.1332,3.4419,3.4871,59.9922,12.9283,8.1639,14.6102,0.3477,0.0294,124.84,6.1958,0.649,3.4871,0.0184,0.1145,2.8689,0.2236,5.6099,127.4673,1.6812,3.5061,0.1
17-May-24,4.685,5.9305,5.0874,3.0072,5.1651,3.1219,3.4383,3.4767,60.0576,12.9081,8.1189,14.5339,0.3452,0.0293,124.92,6.2135,0.6483,3.4767,0.0184,0.1145,2.8632,0.2238,5.6117,127.5524,1.6807,3.507,0.0999
20-May-24,4.686,5.9533,5.0974,3.0092,5.1534,3.1406,3.4434,3.4839,60.0788,12.995,8.1115,14.535,0.3452,0.0293,124.9467,6.2032,0.6481,3.4839,0.0184,0.1146,2.8718,0.2238,5.6268,127.5796,1.6823,3.5142,0.1
21-May-24,4.6915,5.9613,5.0931,2.9982,5.1498,3.1229,3.4396,3.4801,60.1478,12.9278,8.0707,14.516,0.3435,0.0293,125.0933,6.2181,0.6483,3.4801,0.0184,0.1147,2.8606,0.2241,5.6311,127.7294,1.6824,3.5195,0.1006
23-May-24,4.7155,6.0021,5.1071,3.0081,5.1564,3.1268,3.447,3.4928,60.4013,12.9103,8.0981,14.6299,0.3459,0.0295,125.7249,6.2423,0.651,3.4928,0.0185,0.1153,2.8859,0.2252,5.662,128.3828,1.6911,3.5387,0.1008
24-May-24,4.719,5.9877,5.0994,3.0047,5.1554,3.1124,3.4351,3.4896,60.4237,12.8539,8.111,14.6242,0.3442,0.0295,125.8216,6.2472,0.6513,3.4896,0.0185,0.1153,2.8762,0.2254,5.671,128.4816,1.6944,3.5447,0.1001
27-May-24,4.7055,5.996,5.105,3.0028,5.1468,3.1221,3.4431,3.4862,60.2377,12.8513,8.1011,14.6188,0.3446,0.0293,125.4599,6.2271,0.6495,3.4863,0.0185,0.115,2.884,0.2247,5.6625,128.1123,1.6891,3.5388,0.1002
28-May-24,4.6915,5.9964,5.1036,2.9948,5.1445,3.1304,3.4455,3.4829,60.0877,12.8358,8.0975,14.6112,0.3458,0.0292,125.09,6.2085,0.6475,3.4829,0.0184,0.1146,2.8909,0.2241,5.6445,127.7259,1.6858,3.528,0.0995
29-May-24,4.702,5.9955,5.1005,2.9889,5.1523,3.128,3.4413,3.4848,60.1829,12.8382,8.07,14.5695,0.3446,0.0291,125.37,6.2312,0.6487,3.4848,0.0185,0.1148,2.8847,0.2246,5.6472,128.0135,1.6891,3.5294,0.0988
30-May-24,4.709,5.9781,5.0848,2.992,5.1557,3.1124,3.4315,3.4808,60.2501,12.7443,8.0235,14.5192,0.342,0.029,125.5482,6.2319,0.6496,3.4808,0.0185,0.1148,2.8744,0.2249,5.6464,128.2058,1.6896,3.5288,0.0993
31-May-24,4.704,5.9851,5.0893,2.9999,5.2041,3.1216,3.44,3.4826,60.17,12.7957,8.0376,14.481,0.3406,0.029,125.4166,6.2215,0.6496,3.4826,0.0185,0.1146,2.8821,0.2247,5.651,128.0697,1.6894,3.5318,0.0996
4-Jun-24,4.694,6.0128,5.1197,3.0015,5.2397,3.1358,3.442,3.4859,60.0359,12.8269,7.9932,14.4872,0.3417,0.0289,125.1516,6.2116,0.6478,3.4859,0.0185,0.114,2.9049,0.2242,5.6284,127.7992,1.683,3.5178,0.0997
5-Jun-24,4.6995,6.0017,5.1121,3.0223,5.2747,3.1294,3.4371,3.4907,60.1786,12.8613,8.0101,14.5268,0.3429,0.0289,125.3,6.2312,0.6486,3.4907,0.0185,0.1141,2.9066,0.2245,5.631,127.9507,1.685,3.5194,0.099
6-Jun-24,4.696,6.0104,5.1142,3.0185,5.2726,3.1301,3.4334,3.4886,60.1307,12.8878,8.0034,14.5488,0.3435,0.0288,125.21,6.2241,0.6482,3.4886,0.0185,0.114,2.912,0.2243,5.6287,127.8484,1.6862,3.5179,0.0987
7-Jun-24,4.6955,6.0048,5.1157,3.0147,5.2741,3.1317,3.4355,3.4899,60.1213,12.9015,8.02,14.5446,0.3431,0.0289,125.1966,6.2249,0.6481,3.4899,0.0185,0.1139,2.9114,0.2243,5.6256,127.8383,1.6836,3.5159,0.0988
10-Jun-24,4.7165,5.9968,5.0728,3.0012,5.2546,3.1072,3.4248,3.484,60.3739,12.7784,8.0257,14.5374,0.3421,0.0289,125.7515,6.2569,0.6508,3.484,0.0186,0.1143,2.8785,0.2253,5.649,128.4065,1.6911,3.5307,0.099
11-Jun-24,4.7235,6.0159,5.0867,3.0044,5.2679,3.1161,3.4312,3.4906,60.4852,12.8513,8.0475,14.59,0.3429,0.029,125.9533,6.2316,0.6513,3.4906,0.0186,0.1144,2.891,0.2256,5.657,128.6006,1.6942,3.5356,0.099
12-Jun-24,4.718,6.0124,5.0671,3.0016,5.2554,3.1217,3.4314,3.4876,60.4163,12.8451,8.0361,14.5804,0.3425,0.029,125.7999,6.225,0.6504,3.4876,0.0185,0.1143,2.899,0.2253,5.6462,128.4509,1.6929,3.5291,0.0992
13-Jun-24,4.708,6.0194,5.0877,2.9986,5.26,3.1336,3.4264,3.4899,60.2859,12.8634,8.028,14.5653,0.3427,0.0289,125.5199,6.2155,0.6493,3.4899,0.0185,0.114,2.9077,0.2249,5.6354,128.1751,1.69,3.5224,0.0987
14-Jun-24,4.713,6.0103,5.0618,2.9862,5.2703,3.125,3.4296,3.4865,60.3515,12.8245,8.0382,14.5499,0.342,0.0288,125.6348,6.2295,0.6496,3.4865,0.0185,0.1141,2.8997,0.2251,5.641,128.313,1.6911,3.526,0.0988
18-Jun-24,4.7145,5.986,5.0563,2.9906,5.3002,3.1151,3.4318,3.4855,60.38,12.8066,8.0343,14.5604,0.3414,0.0287,125.6463,6.2113,0.6498,3.4855,0.0185,0.1141,2.8848,0.2252,5.6476,128.3556,1.6925,3.5297,0.0988
19-Jun-24,4.708,5.9829,5.0555,2.9823,5.3237,3.1355,3.4315,3.4852,60.2952,12.8231,8.0218,14.5378,0.3407,0.0288,125.4747,6.2029,0.6488,3.4852,0.0185,0.1139,2.8874,0.2249,5.6465,128.1786,1.6905,3.5292,0.0987
20-Jun-24,4.711,5.9905,5.0606,2.98,5.3298,3.1446,3.4359,3.4868,60.3568,12.8313,8.018,14.559,0.3404,0.0287,125.5731,6.2068,0.6489,3.4868,0.0185,0.1139,2.8897,0.225,5.6446,128.2585,1.6916,3.5279,0.0987
21-Jun-24,4.715,5.9694,5.0526,2.9676,5.2897,3.1433,3.4463,3.4837,60.429,12.8369,8.016,14.5835,0.3398,0.0287,125.6831,6.2123,0.6494,3.4837,0.0185,0.114,2.8882,0.2252,5.6415,128.3657,1.6892,3.5263,0.0988
24-Jun-24,4.7125,5.9575,5.0384,2.9508,5.2745,3.1263,3.4405,3.4781,60.3784,12.8196,8.0165,14.56,0.3391,0.0287,125.6198,6.1967,0.649,3.4781,0.0185,0.114,2.8798,0.2251,5.6422,128.2976,1.6865,3.5265,0.0979
25-Jun-24,4.708,5.9775,5.0559,2.952,5.2783,3.1362,3.4512,3.4822,60.3045,12.8616,8.0157,14.5268,0.3395,0.0287,125.4965,6.2,0.6485,3.4822,0.0185,0.1141,2.8825,0.2249,5.6411,128.1786,1.6846,3.5257,0.0974
26-Jun-24,4.71,5.9753,5.0449,2.9468,5.2623,3.1427,3.4488,3.4763,60.3115,12.8094,8.0075,14.4772,0.3388,0.0287,125.5364,6.2022,0.6482,3.4763,0.0185,0.1143,2.8797,0.225,5.6441,128.2296,1.688,3.5276,0.0974
27-Jun-24,4.719,5.9601,5.0451,2.9414,5.2612,3.1436,3.4445,3.4774,60.4407,12.7782,8.0105,14.491,0.3395,0.0287,125.7863,6.2025,0.6492,3.4774,0.0185,0.1145,2.8713,0.2254,5.651,128.4781,1.6909,3.5321,0.0982
28-Jun-24,4.7195,5.9605,5.0461,2.9316,5.2477,3.1274,3.439,3.4744,60.4533,12.8108,8.0448,14.5327,0.3417,0.0288,125.798,6.2062,0.6493,3.4744,0.0185,0.1145,2.8631,0.2254,5.658,128.49,1.6949,3.5368,0.0983
1-Jul-24,4.7145,5.9667,5.0695,2.9273,5.2398,3.1434,3.4475,3.4783,60.3645,12.8303,8.039,14.5111,0.3414,0.0288,125.663,6.2012,0.6487,3.4783,0.0185,0.1143,2.8756,0.2252,5.6498,128.3573,1.694,3.5311,0.0982
2-Jul-24,4.719,5.962,5.0647,2.919,5.221,3.1348,3.4313,3.4746,60.4036,12.8181,8.0214,14.4775,0.3397,0.0288,125.783,6.2127,0.649,3.4746,0.0185,0.1144,2.8574,0.2254,5.6482,128.4781,1.6908,3.5298,0.0977
3-Jul-24,4.72,5.9883,5.0712,2.9202,5.2204,3.1518,3.4509,3.4785,60.4141,12.8087,8.0299,14.4384,0.3395,0.0288,125.813,6.205,0.6489,3.4785,0.0185,0.1143,2.8705,0.2254,5.6514,128.5088,1.6951,3.5321,0.098
4-Jul-24,4.712,6.0043,5.0819,2.917,5.2295,3.1627,3.4549,3.4821,60.3395,12.8708,8.0293,14.4638,0.341,0.0288,125.6064,6.2037,0.648,3.4821,0.0185,0.1141,2.8788,0.2251,5.6408,128.2875,1.6884,3.5255,0.0979
5-Jul-24,4.7075,6.0122,5.0945,2.9309,5.2393,3.1714,3.4594,3.4872,60.2818,12.8708,8.0395,14.5081,0.3415,0.0289,125.4898,6.1978,0.6477,3.4872,0.0185,0.114,2.8826,0.2248,5.6393,128.165,1.69,3.5249,0.0981
9-Jul-24,4.711,6.0327,5.1013,2.9251,5.2438,3.1736,3.4544,3.4891,60.3081,12.9281,8.0569,14.4851,0.3405,0.0289,125.5898,6.2231,0.6478,3.4891,0.0185,0.1141,2.8834,0.225,5.6416,128.2603,1.6879,3.5261,0.0983
10-Jul-24,4.705,6.0193,5.0908,2.9145,5.2432,3.1735,3.4517,3.4853,60.2313,12.9214,8.0551,14.4325,0.3396,0.0289,125.4399,6.2134,0.6467,3.4853,0.0185,0.1141,2.8672,0.2247,5.6354,128.0969,1.6858,3.5221,0.0979
11-Jul-24,4.688,6.029,5.0809,2.9004,5.2141,3.1696,3.4429,3.4786,60.0321,12.9431,8.0429,14.4317,0.3401,0.0289,124.99,6.1894,0.6448,3.4786,0.0184,0.1137,2.859,0.2239,5.6141,127.6341,1.6829,3.5087,0.0977
12-Jul-24,4.6715,6.03,5.0775,2.9337,5.2097,3.1612,3.4298,3.4761,59.8408,12.9161,8.0053,14.3692,0.3392,0.0289,124.5501,6.1762,0.6431,3.4761,0.0184,0.1134,2.8489,0.2231,5.5923,127.1849,1.6751,3.4955,0.0973
15-Jul-24,4.6725,6.0621,5.0902,2.9577,5.2163,3.1663,3.4228,3.4827,59.8429,12.9057,7.9797,14.3357,0.3379,0.0289,124.5767,6.1946,0.6435,3.4827,0.0184,0.1135,2.8495,0.2232,5.5931,127.2121,1.6773,3.4954,0.0975
16-Jul-24,4.678,6.0648,5.0957,2.9489,5.2224,3.1569,3.4192,3.4796,59.9333,12.912,8.0021,14.3497,0.3377,0.0289,124.7234,6.2089,0.6439,3.4796,0.0184,0.1136,2.8342,0.2234,5.597,127.3618,1.6793,3.4981,0.0976
17-Jul-24,4.674,6.0647,5.0977,2.9512,5.2291,3.1493,3.4185,3.48,59.8766,12.9869,8.013,14.3344,0.3385,0.029,124.6167,6.1987,0.643,3.48,0.0184,0.1135,2.836,0.2232,5.5936,127.2529,1.6778,3.4948,0.0973
18-Jul-24,4.6655,6.0663,5.1008,2.9824,5.2735,3.1431,3.4098,3.4794,59.7593,12.9778,8.0043,14.3094,0.3378,0.0289,124.3868,6.2011,0.6428,3.4794,0.0185,0.1133,2.8327,0.2228,5.5832,127.0215,1.6767,3.4897,0.0968
19-Jul-24,4.6775,6.0532,5.0933,2.972,5.2621,3.1346,3.4126,3.48,59.8846,12.9124,8.0177,14.282,0.3372,0.0289,124.7067,6.2167,0.6437,3.48,0.0185,0.1135,2.8196,0.2234,5.5926,127.3517,1.6819,3.4954,0.0969
22-Jul-24,4.6835,6.0523,5.1013,2.9739,5.2721,3.1246,3.4113,3.482,59.9818,12.9075,8.0135,14.233,0.337,0.0289,124.8634,6.2096,0.644,3.482,0.0185,0.1136,2.8099,0.2237,5.5988,127.5116,1.6841,3.4991,0.0968
23-Jul-24,4.6715,6.0407,5.0891,2.9887,5.2548,3.1009,3.3947,3.475,59.8415,12.8958,8.0115,14.2454,0.3378,0.0289,124.5434,6.196,0.6422,3.475,0.0184,0.1134,2.7887,0.2231,5.5858,127.1866,1.6789,3.4911,0.0965
24-Jul-24,4.6735,6.0239,5.0684,3.0141,5.2408,3.0822,3.3872,3.4728,59.8511,12.9532,7.9957,14.2609,0.3375,0.0288,124.5868,6.1948,0.6423,3.4728,0.0184,0.1135,2.7712,0.2232,5.5836,127.2393,1.6773,3.4898,0.0966
25-Jul-24,4.6693,6.0203,5.0629,3.0655,5.2891,3.0593,3.3801,3.4748,59.8146,12.9235,7.9694,14.2459,0.3367,0.0287,124.4669,6.1899,0.6432,3.4748,0.0184,0.1134,2.7633,0.223,5.5778,127.1236,1.6758,3.4862,0.0966
26-Jul-24,4.6625,5.9983,5.063,3.0326,5.2938,3.0544,3.3745,3.4716,59.7224,12.8923,7.979,14.2078,0.3363,0.0286,124.2836,6.1951,0.6433,3.4716,0.0184,0.1133,2.7448,0.2227,5.5685,126.9398,1.675,3.4806,0.0965
29-Jul-24,4.64,5.9768,5.04,3.0223,5.2563,3.0459,3.3577,3.458,59.4327,12.9122,7.9486,14.1323,0.336,0.0285,123.6806,6.1548,0.6395,3.458,0.0183,0.1127,2.7367,0.2216,5.5425,126.3273,1.6671,3.464,0.096
30-Jul-24,4.6295,5.9515,5.01,3.0047,5.2234,3.0339,3.3432,3.4457,59.2694,12.8651,7.8975,14.0959,0.3345,0.0284,123.404,6.1379,0.6376,3.4457,0.0183,0.1124,2.7256,0.2211,5.5288,126.0431,1.6623,3.4555,0.0958
31-Jul-24,4.606,5.9143,4.9846,2.9977,5.2204,2.9932,3.3267,3.4295,58.9572,12.8821,7.8762,14.0209,0.3334,0.0283,122.7743,6.1046,0.6365,3.4295,0.0182,0.1118,2.7192,0.22,5.5015,125.3999,1.6518,3.4389,0.0951
1-Aug-24,4.5595,5.8606,4.9393,3.0485,5.1984,2.9762,3.3022,3.4139,58.3623,12.8554,7.8201,13.9592,0.3344,0.0281,121.5251,6.0569,0.6305,3.4139,0.0181,0.1106,2.7136,0.2178,5.4491,124.1373,1.6358,3.4059,0.0939
2-Aug-24,4.539,5.7738,4.8989,3.0362,5.2026,2.9538,3.2741,3.3964,58.084,12.7967,7.7883,13.8378,0.3307,0.0279,120.9626,6.0173,0.6277,3.3962,0.018,0.1102,2.6991,0.2168,5.4208,123.5791,1.6269,3.3881,0.0932
5-Aug-24,4.4075,5.6418,4.8176,3.053,5.1725,2.8653,3.1777,3.3319,56.6805,12.4947,7.6268,13.505,0.3242,0.0273,117.4394,5.8563,0.6178,3.3319,0.0176,0.1069,2.6233,0.2105,5.2606,119.9973,1.5819,3.288,0.0904
6-Aug-24,4.4675,5.709,4.8937,3.0735,5.2209,2.9079,3.2339,3.3725,57.3238,12.6085,7.7199,13.6696,0.3255,0.0276,119.0159,5.9845,0.6253,3.3725,0.0178,0.1084,2.6562,0.2134,5.3277,121.6292,1.6013,3.3301,0.0907
7-Aug-24,4.506,5.7296,4.9183,3.0624,5.2524,2.9573,3.2729,3.3922,57.7863,12.6431,7.7918,13.7847,0.3275,0.028,120.008,6.0157,0.6272,3.3922,0.0179,0.1094,2.7095,0.2152,5.3694,122.6807,1.6151,3.3562,0.0916
8-Aug-24,4.4615,5.6659,4.8787,3.0476,5.1881,2.927,3.2498,3.3682,57.2769,12.5588,7.7754,13.7075,0.3244,0.028,118.8371,5.9491,0.6226,3.3682,0.0177,0.1084,2.6789,0.2131,5.3148,121.4691,1.6004,3.322,0.0906
9-Aug-24,4.4635,5.6948,4.8755,3.0318,5.1527,2.9466,3.2525,3.374,57.2541,12.6678,7.7938,13.8018,0.3276,0.0281,118.9426,5.9567,0.6228,3.374,0.0178,0.1085,2.6926,0.2132,5.3192,121.5236,1.5998,3.3248,0.0906
12-Aug-24,4.446,5.6724,4.8521,3.0203,5.1319,2.927,3.2366,3.356,57.0102,12.6092,7.7443,13.703,0.3246,0.0278,118.4573,5.9311,0.6191,3.356,0.0177,0.1082,2.6725,0.2123,5.2959,121.0455,1.5935,3.3096,0.0903
13-Aug-24,4.453,5.6883,4.8702,3.0193,5.1429,2.9356,3.241,3.3638,57.1737,12.6686,7.7877,13.7447,0.325,0.028,118.6375,5.9408,0.6201,3.3638,0.0177,0.1085,2.6849,0.2127,5.3036,121.2361,1.5961,3.315,0.0903
14-Aug-24,4.431,5.6967,4.8697,3.0189,5.1222,2.9353,3.2302,3.3628,56.8879,12.6763,7.7901,13.7327,0.3259,0.0282,118.0247,5.9127,0.6197,3.3628,0.0177,0.108,2.6646,0.2116,5.2808,120.6371,1.5903,3.3004,0.0898
15-Aug-24,4.439,5.6968,4.8865,3.0114,5.1262,2.9384,3.2367,3.369,56.9661,12.6269,7.7843,13.7501,0.3269,0.0283,118.2756,5.9466,0.6201,3.369,0.0177,0.1081,2.665,0.212,5.2867,120.8549,1.5932,3.3047,0.0904
16-Aug-24,4.438,5.7106,4.8716,2.9798,5.0927,2.9393,3.2329,3.36,56.9292,12.6349,7.7567,13.7314,0.3262,0.0282,118.2647,5.9406,0.6187,3.36,0.0177,0.1081,2.6666,0.212,5.2871,120.8277,1.5928,3.3044,0.0908
19-Aug-24,4.3715,5.6628,4.8255,2.9847,5.057,2.925,3.1989,3.3338,56.1042,12.6986,7.7065,13.6686,0.328,0.0281,116.4848,5.8468,0.6118,3.3338,0.0175,0.1064,2.6572,0.2088,5.2139,119.0172,1.569,3.2584,0.0895
20-Aug-24,4.3745,5.6774,4.8448,2.9745,5.0739,2.939,3.207,3.3403,56.1542,12.7444,7.7261,13.7016,0.3281,0.0282,116.5818,5.8673,0.6121,3.3403,0.0176,0.1066,2.6748,0.2089,5.2161,119.1021,1.57,3.2601,0.0897
21-Aug-24,4.377,5.7017,4.8677,3.0087,5.1238,2.9521,3.2145,3.3508,56.1827,12.8095,7.7644,13.7232,0.3281,0.0284,116.6516,5.8797,0.6137,3.3508,0.0176,0.1068,2.6912,0.2091,5.221,119.1685,1.5709,3.2631,0.0895
22-Aug-24,4.3825,5.7352,4.8839,3.0169,5.1477,2.9505,3.2254,3.3541,56.2284,12.7565,7.7773,13.712,0.328,0.0281,116.8044,5.8969,0.6145,3.3541,0.0176,0.107,2.6955,0.2093,5.221,119.3313,1.5729,3.2631,0.0898
23-Aug-24,4.38,5.7393,4.8728,3.0067,5.1436,2.9423,3.2217,3.3489,56.1744,12.7418,7.7646,13.6933,0.3271,0.0281,116.7331,5.9006,0.6136,3.3489,0.0175,0.1069,2.6939,0.2092,5.2204,119.2518,1.572,3.2627,0.0898
26-Aug-24,4.347,5.7393,4.8617,3.0193,5.1304,2.9468,3.217,3.3396,55.7662,12.79,7.704,13.6604,0.3278,0.0282,115.8505,5.8512,0.6103,3.3396,0.0175,0.1062,2.7021,0.2076,5.1859,118.3517,1.5602,3.2414,0.0891
27-Aug-24,4.355,5.7447,4.863,3.0071,5.1386,2.9544,3.2311,3.3387,55.8333,12.7863,7.7429,13.6439,0.3274,0.0281,116.0652,5.8786,0.6112,3.3387,0.0175,0.1065,2.7073,0.208,5.1885,118.5679,1.563,3.2429,0.0894
28-Aug-24,4.3435,5.7543,4.85,3.0077,5.1509,2.9542,3.2295,3.3338,55.6927,12.7919,7.7273,13.5955,0.3252,0.0281,115.7557,5.8615,0.6093,3.3338,0.0175,0.1065,2.7147,0.2075,5.1746,118.2581,1.5577,3.2339,0.0892
29-Aug-24,4.3255,5.7129,4.8164,2.9929,5.146,2.9403,3.2123,3.3226,55.463,12.7146,7.6816,13.5424,0.3242,0.0281,115.2668,5.8316,0.6079,3.3226,0.0174,0.1062,2.7201,0.2066,5.156,117.7696,1.5492,3.2223,0.0889
30-Aug-24,4.3155,5.6811,4.7788,2.9804,5.0905,2.9373,3.1999,3.3117,55.3653,12.6926,7.6788,13.4986,0.3232,0.0279,115.0033,5.8166,0.6084,3.3117,0.0173,0.106,2.7039,0.2061,5.1464,117.4973,1.5457,3.2164,0.0888
2-Sep-24,4.333,5.6886,4.7873,2.9687,5.0988,2.9311,3.2105,3.3171,55.5702,12.6844,7.6867,13.5229,0.3237,0.0279,115.4666,5.8349,0.6099,3.3171,0.0174,0.1064,2.7027,0.207,5.166,117.969,1.5519,3.2288,0.0892
3-Sep-24,4.379,5.7492,4.8423,2.9882,5.137,2.9534,3.2383,3.3459,56.1655,12.7724,7.7265,13.6432,0.3261,0.0282,116.6878,5.8968,0.6148,3.3459,0.0176,0.1076,2.7148,0.2091,5.2169,119.223,1.5716,3.2601,0.0902
4-Sep-24,4.3475,5.6998,4.8057,2.992,5.1222,2.9128,3.2115,3.3262,55.7643,12.6944,7.6923,13.5327,0.3238,0.0281,115.836,5.8391,0.6115,3.3262,0.0175,0.1068,2.6861,0.2076,5.1787,118.3686,1.5603,3.2362,0.0896
5-Sep-24,4.333,5.6968,4.7997,3.0137,5.1166,2.9133,3.2071,3.3258,55.5908,12.7723,7.6816,13.509,0.3241,0.0281,115.4405,5.8254,0.6103,3.3258,0.0175,0.106,2.6862,0.207,5.1599,117.9706,1.5551,3.2249,0.0894
6-Sep-24,4.3325,5.7092,4.8156,3.029,5.1397,2.9156,3.2096,3.3341,55.5848,12.9203,7.7491,13.5692,0.3261,0.0282,115.4164,5.8407,0.6113,3.3341,0.0176,0.106,2.6924,0.2069,5.161,117.957,1.555,3.2259,0.0894
9-Sep-24,4.3475,5.7085,4.8168,3.045,5.1422,2.9043,3.2069,3.3378,55.7661,12.8853,7.7227,13.555,0.3245,0.0282,115.8175,5.8657,0.6117,3.3378,0.0177,0.1064,2.6835,0.2076,5.1781,118.3654,1.5608,3.2366,0.0898
10-Sep-24,4.36,5.6996,4.8126,3.0439,5.1352,2.9031,3.214,3.3393,55.9197,12.8773,7.7161,13.5555,0.3241,0.0282,116.1675,5.8623,0.6126,3.3393,0.0177,0.1069,2.6781,0.2082,5.1926,118.7057,1.5634,3.2454,0.0902
11-Sep-24,4.337,5.6787,4.7872,3.0671,5.1362,2.8848,3.1877,3.3298,55.625,12.9193,7.737,13.4899,0.3237,0.0281,115.5917,5.8335,0.6096,3.3298,0.0176,0.1064,2.6636,0.2071,5.1651,118.0795,1.5559,3.2281,0.0897
12-Sep-24,4.3335,5.6524,4.7725,3.039,5.0806,2.8985,3.1926,3.3231,55.5673,12.8381,7.7405,13.4719,0.3236,0.0281,115.4738,5.8351,0.6087,3.3231,0.0177,0.1064,2.6627,0.207,5.1607,117.9842,1.5557,3.2253,0.0896
13-Sep-24,4.3175,5.6773,4.787,3.0626,5.0836,2.9046,3.1813,3.3244,55.3639,12.9752,7.7026,13.4855,0.3249,0.028,115.0505,5.8038,0.6077,3.3244,0.0176,0.1061,2.6689,0.2062,5.1446,117.5486,1.5503,3.2153,0.0892
17-Sep-24,4.281,5.652,4.7622,3.0447,5.0702,2.8886,3.1493,3.306,54.947,12.8597,7.6745,13.4437,0.3252,0.0279,114.0657,5.7861,0.6035,3.306,0.0174,0.1053,2.6497,0.2045,5.1061,116.5548,1.5383,3.1913,0.0884
18-Sep-24,4.243,5.5861,4.7208,3.0008,5.0192,2.8695,3.1223,3.2786,54.4404,12.737,7.6108,13.2803,0.3199,0.0276,113.0412,5.7354,0.5979,3.2786,0.0172,0.1043,2.6317,0.2027,5.0647,115.5202,1.5235,3.1662,0.0877
19-Sep-24,4.253,5.6186,4.7287,2.9705,5.0121,2.8893,3.1272,3.2835,54.5687,12.7507,7.641,13.2985,0.3191,0.0278,113.3227,5.7462,0.6007,3.2835,0.0173,0.1045,2.646,0.2031,5.0815,115.7925,1.5297,3.176,0.0876
20-Sep-24,4.1815,5.5591,4.6689,2.9386,4.9412,2.8524,3.0838,3.2416,53.674,12.6406,7.5295,13.1028,0.3145,0.0277,111.4324,5.6577,0.5935,3.2416,0.017,0.1027,2.6107,0.1997,5.0034,113.8458,1.5035,3.1272,0.0862
23-Sep-24,4.2125,5.6066,4.7018,2.9189,4.9504,2.875,3.1058,3.2611,54.0983,12.8098,7.5567,13.1437,0.3152,0.0277,112.2615,5.6942,0.5978,3.2611,0.0172,0.1034,2.6278,0.2012,5.0463,114.6914,1.5146,3.1545,0.0868
24-Sep-24,4.173,5.5724,4.637,2.9025,4.9259,2.8575,3.0869,3.2348,53.6003,12.6723,7.4525,13.0402,0.313,0.0275,111.2177,5.6365,0.5928,3.2348,0.017,0.1024,2.6152,0.1993,4.9953,113.6144,1.5018,3.1219,0.0858
25-Sep-24,4.1225,5.5338,4.6164,2.8769,4.8964,2.8406,3.07,3.2135,52.9384,12.6263,7.3669,12.9378,0.3102,0.0273,109.8835,5.5735,0.5876,3.2135,0.0168,0.1012,2.6118,0.1969,4.9342,112.2395,1.4822,3.0837,0.0846
26-Sep-24,4.1355,5.5166,4.6069,2.8533,4.8644,2.831,3.07,3.2124,53.1207,12.6507,7.3782,12.9696,0.3111,0.0273,110.2242,5.5999,0.5892,3.2124,0.0168,0.1015,2.5925,0.1975,4.9419,112.5934,1.4881,3.0883,0.0852
27-Sep-24,4.1225,5.5213,4.6042,2.8381,4.8663,2.8363,3.0565,3.2088,52.9915,12.71,7.3768,13.0138,0.3127,0.0272,109.904,5.5803,0.5878,3.2088,0.0168,0.1012,2.6003,0.1969,4.9295,112.2395,1.4836,3.0809,0.0852
30-Sep-24,4.1075,5.4977,4.5834,2.8836,4.8786,2.8463,3.04,3.2074,52.8452,12.7226,7.342,13.0042,0.3143,0.0271,109.4998,5.5656,0.5857,3.2074,0.0167,0.1008,2.6159,0.1962,4.904,111.8296,1.4794,3.0651,0.0849
1-Oct-24,4.1675,5.5726,4.6418,2.8885,4.9241,2.8816,3.0803,3.2398,53.6085,12.8567,7.4175,13.0778,0.3151,0.0274,111.0919,5.6527,0.5938,3.2398,0.017,0.1021,2.6349,0.199,4.9723,113.4616,1.5005,3.1076,0.0863
2-Oct-24,4.1625,5.5301,4.6081,2.8879,4.9164,2.8748,3.0878,3.234,53.6014,12.7927,7.4185,13.0771,0.3154,0.0273,110.9527,5.6214,0.5931,3.234,0.0169,0.1019,2.6255,0.1988,4.9626,113.3254,1.498,3.1036,0.0863
3-Oct-24,4.215,5.5851,4.6513,2.8702,4.9591,2.8934,3.1173,3.255,54.2586,12.7284,7.4887,13.1444,0.3164,0.0274,112.3087,5.6836,0.6006,3.255,0.017,0.1035,2.6316,0.2013,5.0223,114.7548,1.5155,3.1385,0.0871
4-Oct-24,4.233,5.5573,4.6677,2.8917,4.9709,2.8985,3.1225,3.2642,54.5124,12.7789,7.5106,13.196,0.3172,0.0273,112.7567,5.692,0.6031,3.2641,0.0171,0.104,2.6293,0.2022,5.0411,115.2464,1.525,3.1507,0.0875
7-Oct-24,4.2725,5.6096,4.688,2.8788,4.9816,2.9083,3.1465,3.2768,55.0197,12.7747,7.5406,13.2579,0.3171,0.0273,113.7363,5.7432,0.6087,3.2768,0.0172,0.105,2.6342,0.2041,5.088,116.3187,1.5362,3.18,0.0884
8-Oct-24,4.2875,5.6136,4.709,2.8986,5.0214,2.8866,3.1471,3.2899,55.1937,12.7832,7.5398,13.3198,0.3178,0.0274,114.1477,5.7439,0.607,3.2899,0.0173,0.1054,2.6261,0.2048,5.1083,116.7302,1.5429,3.1927,0.0886
9-Oct-24,4.284,5.6058,4.6983,2.8884,4.9939,2.8829,3.1357,3.2862,55.1139,12.861,7.5171,13.3192,0.319,0.0275,114.1031,5.7472,0.6063,3.2862,0.0173,0.1051,2.6083,0.2046,5.104,116.6349,1.5427,3.1901,0.0881
10-Oct-24,4.292,5.612,4.697,2.876,4.9878,2.8896,3.1314,3.2852,55.2313,12.8196,7.5094,13.311,0.318,0.0274,114.3147,5.7506,0.6075,3.2852,0.0173,0.1052,2.6128,0.205,5.1127,116.8511,1.5432,3.1951,0.0885
11-Oct-24,4.287,5.5965,4.6896,2.8827,5.0032,2.8931,3.117,3.2842,55.1677,12.8652,7.4954,13.3261,0.3184,0.0275,114.1769,5.7376,0.6062,3.2842,0.0173,0.1052,2.6168,0.2048,5.1054,116.7166,1.5431,3.1909,0.0882
14-Oct-24,4.2935,5.6071,4.6909,2.8753,5.0017,2.8936,3.1167,3.2875,55.2556,12.942,7.4819,13.3455,0.3166,0.0276,114.3485,5.7455,0.6069,3.2875,0.0173,0.1054,2.6158,0.2051,5.1068,116.8904,1.5437,3.1917,0.0884
15-Oct-24,4.305,5.62,4.6907,2.8755,4.9864,2.8919,3.1185,3.2864,55.4272,12.9202,7.4642,13.3768,0.3161,0.0277,114.6502,5.7609,0.6054,3.2864,0.0173,0.1057,2.6213,0.2056,5.1211,117.2035,1.55,3.2003,0.0886
16-Oct-24,4.2945,5.6136,4.6767,2.8788,4.9817,2.8745,3.1173,3.2829,55.2792,12.9042,7.4312,13.3519,0.3152,0.0276,114.3888,5.7371,0.6037,3.2829,0.0172,0.1055,2.6048,0.2051,5.1089,116.9208,1.5465,3.1931,0.0885
17-Oct-24,4.307,5.5933,4.6744,2.8799,4.9732,2.8799,3.1295,3.2792,55.4194,12.9553,7.4654,13.3733,0.3146,0.0277,114.6775,5.7488,0.6046,3.2792,0.0172,0.1058,2.6098,0.2057,5.1262,117.2611,1.5502,3.2039,0.0886
18-Oct-24,4.3065,5.6077,4.6674,2.873,4.9746,2.8875,3.1221,3.2783,55.4108,12.9968,7.472,13.4017,0.314,0.0278,114.6657,5.7424,0.6049,3.2783,0.017,0.1057,2.6104,0.2057,5.1228,117.2459,1.5456,3.2014,0.0886
21-Oct-24,4.3005,5.6124,4.6731,2.8819,4.9737,2.8889,3.1148,3.2831,55.3393,12.9748,7.4896,13.4757,0.314,0.0278,114.4968,5.7333,0.6055,3.2831,0.017,0.1056,2.6153,0.2054,5.1158,117.0841,1.5462,3.1974,0.0885
22-Oct-24,4.3225,5.6173,4.6765,2.864,4.9971,2.8894,3.1256,3.2852,55.6102,12.8934,7.4693,13.487,0.3132,0.0278,115.0825,5.7615,0.6068,3.2852,0.017,0.1061,2.6153,0.2065,5.1411,117.6831,1.5563,3.2135,0.0888
23-Oct-24,4.3405,5.6364,4.6888,2.8602,5.0084,2.8997,3.1411,3.2952,55.8425,12.9567,7.4965,13.5395,0.3142,0.0278,115.5741,5.7775,0.6088,3.2952,0.0171,0.1065,2.6227,0.2073,5.1625,118.1732,1.5606,3.2269,0.0891
24-Oct-24,4.3525,5.6258,4.6946,2.8561,5.0245,2.8925,3.1479,3.2951,56.0319,12.8887,7.5017,13.5765,0.3155,0.0279,115.8967,5.7798,0.6118,3.2951,0.0171,0.1068,2.6169,0.2079,5.1774,118.4983,1.5649,3.2359,0.0894
25-Oct-24,4.35,5.6391,4.7074,2.8646,5.0234,2.8812,3.1398,3.2958,55.982,12.8679,7.4601,13.5601,0.3135,0.0278,115.8147,5.7841,0.6105,3.2958,0.0171,0.1068,2.6072,0.2078,5.1741,118.4334,1.564,3.2337,0.0892
28-Oct-24,4.3595,5.6423,4.7011,2.8376,5.0124,2.8701,3.1353,3.2913,56.0942,12.9132,7.4719,13.5859,0.3142,0.0277,116.0723,5.7998,0.6113,3.2913,0.0172,0.107,2.5994,0.2082,5.1853,118.7034,1.5692,3.2407,0.0894
29-Oct-24,4.3705,5.664,4.7239,2.8557,5.0517,2.8686,3.1448,3.2986,56.2372,12.9381,7.494,13.6178,0.3159,0.0277,116.3791,5.8114,0.6121,3.2986,0.0173,0.1073,2.609,0.2087,5.1983,118.9916,1.5738,3.249,0.0898
30-Oct-24,4.395,5.7128,4.753,2.8661,5.0648,2.8746,3.157,3.3162,56.5593,13.0164,7.5341,13.7093,0.3176,0.0279,117.0128,5.8363,0.6159,3.3162,0.0173,0.1079,2.6174,0.2099,5.2274,119.6586,1.5802,3.2672,0.0903
1-Nov-24,4.381,5.6508,4.765,2.874,5.0703,2.8816,3.1454,3.3112,56.3339,12.952,7.5107,13.7088,0.3176,0.0279,116.6572,5.8339,0.6152,3.3112,0.0173,0.1075,2.6183,0.2092,5.2102,119.2742,1.5766,3.2565,0.0895
4-Nov-24,4.363,5.6691,4.7563,2.8752,5.0466,2.8855,3.1399,3.3141,56.1233,12.9226,7.5001,13.7266,0.3185,0.0277,116.1685,5.8084,0.6153,3.3141,0.0173,0.107,2.6224,0.2084,5.1893,118.7841,1.5687,3.2436,0.0891
5-Nov-24,4.3695,5.6598,4.7521,2.8674,5.0558,2.8771,3.1427,3.3117,56.2026,12.9611,7.4795,13.6649,0.3168,0.0277,116.3355,5.8322,0.6148,3.3117,0.0172,0.1072,2.6092,0.2087,5.1943,118.9643,1.5711,3.2465,0.0891
6-Nov-24,4.402,5.6735,4.7308,2.8596,5.0404,2.8692,3.1603,3.2966,56.5963,12.9537,7.4979,13.7027,0.315,0.0278,117.1836,5.8713,0.6154,3.2966,0.0173,0.108,2.6058,0.2102,5.2287,119.8459,1.5827,3.2679,0.0896
7-Nov-24,4.4125,5.7021,4.7388,2.8592,5.0371,2.9213,3.1764,3.3165,56.7557,12.8382,7.5158,13.6796,0.3158,0.028,117.4568,5.8348,0.6152,3.3165,0.0174,0.1083,2.6402,0.2107,5.2351,120.1367,1.5865,3.272,0.0896
8-Nov-24,4.3815,5.6804,4.7226,2.8672,5.0192,2.9128,3.1559,3.3138,56.3885,12.8887,7.5013,13.6636,0.3159,0.028,116.6457,5.8065,0.6127,3.3138,0.0173,0.1076,2.6296,0.2093,5.1932,119.2878,1.5754,3.2458,0.0889
11-Nov-24,4.4025,5.6856,4.7179,2.8689,5.0208,2.9028,3.1626,3.3149,56.6223,12.8381,7.5147,13.6258,0.3151,0.0281,117.2203,5.844,0.6129,3.3149,0.0174,0.1081,2.6303,0.2103,5.2177,119.8742,1.5834,3.2611,0.0894
12-Nov-24,4.4265,5.6843,4.7091,2.8808,5.0224,2.9005,3.1739,3.3147,56.9153,12.774,7.5268,13.6545,0.3159,0.0281,117.8483,5.8458,0.6122,3.3147,0.0175,0.1089,2.6362,0.2114,5.2446,120.5146,1.5931,3.278,0.0899
13-Nov-24,4.454,5.6762,4.7297,2.8772,5.0479,2.9098,3.192,3.3271,57.2633,12.8163,7.5819,13.7219,0.3166,0.0282,118.5426,5.8698,0.6166,3.3271,0.0176,0.1096,2.6401,0.2127,5.2767,121.2633,1.6014,3.298,0.0905
14-Nov-24,4.487,5.6911,4.7327,2.8771,5.0566,2.9033,3.2026,3.3344,57.6628,12.831,7.6258,13.7727,0.319,0.0283,119.4145,5.9144,0.6195,3.3344,0.0177,0.1107,2.631,0.2143,5.3162,122.1634,1.6133,3.3226,0.091
15-Nov-24,4.479,5.6774,4.7209,2.8619,5.0351,2.8946,3.1857,3.3314,57.5511,12.8393,7.6099,13.7553,0.3196,0.0282,119.2572,5.8756,0.6192,3.3314,0.0176,0.1104,2.6231,0.2139,5.3039,121.9439,1.6107,3.3168,0.0907
18-Nov-24,4.468,5.6409,4.7068,2.889,5.0318,2.8888,3.1721,3.3266,57.3906,12.8576,7.6048,13.7266,0.3204,0.0282,119.0356,5.8736,0.6174,3.3266,0.0176,0.1101,2.616,0.2134,5.2941,121.6478,1.6065,3.3089,0.0905
19-Nov-24,4.4645,5.6634,4.731,2.8956,5.0549,2.9115,3.186,3.3367,57.3751,12.8939,7.6095,13.773,0.3211,0.0282,118.9265,5.8601,0.6174,3.3367,0.0176,0.1102,2.6334,0.2132,5.2895,121.5508,1.6052,3.3059,0.0903
20-Nov-24,4.469,5.6676,4.7327,2.884,5.0592,2.9165,3.2001,3.3374,57.4244,12.9405,7.5887,13.7592,0.3208,0.0282,119.0432,5.8735,0.6171,3.3374,0.0176,0.1103,2.6396,0.2134,5.2951,121.6717,1.6068,3.3087,0.0902
21-Nov-24,4.466,5.6533,4.713,2.8827,5.0589,2.9134,3.1972,3.3286,57.3844,12.8898,7.5746,13.704,0.3197,0.028,118.9569,5.8643,0.6167,3.3286,0.0176,0.1104,2.6258,0.2133,5.2899,121.59,1.6062,3.3062,0.0898
22-Nov-24,4.4675,5.6219,4.6795,2.896,5.0415,2.909,3.1977,3.3205,57.4118,12.8543,7.5913,13.7297,0.3191,0.0281,118.9874,5.8628,0.6165,3.3205,0.0176,0.1106,2.6106,0.2134,5.2872,121.6308,1.6076,3.3047,0.0898
25-Nov-24,4.4535,5.6083,4.6666,2.8928,5.0031,2.9055,3.1938,3.3156,57.2308,12.8908,7.5534,13.7217,0.3171,0.0281,118.6508,5.8219,0.6148,3.3156,0.0175,0.1106,2.6066,0.2127,5.2792,121.2464,1.6031,3.2995,0.0896
26-Nov-24,4.4655,5.6038,4.679,2.9045,5.0352,2.8988,3.167,3.314,57.3813,12.8587,7.5712,13.7614,0.3197,0.028,118.9151,5.8507,0.6156,3.314,0.0176,0.1109,2.6074,0.2133,5.3005,121.5797,1.6069,3.3132,0.09
27-Nov-24,4.4515,5.5962,4.6665,2.9199,5.0251,2.8848,3.1652,3.3043,57.2066,12.8267,7.5584,13.683,0.3183,0.0279,118.4729,5.8393,0.6134,3.3043,0.0175,0.1102,2.6119,0.2126,5.2719,121.1952,1.6028,3.2947,0.0897
28-Nov-24,4.444,5.6277,4.6898,2.9309,5.03,2.8835,3.1691,3.3096,57.1083,12.9167,7.5797,13.6583,0.3184,0.028,118.3331,5.839,0.6133,3.3096,0.0175,0.1099,2.618,0.2123,5.2615,120.991,1.5999,3.2882,0.0895
29-Nov-24,4.4395,5.6442,4.6941,2.9576,5.0377,2.895,3.1744,3.3148,57.0355,12.9413,7.5808,13.6462,0.3181,0.028,118.1771,5.8331,0.6137,3.3147,0.0175,0.1098,2.6255,0.212,5.2543,120.8685,1.5969,3.2839,0.0895
2-Dec-24,4.4625,5.6622,4.6961,2.9645,5.0444,2.8995,3.1797,3.3178,57.3406,12.9423,7.5957,13.6945,0.3178,0.0281,118.7894,5.8633,0.6143,3.3178,0.0176,0.1104,2.6309,0.2131,5.2748,121.4947,1.6046,3.2968,0.09
3-Dec-24,4.4705,5.6534,4.6898,2.9784,5.0332,2.8922,3.1819,3.3192,57.4419,12.9505,7.6223,13.687,0.3185,0.028,118.9944,5.8775,0.6132,3.3192,0.0176,0.1105,2.6269,0.2135,5.2755,121.7125,1.6082,3.297,0.0899
4-Dec-24,4.467,5.6532,4.6877,2.9791,5.0341,2.8656,3.1727,3.3163,57.3858,13.0044,7.6457,13.7438,0.3155,0.028,118.8886,5.8715,0.6134,3.3163,0.0176,0.1105,2.6096,0.2134,5.2753,121.6172,1.6074,3.2972,0.0898
5-Dec-24,4.4325,5.6335,4.6643,2.9493,5.0147,2.8523,3.1504,3.3014,56.9478,12.953,7.633,13.669,0.3131,0.0279,117.9358,5.8225,0.6097,3.3014,0.0175,0.1088,2.6021,0.2117,5.2321,120.6779,1.5959,3.2696,0.089
6-Dec-24,4.4195,5.6351,4.6743,2.9487,5.0302,2.8444,3.1499,3.3006,56.7939,12.968,7.6472,13.6535,0.3115,0.0279,117.6181,5.8147,0.6092,3.3006,0.0174,0.1094,2.5934,0.2111,5.2201,120.324,1.5908,3.2626,0.0884
9-Dec-24,4.4225,5.6267,4.6602,2.9486,5.0247,2.8233,3.122,3.2925,56.8434,13.0284,7.6125,13.6123,0.308,0.0279,117.7136,5.8277,0.6076,3.2925,0.0174,0.1095,2.571,0.2112,5.2206,120.4024,1.5913,3.263,0.088
10-Dec-24,4.428,5.6446,4.6744,2.9311,5.0433,2.8308,3.1222,3.306,56.9613,13.1424,7.6437,13.6532,0.3101,0.0279,117.8584,5.8313,0.6109,3.306,0.0175,0.1096,2.582,0.2115,5.222,120.5587,1.5922,3.2638,0.0877
11-Dec-24,4.426,5.6536,4.6599,2.9205,5.0102,2.8251,3.1249,3.3003,56.918,13.118,7.5983,13.6151,0.3093,0.0278,117.8068,5.8205,0.6106,3.3003,0.0174,0.1097,2.568,0.2114,5.2155,120.4993,1.5925,3.2599,0.0877
12-Dec-24,4.434,5.6602,4.6581,2.9103,5.0153,2.8453,3.1337,3.2995,57.033,13.1242,7.6055,13.6519,0.3095,0.0278,117.9852,5.8238,0.6105,3.2995,0.0175,0.1101,2.5746,0.2118,5.2257,120.7155,1.5941,3.2657,0.0876
13-Dec-24,4.453,5.6379,4.6581,2.9123,4.9874,2.833,3.127,3.3049,57.2715,13.1009,7.6217,13.7024,0.3106,0.0278,118.5128,5.8476,0.612,3.3049,0.0175,0.1104,2.5667,0.2127,5.2481,121.236,1.6011,3.2866,0.0876
16-Dec-24,4.4603,5.6344,4.6886,2.8997,5.0045,2.843,3.1352,3.3061,57.3669,13.0646,7.6023,13.726,0.3105,0.0279,118.6868,5.8474,0.6127,3.3061,0.0176,0.1106,2.5767,0.213,5.2587,121.4351,1.6041,3.2871,0.0878
17-Dec-24,4.448,5.6414,4.676,2.8875,4.9723,2.8298,3.1204,3.2937,57.2337,13.0497,7.5711,13.6933,0.3098,0.0277,118.3845,5.8301,0.6107,3.2937,0.0175,0.1103,2.5674,0.2124,5.2382,121.0983,1.6003,3.274,0.0876
18-Dec-24,4.4675,5.6724,4.6907,2.9082,5.0045,2.8226,3.119,3.3072,57.5016,13.0533,7.572,13.7339,0.311,0.0277,118.8892,5.858,0.6132,3.3072,0.0176,0.1108,2.5641,0.2134,5.2603,121.6292,1.6071,3.2879,0.088
19-Dec-24,4.502,5.6669,4.6724,2.8997,5.0014,2.8043,3.1191,3.3068,57.9274,13.0191,7.6306,13.7737,0.3107,0.0276,119.8137,5.9055,0.6168,3.3068,0.0177,0.1116,2.5349,0.215,5.293,122.5718,1.6183,3.3079,0.0885
20-Dec-24,4.5125,5.6321,4.6756,2.8728,5.0234,2.8077,3.1268,3.317,58.0763,13.0646,7.6632,13.8039,0.311,0.0277,120.0772,5.889,0.6182,3.317,0.0177,0.1119,2.5381,0.2155,5.3032,122.856,1.6215,3.3145,0.0886
23-Dec-24,4.489,5.6463,4.6863,2.8679,5.0258,2.8061,3.1264,3.3145,57.7731,13.0951,7.6578,13.7259,0.3095,0.0278,119.5712,5.8537,0.6151,3.3145,0.0176,0.1112,2.5376,0.2144,5.2789,122.2295,1.6127,3.2984,0.0882
24-Dec-24,4.489,5.6254,4.6643,2.8577,4.99,2.8,3.1209,3.3033,57.7858,13.1027,7.6709,13.7238,0.309,0.0277,119.5155,5.8542,0.615,3.3033,0.0176,0.1114,2.5327,0.2144,5.2709,122.2178,1.6111,3.2938,0.0879
26-Dec-24,4.4685,5.6064,4.6477,2.8394,4.9672,2.7926,3.113,3.2916,57.5274,13.0562,7.7053,13.6412,0.3054,0.0276,119.0014,5.8275,0.6122,3.2916,0.0176,0.1109,2.5267,0.2134,5.2424,121.658,1.6051,3.276,0.0878
27-Dec-24,4.477,5.6079,4.6617,2.8398,4.9783,2.7834,3.1072,3.2923,57.6654,13.1098,7.7356,13.6765,0.3026,0.0276,119.2277,5.8386,0.6135,3.2923,0.0176,0.1109,2.5143,0.2138,5.2445,121.9027,1.6088,3.2778,0.088
30-Dec-24,4.469,5.6218,4.6587,2.8318,4.9559,2.7898,3.104,3.294,57.5691,13.1674,7.7038,13.6267,0.3039,0.0277,119.0464,5.8282,0.6123,3.294,0.0176,0.1107,2.5286,0.2134,5.2274,121.675,1.6054,3.2671,0.0879
31-Dec-24,4.47,5.6105,4.6528,2.8572,4.951,2.7772,3.115,3.286,57.576,13.0511,7.7296,13.6372,0.3032,0.0277,119.0255,5.8295,0.6125,3.286,0.0175,0.1107,2.5159,0.2135,5.2226,121.6989,1.6059,3.2641,0.0879
2-Jan-25,4.4775,5.6134,4.6438,2.8489,4.9489,2.7832,3.1145,3.2916,57.5988,13.1044,7.7405,13.6341,0.3051,0.0276,119.1649,5.8392,0.6134,3.2916,0.0176,0.1108,2.5148,0.2139,5.223,121.9031,1.6084,3.2637,0.0881
3-Jan-25,4.495,5.5709,4.6166,2.8573,4.9285,2.7921,3.1248,3.284,57.7827,13.0716,7.7234,13.644,0.3065,0.0277,119.6625,5.843,0.6158,3.284,0.0177,0.1111,2.519,0.2147,5.2403,122.3929,1.6139,3.2754,0.0885
6-Jan-25,4.513,5.6121,4.6558,2.8615,4.9626,2.8084,3.1332,3.2948,58.0439,13.0556,7.7417,13.7169,0.3069,0.0279,120.1848,5.8602,0.6158,3.2948,0.0178,0.1116,2.5372,0.2155,5.2606,122.8696,1.6205,3.2877,0.089
7-Jan-25,4.51,5.6526,4.6872,2.8522,4.9845,2.8237,3.1487,3.3052,58.018,13.0253,7.7608,13.7798,0.31,0.0279,120.1001,5.8563,0.6154,3.3052,0.0178,0.1114,2.5533,0.2154,5.2598,122.7996,1.6191,3.2874,0.089
8-Jan-25,4.4995,5.6147,4.6561,2.8443,4.948,2.8043,3.1355,3.2946,57.8647,12.9968,7.7092,13.6846,0.3091,0.0278,119.8333,5.867,0.6137,3.2946,0.0177,0.1111,2.5348,0.2149,5.2419,122.502,1.6152,3.2762,0.0888
9-Jan-25,4.4995,5.5542,4.6394,2.8483,4.9404,2.7892,3.1294,3.2895,57.8375,12.9893,7.7046,13.669,0.3088,0.0277,119.8493,5.8379,0.6137,3.2895,0.0177,0.111,2.5186,0.2149,5.2364,122.5004,1.6145,3.2727,0.0889
10-Jan-25,4.4935,5.5275,4.6276,2.8398,4.9265,2.7842,3.1179,3.2838,57.7459,12.987,7.6983,13.6328,0.3077,0.0278,119.6894,5.8301,0.6129,3.2838,0.0177,0.1108,2.5134,0.2146,5.2329,122.3387,1.6122,3.2706,0.0889
13-Jan-25,4.509,5.476,4.6062,2.8643,4.9147,2.7697,3.1219,3.2826,57.9157,12.9774,7.6854,13.6125,0.3063,0.0277,120.1103,5.8497,0.615,3.2827,0.0178,0.1112,2.5072,0.2154,5.224,122.7607,1.619,3.265,0.0892
14-Jan-25,4.5015,5.4961,4.6136,2.8571,4.914,2.7851,3.1309,3.2858,57.8302,12.9801,7.687,13.6069,0.308,0.0277,119.9025,5.8163,0.6141,3.2858,0.0177,0.1112,2.524,0.215,5.2034,122.5682,1.6153,3.2523,0.0891
15-Jan-25,4.506,5.4989,4.6421,2.8539,4.9392,2.791,3.1394,3.293,57.8501,12.9595,7.6789,13.6355,0.3087,0.0276,120.0448,5.8352,0.6146,3.293,0.0178,0.1113,2.5263,0.2152,5.2056,122.6757,1.6159,3.2535,0.0893
16-Jan-25,4.4975,5.4989,4.6275,2.8872,4.9296,2.7932,3.1336,3.289,57.7495,13.0108,7.6903,13.6453,0.3086,0.0275,119.8375,5.8365,0.6134,3.289,0.0177,0.1114,2.5226,0.2148,5.2027,122.4476,1.6129,3.2518,0.0892
17-Jan-25,4.5015,5.5069,4.6368,2.8958,4.9418,2.797,3.1271,3.2954,57.7986,13.063,7.6863,13.6786,0.3092,0.0275,119.9728,5.8407,0.6143,3.2954,0.0178,0.1111,2.5231,0.215,5.1992,122.5565,1.6146,3.2495,0.0893
20-Jan-25,4.5005,5.4931,4.6382,2.8898,4.9307,2.7982,3.1154,3.2982,57.8288,13.0943,7.6932,13.7323,0.3105,0.0275,119.9494,5.841,0.6152,3.2982,0.0178,0.1111,2.5264,0.215,5.2038,122.5293,1.6148,3.2524,0.0894
21-Jan-25,4.4745,5.5021,4.6479,2.8832,4.9325,2.7961,3.104,3.2948,57.4959,13.1564,7.6581,13.6914,0.3112,0.0274,119.2532,5.8073,0.6151,3.2948,0.0177,0.1107,2.5308,0.2137,5.1782,121.8214,1.6056,3.2365,0.0889
22-Jan-25,4.447,5.4843,4.6302,2.852,4.9038,2.7856,3.1014,3.2802,57.0992,13.1006,7.59,13.5637,0.3096,0.0272,118.5361,5.7863,0.6109,3.2802,0.0176,0.11,2.5154,0.2124,5.1371,121.0727,1.5948,3.2097,0.0884
23-Jan-25,4.444,5.473,4.6258,2.8395,4.9035,2.7879,3.0878,3.2793,57.0559,13.0831,7.5869,13.5761,0.3094,0.0273,118.4719,5.8053,0.6105,3.2793,0.0177,0.11,2.5173,0.2123,5.1397,120.9877,1.5946,3.2119,0.0883
24-Jan-25,4.415,5.4717,4.6121,2.8395,4.8771,2.7898,3.0799,3.2707,56.6938,13.0467,7.5586,13.5152,0.3086,0.0272,117.702,5.7538,0.6085,3.2707,0.0176,0.1093,2.519,0.2109,5.1174,120.2015,1.5836,3.1983,0.0878
27-Jan-25,4.3725,5.4462,4.5774,2.8066,4.8227,2.7531,3.0412,3.2437,56.1217,12.9719,7.4884,13.3275,0.3045,0.027,116.5674,5.72,0.602,3.2437,0.0174,0.1084,2.488,0.2088,5.0623,119.046,1.5697,3.1639,0.087
28-Jan-25,4.403,5.478,4.5919,2.8272,4.863,2.7528,3.0577,3.2552,56.5346,12.9825,7.5226,13.337,0.3041,0.0272,117.3883,5.773,0.6072,3.2552,0.0176,0.109,2.4917,0.2103,5.088,119.8748,1.579,3.1799,0.0876
31-Jan-25,4.42,5.4883,4.5904,2.8635,4.8558,2.7492,3.0517,3.2615,56.7223,13.1411,7.575,13.4143,0.3036,0.0271,117.8321,5.7696,0.6095,3.2615,0.0176,0.1095,2.4931,0.2111,5.1011,120.3409,1.5849,3.1882,0.088
3-Feb-25,4.495,5.5122,4.5946,2.8878,4.9019,2.7413,3.0421,3.2834,57.6703,13.1644,7.6576,13.5243,0.3056,0.0273,119.8443,5.8607,0.6199,3.2834,0.0177,0.1114,2.4837,0.2147,5.1527,122.3795,1.6123,3.2208,0.0895
4-Feb-25,4.457,5.5329,4.5974,2.8715,4.8887,2.7645,3.0803,3.2789,57.2155,13.1679,7.6417,13.52,0.305,0.0272,118.8312,5.7837,0.6146,3.2789,0.0177,0.1105,2.4981,0.2129,5.1215,121.345,1.5966,3.2006,0.0885
5-Feb-25,4.43,5.5262,4.5983,2.8912,4.8953,2.769,3.0911,3.2757,56.8762,13.1376,7.6268,13.4745,0.3057,0.0272,118.1144,5.7656,0.6082,3.2757,0.0176,0.1099,2.5067,0.2116,5.0832,120.623,1.5887,3.177,0.0881
6-Feb-25,4.4275,5.5319,4.6011,2.9083,4.9061,2.7736,3.0888,3.279,56.8536,13.1477,7.6179,13.4749,0.3055,0.0271,118.0446,5.7903,0.6078,3.279,0.0175,0.1099,2.5111,0.2115,5.0587,120.5418,1.5869,3.1611,0.088
7-Feb-25,4.441,5.5193,4.6098,2.9297,4.9004,2.7923,3.1019,3.2866,57.0401,13.1878,7.6559,13.5376,0.3069,0.0272,118.4078,5.7934,0.6096,3.2866,0.0175,0.1102,2.5232,0.2121,5.0785,120.9093,1.5919,3.1737,0.0883
10-Feb-25,4.468,5.5388,4.6072,2.9409,4.9023,2.8005,3.115,3.2972,57.3633,13.1916,7.6882,13.6037,0.3073,0.0273,119.1276,5.8354,0.6115,3.2972,0.0176,0.1109,2.5255,0.2134,5.0832,121.6478,1.6017,3.1767,0.0889
12-Feb-25,4.465,5.5591,4.6266,2.9062,4.8886,2.8125,3.1252,3.2987,57.3082,13.0919,7.6745,13.5942,0.3074,0.0273,119.0635,5.8163,0.6109,3.2987,0.0174,0.111,2.5288,0.2133,5.1604,121.5611,1.6005,3.2252,0.0885
13-Feb-25,4.4605,5.5651,4.6474,2.8918,4.8904,2.8054,3.1258,3.3036,57.2781,13.1462,7.6621,13.6036,0.3075,0.0273,118.9276,5.8191,0.6115,3.3036,0.0175,0.111,2.5204,0.213,5.1384,121.4386,1.5988,3.2111,0.0881
14-Feb-25,4.4425,5.5791,4.6464,2.9066,4.914,2.809,3.1324,3.3054,57.0524,13.1911,7.6677,13.5595,0.3077,0.0273,118.4477,5.8011,0.6098,3.3054,0.0175,0.1106,2.528,0.2122,5.1153,120.9485,1.5912,3.1971,0.0877
17-Feb-25,4.4295,5.5774,4.6488,2.9214,4.9198,2.8194,3.1256,3.3087,56.9334,13.1478,7.6476,13.5475,0.3075,0.0273,118.0996,5.8046,0.6112,3.3087,0.0174,0.1103,2.5412,0.2116,5.1059,120.6127,1.5862,3.1912,0.0875
18-Feb-25,4.446,5.6035,4.6519,2.9234,4.9274,2.8234,3.1312,3.3101,57.155,13.1811,7.6372,13.5747,0.308,0.0273,118.5442,5.8263,0.6112,3.3101,0.0174,0.1105,2.5384,0.2123,5.1149,121.0455,1.5924,3.1959,0.0879
19-Feb-25,4.442,5.6043,4.6426,2.9244,4.9173,2.8262,3.1324,3.31,57.1348,13.183,7.6435,13.5638,0.3087,0.0272,118.4407,5.8222,0.6099,3.31,0.0174,0.1102,2.5402,0.2122,5.1093,120.9366,1.59,3.1927,0.0877
20-Feb-25,4.4275,5.5753,4.6185,2.9435,4.9031,2.8154,3.1129,3.3042,56.9161,13.1546,7.6307,13.5168,0.308,0.0271,118.0541,5.7949,0.6092,3.3042,0.0173,0.1099,2.5301,0.2115,5.0998,120.5434,1.5835,3.1871,0.0874
21-Feb-25,4.4175,5.5972,4.6397,2.9388,4.9184,2.8281,3.1171,3.3112,56.8485,13.1512,7.6279,13.4997,0.3084,0.0271,117.7969,5.7921,0.6102,3.3112,0.0173,0.1098,2.5482,0.211,5.1026,120.2663,1.5819,3.1894,0.0873
24-Feb-25,4.3985,5.578,4.627,2.9487,4.9112,2.808,3.1006,3.3027,56.6047,13.1495,7.6016,13.4408,0.3085,0.027,117.2902,5.7744,0.6081,3.3027,0.0173,0.1095,2.5344,0.2101,5.0767,119.7669,1.5743,3.1724,0.0869
25-Feb-25,4.4135,5.5754,4.6225,2.9488,4.9195,2.8035,3.0973,3.2973,56.77,13.1384,7.6213,13.4661,0.3084,0.0271,117.6918,5.7954,0.6083,3.2973,0.0173,0.1097,2.53,0.2108,5.081,120.1623,1.5782,3.1747,0.0872
26-Feb-25,4.4225,5.5942,4.6456,2.9603,4.9491,2.7981,3.0873,3.3059,56.9077,13.0863,7.6388,13.4878,0.3088,0.027,117.9365,5.8098,0.6093,3.3059,0.0173,0.1099,2.5259,0.2112,5.0738,120.409,1.5812,3.1692,0.0874
27-Feb-25,4.446,5.6271,4.653,2.9794,4.9587,2.7981,3.0963,3.3148,57.177,13.1402,7.6788,13.5437,0.3084,0.0271,118.5505,5.8413,0.6117,3.3148,0.0174,0.1105,2.5273,0.2123,5.0886,121.0488,1.5886,3.1804,0.0879
28-Feb-25,4.4655,5.6198,4.639,2.9848,4.9672,2.7742,3.091,3.3102,57.4153,13.0876,7.7018,13.5631,0.3057,0.0269,119.0673,5.8639,0.613,3.3102,0.0175,0.111,2.5018,0.2133,5.1117,121.5846,1.5955,3.1952,0.0881
3-Mar-25,4.4635,5.6251,4.6496,2.9667,4.9498,2.7754,3.0902,3.3069,57.3999,13.0283,7.705,13.5679,0.3057,0.027,119.0171,5.8427,0.6124,3.3069,0.0174,0.1109,2.5005,0.2132,5.1128,121.5319,1.5955,3.1961,0.0882
4-Mar-25,4.468,5.6688,4.6813,2.9953,4.983,2.7699,3.0806,3.3182,57.4648,13.1596,7.7291,13.5645,0.3061,0.0272,119.134,5.8572,0.6138,3.3182,0.0175,0.1111,2.5034,0.2134,5.1126,121.6577,1.5964,3.1953,0.0882
5-Mar-25,4.4475,5.6868,4.7224,2.9655,4.9924,2.7797,3.0832,3.3189,57.2162,13.1778,7.7306,13.5483,0.305,0.0272,118.5874,5.8589,0.6123,3.3188,0.0174,0.1105,2.5122,0.2124,5.1041,121.0962,1.5901,3.1901,0.0878
6-Mar-25,4.4275,5.7055,4.7771,2.9668,4.9613,2.8068,3.0901,3.3228,56.975,13.1759,7.7384,13.4835,0.307,0.0271,118.0446,5.855,0.6112,3.3228,0.0174,0.11,2.5372,0.2115,5.0904,120.5516,1.5829,3.18,0.0874
7-Mar-25,4.4295,5.7085,4.7863,3.0009,5.0207,2.7919,3.0954,3.3226,56.9861,13.1254,7.7357,13.4777,0.3063,0.0271,118.087,5.8853,0.6114,3.3226,0.0174,0.1102,2.5323,0.2116,5.0806,120.6061,1.5837,3.1755,0.0874
10-Mar-25,4.419,5.7058,4.7862,2.993,5.0287,2.7864,3.0758,3.3176,56.8627,13.0817,7.7044,13.4431,0.3037,0.0271,117.7882,5.8825,0.6089,3.3176,0.0173,0.1099,2.5244,0.2111,5.064,120.3202,1.5782,3.165,0.0872
11-Mar-25,4.4325,5.7137,4.8113,3.0129,5.0412,2.7812,3.0718,3.3248,57.0577,13.082,7.731,13.4596,0.304,0.027,118.1559,5.9001,0.6115,3.3248,0.0174,0.1103,2.5232,0.2117,5.0772,120.6845,1.583,3.1732,0.0876
12-Mar-25,4.433,5.7288,4.8311,2.9938,5.0164,2.7859,3.068,3.3267,57.0491,13.1239,7.7279,13.4645,0.3051,0.0269,118.2039,5.9105,0.6127,3.3267,0.0174,0.1103,2.5275,0.2117,5.0833,120.7014,1.5832,3.1772,0.0876
13-Mar-25,4.428,5.738,4.8201,2.9911,5.023,2.7961,3.0778,3.3238,56.9749,13.1084,7.7276,13.443,0.3048,0.027,118.0611,5.8999,0.6119,3.3238,0.0174,0.1101,2.5377,0.2115,5.087,120.562,1.5811,3.1798,0.0874
14-Mar-25,4.445,5.7538,4.8208,2.9966,5.028,2.7968,3.0808,3.3285,57.1892,13.1958,7.7696,13.4865,0.3056,0.0271,118.5144,5.9165,0.6139,3.3285,0.0174,0.1106,2.5379,0.2123,5.1128,121.0248,1.5882,3.1931,0.0878
17-Mar-25,4.4455,5.7505,4.8385,2.989,5.0274,2.8136,3.0925,3.3327,57.2,13.1943,7.7632,13.4798,0.3074,0.0271,118.5309,5.9236,0.6142,3.3327,0.0174,0.1106,2.5604,0.2123,5.118,121.0418,1.587,3.199,0.0879
19-Mar-25,4.4305,5.7572,4.8461,2.967,5.0522,2.8176,3.0962,3.3277,57.0136,13.1684,7.7427,13.4258,0.3051,0.0268,118.1278,5.9057,0.6124,3.3277,0.0173,0.1102,2.575,0.2116,5.1129,120.63,1.5809,3.1951,0.0877
20-Mar-25,4.426,5.7571,4.8288,2.9832,5.0522,2.8083,3.0899,3.3249,56.963,13.1667,7.7445,13.4117,0.3031,0.0269,118.0015,5.8982,0.6117,3.3249,0.0173,0.1102,2.5655,0.2114,5.1308,120.5042,1.5797,3.2055,0.0874
21-Mar-25,4.423,5.726,4.7921,2.9642,5.0065,2.783,3.0872,3.3114,56.9076,13.0819,7.7171,13.3892,0.3012,0.0268,117.9152,5.8862,0.6099,3.3114,0.0173,0.1101,2.5439,0.2113,5.1269,120.4176,1.5782,3.2044,0.0875
24-Mar-25,4.4335,5.7252,4.7973,2.9595,5.0161,2.7829,3.09,3.3154,57.0331,13.0608,7.7307,13.4218,0.3021,0.0268,118.1873,5.8983,0.6107,3.3154,0.0173,0.1103,2.5368,0.2118,5.1604,120.7183,1.5817,3.2264,0.0876
25-Mar-25,4.4395,5.7381,4.7962,2.9475,5.0275,2.792,3.1009,3.3159,57.1023,13.0535,7.7399,13.4335,0.3021,0.0267,118.3456,5.9001,0.6114,3.3159,0.0173,0.1105,2.5405,0.212,5.1754,120.8817,1.5844,3.2346,0.0877
26-Mar-25,4.4245,5.7238,4.7725,2.9411,5.0076,2.7912,3.0995,3.3079,56.9115,13.0332,7.6672,13.3731,0.302,0.0267,117.9363,5.8762,0.6091,3.3078,0.0173,0.1102,2.5421,0.2113,5.1609,120.4585,1.5782,3.2246,0.0875
27-Mar-25,4.432,5.7224,4.7768,2.9516,5.0218,2.7959,3.1065,3.3101,57.0021,13.0583,7.7037,13.3934,0.3024,0.0268,118.1489,5.879,0.6104,3.3101,0.0173,0.1103,2.542,0.2117,5.1631,120.6676,1.5813,3.2269,0.0877
28-Mar-25,4.433,5.7392,4.7841,2.9395,5.0232,2.7857,3.0972,3.3057,57.0014,13.0622,7.7236,13.3726,0.3022,0.0268,118.185,5.8786,0.6102,3.3057,0.0173,0.1104,2.5335,0.2117,5.1768,120.6915,1.5817,3.2352,0.0877
2-Apr-25,4.4475,5.7468,4.8015,2.97,5.0342,2.8015,3.1096,3.3112,57.1566,13.0292,7.7693,13.3925,0.3033,0.0269,118.5557,5.9029,0.6118,3.3112,0.0173,0.1108,2.5442,0.2124,5.1929,121.0896,1.5878,3.2456,0.0879
3-Apr-25,4.465,5.8355,4.8731,3.0317,5.0985,2.8007,3.1341,3.3228,57.3705,13.0023,7.8084,13.4508,0.3043,0.027,119.0175,5.9264,0.612,3.3228,0.0173,0.1113,2.5613,0.2133,5.2122,121.5611,1.5938,3.2575,0.0883
4-Apr-25,4.418,5.7896,4.9011,3.033,5.1782,2.763,3.1372,3.3174,56.8169,12.9522,7.7713,13.4408,0.3075,0.0267,117.7615,5.9188,0.6067,3.3174,0.0171,0.11,2.5331,0.211,5.1981,120.2831,1.5745,3.2488,0.0873
7-Apr-25,4.4675,5.7573,4.8921,3.0538,5.2197,2.691,3.1376,3.3175,57.499,12.9813,7.7955,13.4787,0.3047,0.027,119.0524,5.9826,0.6109,3.3175,0.0173,0.1113,2.4935,0.2134,5.2153,121.6275,1.5921,3.2606,0.0874
8-Apr-25,4.4835,5.7283,4.9153,3.0377,5.2322,2.7027,3.1637,3.3243,57.696,12.9637,7.837,13.5839,0.3048,0.0266,119.4072,5.9791,0.6118,3.3243,0.0173,0.1116,2.4975,0.2141,5.2228,122.0648,1.5978,3.2639,0.0872
9-Apr-25,4.502,5.7707,4.9614,3.0977,5.3351,2.6852,3.1607,3.3305,57.9934,12.9238,7.8309,13.6026,0.3028,0.0265,119.9286,5.9907,0.6125,3.3305,0.0173,0.1121,2.4885,0.215,5.2032,122.5701,1.6041,3.2517,0.0878
10-Apr-25,4.4765,5.7507,4.9159,3.0487,5.2535,2.7645,3.1794,3.3392,57.6716,13.1122,7.8238,13.6267,0.3072,0.0267,119.2366,5.9798,0.6095,3.3392,0.0173,0.1114,2.5456,0.2138,5.191,121.8742,1.5952,3.2272,0.0866
11-Apr-25,4.438,5.7854,5.0327,3.0993,5.4304,2.7706,3.1815,3.3464,57.2117,13.1516,7.7924,13.5375,0.3057,0.0264,118.2269,5.9435,0.6067,3.3464,0.0173,0.1104,2.5718,0.212,5.1492,120.826,1.5813,3.2183,0.0865
14-Apr-25,4.423,5.7972,5.0296,3.0925,5.4127,2.7818,3.1917,3.3594,57.018,13.203,7.7518,13.6138,0.3098,0.0264,117.8194,5.9807,0.6052,3.3594,0.0171,0.1101,2.5844,0.2113,5.147,120.4176,1.5767,3.2128,0.0863
15-Apr-25,4.4115,5.8221,5.0057,3.0821,5.4,2.8028,3.18,3.3549,56.8562,13.1569,7.7513,13.5981,0.3101,0.0262,117.5491,5.9765,0.6034,3.3549,0.017,0.1098,2.6079,0.2107,5.1471,120.1045,1.5727,3.2169,0.0865
16-Apr-25,4.416,5.8572,5.0091,3.0984,5.4157,2.8028,3.1677,3.3569,56.9263,13.2513,7.8006,13.5931,0.3093,0.0262,117.6847,5.9771,0.6027,3.3569,0.0171,0.1099,2.611,0.2109,5.1624,120.2271,1.5739,3.2269,0.0866
17-Apr-25,4.412,5.8298,5.0138,3.0936,5.3996,2.8029,3.177,3.359,56.8447,13.2912,7.7899,13.5716,0.311,0.0262,117.5781,5.9771,0.6038,3.359,0.0171,0.1098,2.6093,0.2107,5.1566,120.1214,1.5737,3.2233,0.0863
18-Apr-25,4.409,5.851,5.0148,3.0978,5.3893,2.8114,3.1812,3.3601,56.7983,13.2135,7.7723,13.5202,0.3102,0.0262,117.5028,5.9717,0.6042,3.3601,0.017,0.1097,2.617,0.2106,5.1578,120.0381,1.5713,3.2278,0.0862
21-Apr-25,4.386,5.8687,5.0498,3.1158,5.4225,2.8176,3.1792,3.3632,56.5112,13.2308,7.7569,13.5141,0.3096,0.0261,116.893,5.9486,0.6019,3.3632,0.0169,0.1092,2.6323,0.2095,5.1509,119.4087,1.5636,3.2193,0.0858
22-Apr-25,4.378,5.8687,5.05,3.1227,5.421,2.8164,3.1712,3.3554,56.4273,13.2166,7.7222,13.4741,0.308,0.026,116.6907,5.9729,0.5991,3.3554,0.0169,0.109,2.6345,0.2091,5.1415,119.1974,1.5608,3.2134,0.0857
23-Apr-25,4.408,5.8593,5.0167,3.1,5.3498,2.8176,3.1849,3.3592,56.814,13.1543,7.7857,13.5689,0.3086,0.0261,117.5153,6.0026,0.604,3.3591,0.017,0.1098,2.632,0.2105,5.1673,120.0093,1.5645,3.2295,0.0864
24-Apr-25,4.3905,5.8264,4.9782,3.0732,5.2968,2.7921,3.1651,3.3381,56.5855,13.0728,7.7634,13.4939,0.307,0.026,117.0457,5.9594,0.6013,3.3381,0.0169,0.1093,2.6134,0.2097,5.1251,119.5312,1.5633,3.2032,0.0862
25-Apr-25,4.374,5.812,4.954,3.045,5.2563,2.8057,3.1531,3.3284,56.3743,13.0899,7.7642,13.4618,0.3049,0.026,116.6058,5.9323,0.6005,3.3284,0.0168,0.1089,2.6185,0.2089,5.1378,119.0836,1.5518,3.2115,0.0858
28-Apr-25,4.374,5.8152,4.9669,3.0463,5.2807,2.7932,3.1524,3.3265,56.3838,12.9869,7.7648,13.4558,0.3034,0.0259,116.5981,5.9266,0.5995,3.3265,0.0168,0.109,2.6045,0.2089,5.1213,119.082,1.5571,3.2009,0.0859
29-Apr-25,4.334,5.8132,4.9366,3.0428,5.2607,2.7809,3.1275,3.3113,55.8696,13.0092,7.6987,13.4265,0.3014,0.0258,115.5333,5.8708,0.5959,3.3113,0.0167,0.1079,2.5807,0.207,5.0953,117.993,1.5421,3.1851,0.0852
30-Apr-25,4.3175,5.7785,4.9086,3.0292,5.24,2.7626,3.1191,3.3017,55.6569,12.9266,7.729,13.4754,0.3021,0.0259,115.1057,5.8592,0.594,3.3017,0.0166,0.1075,2.5605,0.2062,5.0709,117.5438,1.5358,3.1692,0.085
2-May-25,4.296,5.7182,4.8601,2.9581,5.1856,2.7574,3.1093,3.2897,55.3883,12.8932,7.7201,13.7235,0.3023,0.0261,114.5478,5.817,0.5908,3.2897,0.0165,0.107,2.5486,0.2052,5.1164,116.96,1.5281,3.1986,0.0846
5-May-25,4.2,5.5816,4.7597,2.9109,5.0999,2.7147,3.0422,3.2488,54.1918,12.6754,7.5696,14.1214,0.3,0.0256,111.9955,5.687,0.5776,3.2488,0.0162,0.1046,2.507,0.2006,4.9835,114.348,1.4919,3.1154,0.0828
6-May-25,4.232,5.6264,4.7887,2.9431,5.1409,2.7341,3.0613,3.2725,54.6019,12.8701,7.6006,14.0651,0.3063,0.0257,112.8383,5.7388,0.5859,3.2725,0.0163,0.1053,2.5265,0.2021,5.0169,115.2223,1.5051,3.1355,0.0835
7-May-25,4.2355,5.6527,4.8056,2.9597,5.1311,2.7471,3.0711,3.2802,54.6241,12.9131,7.6432,14.0128,0.3031,0.0256,112.9196,5.7429,0.5861,3.28,0.0163,0.1054,2.543,0.2023,5.0096,115.316,1.5041,3.131,0.0836
8-May-25,4.267,5.6943,4.8332,2.9713,5.1831,2.7552,3.086,3.2966,54.9181,13.0589,7.6884,14.1007,0.3062,0.0259,113.7594,5.7907,0.5898,3.2966,0.0164,0.1062,2.5463,0.2038,5.0469,116.1736,1.5176,3.1547,0.0843
9-May-25,4.3185,5.7145,4.8467,2.9649,5.1924,2.7666,3.1019,3.3218,55.5527,13.0488,7.7718,14.2841,0.3077,0.0261,115.1354,5.8393,0.5958,3.3218,0.0166,0.1076,2.5458,0.2063,5.0395,117.5742,1.5307,3.1502,0.0853
13-May-25,4.3275,5.7117,4.8104,2.9289,5.1344,2.769,3.0989,3.3195,55.527,12.9653,7.7696,14.2343,0.3056,0.0262,115.3754,5.8071,0.6018,3.3195,0.0167,0.1077,2.5444,0.2067,5.106,117.8176,1.5391,3.1923,0.0857
14-May-25,4.3145,5.7424,4.8305,2.9333,5.1452,2.7943,3.0994,3.3157,55.2858,12.9506,7.7294,14.2365,0.3046,0.0261,115.0319,5.7968,0.5979,3.3157,0.0166,0.1075,2.5652,0.2061,5.0663,117.4685,1.5313,3.1665,0.0855
15-May-25,4.286,5.6925,4.799,2.9337,5.106,2.7608,3.069,3.3002,54.8836,12.8254,7.6914,14.2099,0.3073,0.0259,114.269,5.7892,0.5944,3.3002,0.0165,0.1068,2.5311,0.2047,5.0072,116.6878,1.5212,3.13,0.085
16-May-25,4.2675,5.6811,4.7796,2.9377,5.116,2.7404,3.0601,3.2955,54.6418,12.8743,7.6754,14.1632,0.3065,0.026,113.7757,5.7565,0.5927,3.2955,0.0165,0.1063,2.518,0.2038,4.9956,116.1857,1.5146,3.1223,0.0851
19-May-25,4.311,5.7323,4.8201,2.968,5.1564,2.7642,3.0858,3.3201,55.1148,12.9722,7.7218,14.2943,0.3083,0.0262,114.9355,5.8167,0.5974,3.3201,0.0166,0.1074,2.5392,0.2059,5.037,117.3844,1.5274,3.1486,0.086
20-May-25,4.285,5.728,4.8185,2.9589,5.1367,2.7628,3.0699,3.3093,54.7649,12.9047,7.6938,14.2019,0.3071,0.0261,114.2453,5.7994,0.5933,3.3093,0.0165,0.1067,2.5378,0.2047,5.0164,116.6653,1.5209,3.1354,0.0856
21-May-25,4.271,5.7366,4.8412,2.9702,5.1918,2.7542,3.075,3.3087,54.5543,13.0353,7.6823,14.1633,0.3084,0.026,113.8782,5.7737,0.5926,3.3087,0.0165,0.1064,2.5406,0.204,4.9904,116.2794,1.5155,3.1187,0.0856
22-May-25,4.259,5.7177,4.8265,2.9718,5.1649,2.7441,3.0744,3.3036,54.4278,13.0624,7.6544,14.2118,0.3084,0.0261,113.5552,5.7781,0.5912,3.3036,0.0164,0.106,2.5237,0.2034,4.9715,115.9558,1.506,3.1073,0.0854
23-May-25,4.2535,5.7199,4.8113,2.9655,5.1455,2.7367,3.0753,3.2978,54.3151,12.9937,7.6705,14.1949,0.3095,0.0261,113.398,5.7627,0.5906,3.2978,0.0164,0.1059,2.5164,0.2032,4.948,115.8029,1.503,3.0928,0.0852
26-May-25,4.2065,5.7118,4.8005,2.9527,5.1283,2.7433,3.0703,3.282,53.6756,12.959,7.6013,14.0686,0.3086,0.026,112.1554,5.7143,0.5863,3.282,0.0162,0.1047,2.5332,0.2009,4.9462,114.5218,1.4859,3.0914,0.0843
27-May-25,4.21,5.7126,4.7967,2.9555,5.1313,2.7274,3.0647,3.2793,53.7137,12.922,7.607,14.0727,0.3077,0.0259,112.2457,5.719,0.5855,3.2793,0.0162,0.1048,2.5212,0.2011,4.9352,114.6171,1.4884,3.0845,0.0845
28-May-25,4.25,5.7296,4.8057,2.9439,5.1332,2.7387,3.0741,3.2955,54.2185,12.987,7.6512,14.2131,0.309,0.0261,113.3061,5.7707,0.5904,3.2955,0.0164,0.1058,2.5398,0.203,4.9639,115.7313,1.5024,3.1024,0.0853
29-May-25,4.241,5.6976,4.7701,2.9097,5.0952,2.7246,3.0623,3.2781,54.1058,12.92,7.6146,14.1468,0.3068,0.026,113.0662,5.7538,0.5891,3.2783,0.0163,0.1056,2.5185,0.2026,4.9603,115.4768,1.4986,3.1011,0.0852
30-May-25,4.239,5.7106,4.8115,2.9467,5.15,2.7244,3.0667,3.2899,54.0651,12.9832,7.6305,14.2191,0.3079,0.026,112.9993,5.7426,0.5899,3.2896,0.0163,0.1055,2.5288,0.2025,4.97,115.4223,1.5032,3.106,0.0852
3-Jun-25,4.25,5.7449,4.8535,2.9686,5.1918,2.7478,3.0944,3.3002,54.1847,13.0208,7.633,14.179,0.3082,0.0261,113.3001,5.7837,0.5905,3.3002,0.0163,0.1057,2.5562,0.203,4.9715,115.7281,1.5078,3.1073,0.0855
4-Jun-25,4.25,5.7445,4.8314,2.9502,5.1562,2.747,3.0977,3.2925,54.1667,13.0388,7.6109,14.1671,0.3092,0.0261,113.3122,5.7812,0.5912,3.2925,0.0163,0.1057,2.5511,0.203,4.9497,115.7218,1.5015,3.0934,0.0856
5-Jun-25,4.2425,5.7463,4.8409,2.9667,5.1782,2.7523,3.1005,3.2953,54.077,13.0398,7.6329,14.1686,0.3117,0.0261,113.1077,5.7662,0.5906,3.2953,0.0163,0.1054,2.558,0.2026,4.938,115.5208,1.5039,3.0862,0.0854
6-Jun-25,4.228,5.738,4.8347,2.9409,5.1548,2.7486,3.0928,3.2904,53.8863,12.9721,7.5918,14.1528,0.3121,0.026,112.7286,5.7593,0.5887,3.2904,0.0162,0.105,2.5522,0.2019,4.9284,115.1228,1.499,3.0798,0.0852
9-Jun-25,4.2385,5.7436,4.837,2.9333,5.161,2.7601,3.097,3.2936,54.0105,12.9499,7.5896,14.1498,0.3124,0.026,113.0041,5.7689,0.5897,3.2936,0.0163,0.1053,2.5581,0.2024,4.9446,115.3977,1.5023,3.0918,0.0854
10-Jun-25,4.2345,5.735,4.8288,2.9236,5.1496,2.7645,3.0914,3.2898,53.9533,12.9515,7.5917,14.1466,0.3116,0.026,112.9049,5.7633,0.5893,3.2898,0.0163,0.1052,2.5642,0.2022,4.9489,115.3045,1.5009,3.093,0.0853
11-Jun-25,4.2405,5.7173,4.8412,2.9243,5.1547,2.7625,3.1006,3.2955,54.025,12.9878,7.592,14.178,0.3096,0.0261,113.0649,5.7686,0.59,3.2955,0.0163,0.1053,2.5591,0.2025,4.9588,115.4632,1.503,3.0988,0.0856
12-Jun-25,4.2255,5.7397,4.8678,2.9364,5.1745,2.7476,3.0936,3.2977,53.8431,13.0324,7.5685,14.2614,0.3107,0.026,112.662,5.7486,0.5886,3.2977,0.0162,0.105,2.5518,0.2018,4.9458,115.0547,1.4973,3.091,0.0853
13-Jun-25,4.2435,5.7514,4.8959,2.9572,5.2441,2.7504,3.1129,3.3092,54.0635,13.075,7.5793,14.3478,0.3099,0.026,113.1148,5.8067,0.5909,3.3092,0.0163,0.1055,2.5569,0.2027,4.93,115.5449,1.5037,3.0808,0.0853
16-Jun-25,4.246,5.7476,4.8946,2.9387,5.2223,2.7489,3.1206,3.3085,54.0926,13.0715,7.5214,14.3684,0.3113,0.026,113.1588,5.7907,0.591,3.3085,0.0163,0.1056,2.5518,0.2028,4.9268,115.6161,1.5006,3.08,0.0839
17-Jun-25,4.2395,5.7547,4.9017,2.9304,5.2098,2.769,3.1233,3.3089,54.0084,13.0416,7.5161,14.3922,0.3116,0.0261,112.9976,5.7958,0.5903,3.3089,0.0163,0.1055,2.5725,0.2025,4.9334,115.4359,1.4954,3.0837,0.0844
18-Jun-25,4.248,5.7087,4.8848,2.9281,5.203,2.7578,3.1089,3.3062,54.1157,13.0327,7.4772,14.3725,0.3095,0.026,113.2226,5.8037,0.5911,3.3062,0.0163,0.1057,2.5601,0.2029,4.9232,115.6674,1.4992,3.0767,0.0848
19-Jun-25,4.2595,5.7109,4.8839,2.9361,5.1961,2.7655,3.1065,3.3095,54.2629,12.9922,7.4321,14.4116,0.3089,0.026,113.5291,5.8022,0.5925,3.3095,0.0163,0.106,2.554,0.2034,4.922,115.9805,1.5022,3.0762,0.0843
20-Jun-25,4.254,5.7418,4.9049,2.9282,5.2123,2.7619,3.107,3.311,54.1914,12.9715,7.4363,14.4086,0.3109,0.026,113.3599,5.7948,0.5924,3.311,0.0163,0.1058,2.5545,0.2032,4.9105,115.8339,1.5003,3.0695,0.084
23-Jun-25,4.281,5.7438,4.9208,2.9181,5.2351,2.7413,3.1099,3.3167,54.5354,12.9708,7.4329,14.4253,0.3098,0.026,114.0794,5.8376,0.5956,3.3167,0.0164,0.1065,2.5356,0.2045,4.9361,116.5691,1.5087,3.0855,0.0842
24-Jun-25,4.254,5.7703,4.9372,2.9254,5.2412,2.7613,3.1007,3.3183,54.1914,12.9901,7.4763,14.4137,0.3118,0.026,113.3795,5.7797,0.5927,3.3183,0.0163,0.1058,2.5552,0.2032,4.9396,115.8339,1.4997,3.0873,0.0839
25-Jun-25,4.2385,5.7697,4.9217,2.9236,5.2613,2.7544,3.0869,3.3115,53.994,13.0003,7.4624,14.4034,0.3107,0.026,112.9875,5.7966,0.5912,3.3115,0.0162,0.1054,2.5556,0.2024,4.9322,115.4087,1.4943,3.0828,0.0847
26-Jun-25,4.225,5.7929,4.9411,2.9181,5.2599,2.7604,3.0812,3.3131,53.8241,13.0289,7.4627,14.5294,0.3118,0.026,112.6516,5.7776,0.5898,3.3131,0.0162,0.1051,2.561,0.2018,4.9213,115.0443,1.4898,3.0755,0.0847
30-Jun-25,4.217,5.7826,4.939,2.9239,5.2759,2.755,3.0826,3.3058,53.7215,12.9475,7.4854,14.4225,0.3109,0.026,112.4383,5.7915,0.5886,3.3058,0.0162,0.1048,2.5578,0.2014,4.9325,114.8264,1.4867,3.0834,0.0849
1-Jul-25,4.1925,5.7599,4.943,2.9139,5.2912,2.7536,3.0802,3.2955,53.408,12.9159,7.4536,14.3608,0.3098,0.0259,111.7851,5.7605,0.5854,3.2955,0.016,0.1042,2.5518,0.2002,4.8989,114.1484,1.4775,3.0619,0.0845
2-Jul-25,4.2165,5.796,4.9755,2.9376,5.3309,2.7747,3.0896,3.3123,53.7144,12.9966,7.4877,14.4932,0.3102,0.026,112.431,5.8137,0.5883,3.3123,0.0161,0.1047,2.5731,0.2014,4.9242,114.8097,1.486,3.0776,0.0853
3-Jul-25,4.224,5.7565,4.9807,2.9364,5.335,2.7739,3.1071,3.3165,53.8093,13.062,7.5063,14.622,0.3105,0.0261,112.634,5.8107,0.5896,3.3165,0.0161,0.1049,2.5627,0.2017,4.9298,115.0139,1.4886,3.0812,0.0856
4-Jul-25,4.229,5.7758,4.9775,2.9261,5.3275,2.7782,3.1145,3.3171,53.8757,13.0392,7.4844,14.6393,0.3096,0.0261,112.7643,5.8213,0.5902,3.3171,0.0161,0.105,2.5672,0.202,4.9531,115.1532,1.4904,3.0956,0.0857
7-Jul-25,4.234,5.7701,4.9832,2.9234,5.3275,2.7589,3.1073,3.3165,53.937,13.0145,7.4783,14.5915,0.3096,0.0261,112.8916,5.8282,0.5904,3.3164,0.0162,0.105,2.5487,0.2022,4.9416,115.2862,1.4915,3.0885,0.0858
8-Jul-25,4.2385,5.7779,4.9783,2.9012,5.3224,2.7603,3.1048,3.3163,53.994,13.0484,7.5171,14.5884,0.3101,0.0261,113.0177,5.8158,0.591,3.316,0.0162,0.1052,2.5488,0.2024,4.9455,115.4087,1.4937,3.0909,0.0853
9-Jul-25,4.254,5.772,4.9789,2.8918,5.3322,2.7749,3.1079,3.3185,54.1911,13.0191,7.5143,14.6095,0.3095,0.0262,113.4249,5.8339,0.5925,3.3185,0.0163,0.1057,2.5462,0.2032,4.9514,115.8308,1.4992,3.0946,0.0856
10-Jul-25,4.2525,5.7849,4.9899,2.9075,5.3555,2.7828,3.1082,3.3229,54.1723,13.0365,7.5376,14.5474,0.3097,0.0262,113.3819,5.8267,0.5924,3.3229,0.0163,0.1057,2.5534,0.2031,4.9676,115.7899,1.4947,3.1053,0.0857
11-Jul-25,4.256,5.7735,4.9716,2.8962,5.337,2.8028,3.1085,3.3236,54.2176,13.0733,7.5378,14.5559,0.3099,0.0262,113.4752,5.8381,0.5937,3.3236,0.0163,0.1058,2.563,0.2033,4.96,115.8852,1.496,3.0998,0.086
14-Jul-25,4.255,5.7366,4.9703,2.8886,5.3391,2.7947,3.1074,3.3205,54.2038,13.1226,7.5079,14.551,0.3086,0.0262,113.45,5.8277,0.5934,3.3205,0.0163,0.1058,2.5477,0.2032,4.9485,115.8422,1.4959,3.0933,0.086
15-Jul-25,4.254,5.7129,4.967,2.8807,5.3379,2.7851,3.1057,3.3167,54.1914,13.084,7.4937,14.496,0.3077,0.0261,113.4279,5.8242,0.593,3.3167,0.0163,0.1058,2.5428,0.2032,4.95,115.8308,1.4951,3.0939,0.086
16-Jul-25,4.252,5.6928,4.9372,2.8529,5.3021,2.7736,3.0989,3.3079,54.1656,13.073,7.4606,14.4744,0.3063,0.0261,113.3716,5.8165,0.5921,3.3079,0.0163,0.1057,2.5282,0.2031,4.9449,115.7763,1.4938,3.0906,0.0861
17-Jul-25,4.247,5.6878,4.9346,2.859,5.2899,2.7552,3.0963,3.3033,54.1033,13.0786,7.4327,14.401,0.3052,0.026,113.2262,5.7942,0.5917,3.3033,0.0162,0.1056,2.5163,0.2028,4.9487,115.6402,1.4904,3.093,0.0859
18-Jul-25,4.245,5.7008,4.9344,2.8553,5.2887,2.7603,3.0894,3.3041,54.0826,13.0928,7.4267,14.4368,0.305,0.026,113.1698,5.7861,0.5911,3.3041,0.0162,0.1056,2.5281,0.2027,4.9338,115.5857,1.4895,3.083,0.0859
21-Jul-25,4.2395,5.6875,4.9286,2.8557,5.2885,2.7589,3.0893,3.2999,54.0105,13.0796,7.4129,14.3888,0.3044,0.026,113.0217,5.7899,0.5906,3.2999,0.0162,0.1054,2.5223,0.2025,4.9129,115.4391,1.4878,3.0705,0.0859
22-Jul-25,4.232,5.7043,4.9459,2.8677,5.3013,2.7593,3.0918,3.3023,53.9125,13.1225,7.4227,14.4024,0.3052,0.026,112.8142,5.7829,0.5901,3.3023,0.0162,0.1053,2.5221,0.2021,4.9074,115.2317,1.4849,3.0671,0.0859
23-Jul-25,4.2255,5.7163,4.9603,2.876,5.3268,2.773,3.1069,3.305,53.828,13.1308,7.4205,14.4102,0.3068,0.0259,112.638,5.7841,0.5898,3.305,0.0162,0.1051,2.538,0.2018,4.8918,115.0422,1.4826,3.0561,0.0861
24-Jul-25,4.217,5.7256,4.9655,2.8878,5.3235,2.7895,3.0996,3.3065,53.7245,13.1228,7.4452,14.4068,0.3085,0.0259,112.4024,5.7829,0.5897,3.3065,0.0161,0.1049,2.5519,0.2014,4.8879,114.8233,1.4786,3.0551,0.0859
25-Jul-25,4.219,5.6933,4.954,2.8656,5.2993,2.778,3.0903,3.2976,53.7493,13.0731,7.4204,14.3347,0.3066,0.0259,112.4617,5.7894,0.589,3.2976,0.0161,0.1049,2.5434,0.2015,4.8768,114.8778,1.4793,3.048,0.086
28-Jul-25,4.2205,5.6736,4.9618,2.8571,5.3088,2.772,3.0821,3.2966,53.7708,13.0403,7.389,14.3141,0.3061,0.0258,112.5017,5.7812,0.5887,3.2966,0.0161,0.1051,2.5386,0.2016,4.8847,114.9217,1.4894,3.0528,0.0864
29-Jul-25,4.2425,5.6599,4.9141,2.8596,5.279,2.7663,3.088,3.2972,54.0463,13.0639,7.4046,14.2691,0.3049,0.0259,113.0926,5.7961,0.5911,3.2972,0.0162,0.1056,2.5317,0.2026,4.8872,115.5176,1.4989,3.0541,0.087
30-Jul-25,4.235,5.6577,4.8965,2.862,5.2625,2.7608,3.0771,3.2926,53.9497,13.074,7.393,14.2511,0.3064,0.0259,112.9092,5.7698,0.5903,3.2926,0.0161,0.1054,2.5268,0.2023,4.8592,115.3134,1.4962,3.0369,0.0871
31-Jul-25,4.254,5.6404,4.8593,2.8599,5.2296,2.7466,3.0771,3.2857,54.1925,12.9992,7.2906,14.2136,0.3056,0.0258,113.4037,5.7913,0.5915,3.2857,0.0162,0.1059,2.5165,0.2032,4.8542,115.8308,1.4992,3.0339,0.0874
1-Aug-25,4.2775,5.6465,4.8843,2.8407,5.2569,2.753,3.0876,3.2967,54.4908,13.036,7.3461,14.2736,0.3057,0.026,114.0332,5.7956,0.5934,3.2967,0.0163,0.1064,2.5162,0.2043,4.8889,116.4706,1.5068,3.0556,0.0881
4-Aug-25,4.2355,5.6258,4.9041,2.8677,5.2612,2.7452,3.0746,3.2892,53.9558,13.0452,7.3594,14.1912,0.306,0.0259,112.909,5.73,0.5899,3.2892,0.0162,0.1054,2.5066,0.2023,4.8507,115.327,1.493,3.0316,0.0872
5-Aug-25,4.2305,5.617,4.8883,2.8736,5.2264,2.731,3.0677,3.2834,53.8924,13.0601,7.3716,14.138,0.3046,0.0258,112.7607,5.7643,0.589,3.2834,0.0162,0.1053,2.4937,0.2021,4.8166,115.1909,1.4917,3.0104,0.0873
6-Aug-25,4.2275,5.6266,4.8957,2.868,5.2405,2.7432,3.0701,3.2843,53.8538,13.0559,7.3358,14.1105,0.3043,0.0258,112.6657,5.7541,0.5881,3.2843,0.0161,0.1052,2.5037,0.2019,4.8185,115.1092,1.4899,3.0116,0.0873
7-Aug-25,4.2295,5.6504,4.9335,2.8672,5.2505,2.7538,3.0794,3.2935,53.8821,13.0904,7.3807,14.2087,0.3058,0.0259,112.7221,5.7678,0.589,3.2935,0.0161,0.1053,2.5142,0.202,4.8241,115.1637,1.4896,3.015,0.0873
8-Aug-25,4.2355,5.6923,4.9384,2.8775,5.2501,2.7622,3.0827,3.2994,53.9564,13.0978,7.4374,14.19,0.3051,0.026,112.8609,5.7909,0.5898,3.2994,0.0162,0.1054,2.5246,0.2023,4.8368,115.327,1.492,3.0228,0.0873
11-Aug-25,4.2355,5.7033,4.9435,2.8718,5.2517,2.7641,3.0811,3.3003,53.9564,13.0948,7.4261,14.1708,0.3053,0.0261,112.8519,5.7844,0.5898,3.3003,0.0161,0.1054,2.5229,0.2023,4.8387,115.3255,1.4924,3.0242,0.0873
12-Aug-25,4.233,5.6853,4.9183,2.8519,5.2166,2.7589,3.0722,3.2912,53.9239,13.0871,7.4004,14.1331,0.3047,0.026,112.7928,5.7829,0.589,3.2912,0.0161,0.1054,2.5127,0.2022,4.8297,115.259,1.4912,3.018,0.0873
13-Aug-25,4.222,5.701,4.9328,2.8526,5.2343,2.7568,3.0644,3.2909,53.7841,13.0581,7.4165,14.0689,0.3051,0.026,112.5057,5.7604,0.5881,3.2909,0.0161,0.1051,2.5157,0.2017,4.818,114.9594,1.4873,3.0112,0.0872
14-Aug-25,4.1975,5.6977,4.9125,2.8642,5.2104,2.7483,3.0498,3.2796,53.4768,12.9883,7.3983,14.0113,0.3034,0.026,111.8647,5.7515,0.5852,3.2796,0.016,0.1045,2.5076,0.2005,4.8013,114.2923,1.4795,3.0009,0.0869
15-Aug-25,4.218,5.7143,4.9182,2.865,5.2281,2.7428,3.0557,3.2858,53.8439,13.0145,7.3845,14.0413,0.3039,0.0261,112.4096,5.779,0.5873,3.2858,0.0161,0.105,2.4968,0.2015,4.8153,114.8505,1.4867,3.0109,0.0873
18-Aug-25,4.2235,5.726,4.9432,2.8656,5.2388,2.7539,3.0598,3.2941,53.9617,13.0275,7.4015,14.0713,0.3052,0.0261,112.5546,5.7831,0.5882,3.2941,0.0161,0.1051,2.5064,0.2017,4.83,114.9878,1.4887,3.0187,0.0875
19-Aug-25,4.226,5.7051,4.9252,2.8584,5.2331,2.7414,3.0597,3.2909,54.2115,13.0011,7.4044,14.0424,0.3042,0.026,112.6243,5.7836,0.5884,3.2909,0.0161,0.1051,2.5028,0.2018,4.8432,115.0684,1.4894,3.0268,0.0874
20-Aug-25,4.226,5.6935,4.9159,2.8644,5.2273,2.7184,3.0458,3.2863,54.1427,12.9682,7.3884,13.9414,0.302,0.0259,112.6153,5.7833,0.5881,3.2863,0.0161,0.1051,2.4627,0.2018,4.851,115.0684,1.4895,3.032,0.0872
21-Aug-25,4.2225,5.6807,4.9175,2.8643,5.2447,2.7117,3.042,3.2831,54.0722,12.9614,7.4054,13.8524,0.302,0.0259,112.519,5.7719,0.5887,3.2831,0.016,0.105,2.4564,0.2017,4.8556,114.9731,1.4881,3.0354,0.0869
22-Aug-25,4.2305,5.6695,4.9032,2.8454,5.2228,2.7173,3.0406,3.2797,54.1175,12.95,7.4084,13.8319,0.3034,0.0259,112.7292,5.7817,0.5889,3.2797,0.016,0.1052,2.459,0.2021,4.8423,115.183,1.4911,3.0264,0.0872
25-Aug-25,4.2,5.6748,4.9169,2.8506,5.2323,2.7248,3.0361,3.2756,53.7965,12.9398,7.4189,13.8085,0.3031,0.0258,111.9343,5.727,0.5868,3.2756,0.016,0.1044,2.4625,0.2006,4.808,114.3588,1.4805,3.0049,0.0867
26-Aug-25,4.215,5.6698,4.9001,2.8518,5.2312,2.7279,3.0415,3.279,53.9765,12.986,7.4143,13.8079,0.3028,0.0259,112.3401,5.7734,0.5892,3.279,0.016,0.1048,2.4576,0.2013,4.8026,114.7688,1.4857,3.0014,0.0869
27-Aug-25,4.2275,5.6892,4.9147,2.8596,5.2535,2.7428,3.0546,3.2846,54.3583,12.9857,7.39,13.8167,0.3029,0.0259,112.6657,5.7792,0.5909,3.2846,0.016,0.1052,2.472,0.2019,4.8205,115.0998,1.4901,3.0133,0.087
28-Aug-25,4.2275,5.7105,4.9221,2.874,5.2755,2.7544,3.0684,3.289,54.2589,13.0428,7.4021,13.8502,0.3047,0.0258,112.6612,5.7652,0.5913,3.289,0.016,0.1052,2.4792,0.2019,4.8273,115.1092,1.4901,3.0171,0.0869
29-Aug-25,4.218,5.6937,4.9195,2.8695,5.2557,2.7571,3.0664,3.2865,54.1349,13.0457,7.394,13.8168,0.3039,0.0257,112.4111,5.7768,0.5916,3.2865,0.016,0.1049,2.4846,0.2015,4.8076,114.838,1.4857,3.0049,0.087
2-Sep-25,4.231,5.7231,4.9482,2.8645,5.2792,2.7673,3.0761,3.2912,54.2293,13.1062,7.376,13.8004,0.3039,0.0258,112.7485,5.7907,0.5923,3.2912,0.0161,0.1052,2.491,0.2021,4.8043,115.1919,1.4911,3.0025,0.0871
3-Sep-25,4.2305,5.653,4.9173,2.8408,5.2494,2.7577,3.0664,3.2801,54.1965,13.04,7.3615,13.768,0.3035,0.0257,112.7472,5.777,0.592,3.2801,0.016,0.1052,2.4784,0.2021,4.803,115.1877,1.4908,3.0016,0.0872
4-Sep-25,4.229,5.6789,4.9281,2.8527,5.257,2.7628,3.0631,3.2817,54.2193,13.0878,7.3923,13.7829,0.3034,0.0257,112.7072,5.7772,0.5921,3.2817,0.016,0.1051,2.4839,0.202,4.8046,115.15,1.4899,3.003,0.0871
8-Sep-25,4.222,5.6978,4.9438,2.8489,5.2894,2.7694,3.0521,3.2838,54.1598,13.1793,7.4227,13.8413,0.303,0.0258,112.5252,5.7804,0.5917,3.2838,0.016,0.105,2.4906,0.2017,4.7898,114.9579,1.4879,2.9895,0.0871
9-Sep-25,4.2105,5.7092,4.9532,2.8572,5.3096,2.7787,3.0488,3.2827,54.0518,13.297,7.4155,13.8526,0.3032,0.0256,112.2635,5.7733,0.591,3.2827,0.016,0.1047,2.5025,0.2011,4.7843,114.6494,1.4833,2.9899,0.0874
10-Sep-25,4.2125,5.701,4.932,2.858,5.2821,2.7819,3.041,3.2829,54.0858,13.2615,7.3813,13.916,0.3036,0.0256,112.2495,5.7865,0.5912,3.2831,0.016,0.1048,2.5029,0.2012,4.7794,114.7008,1.484,2.9872,0.0877
11-Sep-25,4.2205,5.7093,4.9361,2.8624,5.2822,2.791,3.0427,3.289,54.1774,13.277,7.385,13.9052,0.3037,0.0256,112.4957,5.7844,0.5927,3.289,0.016,0.105,2.5068,0.2016,4.7888,114.9186,1.4869,2.9927,0.0877
12-Sep-25,4.2105,5.7075,4.9368,2.8556,5.2856,2.8052,3.0416,3.2833,54.1015,13.2844,7.3731,13.9211,0.3033,0.0257,112.2321,5.7659,0.5912,3.2833,0.016,0.1051,2.5139,0.2011,4.7642,114.6463,1.4833,2.9777,0.0873
17-Sep-25,4.1915,5.7185,4.9678,2.8603,5.3259,2.7985,3.0476,3.2836,53.8805,13.2057,7.3676,13.941,0.3036,0.0255,111.7495,5.7667,0.5897,3.2836,0.0159,0.1043,2.5055,0.2002,4.7721,114.129,1.4772,2.9817,0.0871
18-Sep-25,4.1955,5.7145,4.9557,2.853,5.3124,2.7869,3.0446,3.2808,53.9597,13.1872,7.3525,13.9416,0.303,0.0254,111.8293,5.7803,0.5903,3.2808,0.0159,0.1044,2.486,0.2004,4.7708,114.2379,1.4783,2.9812,0.0872
19-Sep-25,4.206,5.6998,4.9555,2.8491,5.3066,2.781,3.0492,3.2804,54.0878,13.1982,7.3596,13.9604,0.3017,0.0254,112.148,5.7921,0.5914,3.2804,0.0159,0.1046,2.4733,0.2009,4.7651,114.5097,1.4822,2.979,0.0873
22-Sep-25,4.21,5.6677,4.9394,2.8381,5.2823,2.7761,3.0516,3.277,54.1971,13.2452,7.3718,13.9128,0.3026,0.0253,112.2502,5.7774,0.5918,3.277,0.0159,0.1047,2.4673,0.2011,4.7735,114.6202,1.4836,2.9835,0.0873
23-Sep-25,4.1975,5.6731,4.9556,2.8407,5.3002,2.7651,3.0358,3.273,53.9958,13.1902,7.3506,13.8935,0.301,0.0252,111.911,5.763,0.5901,3.273,0.0159,0.1044,2.4576,0.2005,4.7434,114.2923,1.479,2.965,0.0871
24-Sep-25,4.2005,5.6738,4.9553,2.8406,5.3007,2.7788,3.0337,3.2708,54.017,13.1512,7.3266,13.842,0.3009,0.0252,111.9894,5.7712,0.5903,3.2708,0.0159,0.1045,2.4583,0.2006,4.7353,114.374,1.4817,2.9592,0.0872
25-Sep-25,4.2125,5.6711,4.951,2.8335,5.3001,2.7805,3.0335,3.2712,54.1693,13.1098,7.2734,13.8501,0.301,0.0252,112.3094,5.776,0.5914,3.2712,0.016,0.1048,2.4548,0.2012,4.7539,114.7008,1.4858,2.971,0.0875
26-Sep-25,4.22,5.6356,4.9283,2.8189,5.279,2.7609,3.028,3.2647,54.2357,13.0893,7.2519,13.822,0.2991,0.0252,112.5153,5.7837,0.5917,3.2647,0.016,0.105,2.4339,0.2016,4.7573,114.905,1.4883,2.9733,0.0877
29-Sep-25,4.2115,5.6569,4.938,2.8277,5.2895,2.7655,3.0251,3.2637,54.13,13.0589,7.2535,13.8295,0.3002,0.0253,112.2932,5.7512,0.5914,3.2637,0.0159,0.1048,2.4361,0.2011,4.7466,114.6767,1.4865,2.9671,0.0875
30-Sep-25,4.215,5.6631,4.9417,2.838,5.2866,2.7771,3.029,3.2645,54.1784,13.0223,7.2349,13.8215,0.3002,0.0252,112.388,5.7726,0.5916,3.2645,0.016,0.1048,2.4403,0.2013,4.7506,114.7563,1.4868,2.9691,0.0877
1-Oct-25,4.213,5.6627,4.9452,2.8481,5.2924,2.7785,3.024,3.2634,54.1367,12.9631,7.2239,13.817,0.2993,0.0252,112.3407,5.7759,0.5918,3.2634,0.0159,0.1047,2.44,0.2012,4.7465,114.7144,1.4869,2.9667,0.088
2-Oct-25,4.2055,5.6684,4.9352,2.8591,5.2793,2.7821,3.0164,3.2643,54.0525,12.9559,7.2253,13.8189,0.2999,0.0253,112.1377,5.7658,0.5907,3.2643,0.0159,0.1045,2.4508,0.2009,4.7384,114.5071,1.4841,2.9635,0.0879
3-Oct-25,4.2145,5.6666,4.9419,2.8548,5.285,2.7805,3.0176,3.2679,54.157,12.9877,7.2736,13.8635,0.2992,0.0254,112.3777,5.7839,0.592,3.2679,0.016,0.1047,2.4526,0.2013,4.749,114.7599,1.485,2.9682,0.0883
6-Oct-25,4.214,5.6685,4.9407,2.8081,5.2956,2.7846,3.0208,3.2615,54.1562,13.0263,7.254,13.7974,0.2987,0.0254,112.3629,5.7775,0.5919,3.2615,0.016,0.1047,2.4589,0.2013,4.7479,114.7291,1.4874,2.9674,0.0885
7-Oct-25,4.214,5.6788,4.9316,2.8026,5.2973,2.7892,3.0214,3.2645,54.152,12.9821,7.2494,13.8797,0.2988,0.0255,112.3494,5.7562,0.5919,3.2644,0.016,0.1047,2.4574,0.2013,4.7476,114.7416,1.4875,2.9672,0.0885
8-Oct-25,4.2195,5.6537,4.9047,2.7684,5.2701,2.7709,3.022,3.2577,54.2108,12.9991,7.2711,13.8023,0.2973,0.0254,112.487,5.7644,0.5927,3.2577,0.016,0.1048,2.426,0.2015,4.7536,114.8914,1.4896,2.9711,0.0887
9-Oct-25,4.2145,5.654,4.9078,2.7634,5.2645,2.782,3.0236,3.2568,54.1668,12.9359,7.2743,13.8223,0.2971,0.0255,112.3627,5.7455,0.5914,3.2568,0.016,0.1046,2.4446,0.2013,4.7482,114.7552,1.4879,2.9674,0.0886
10-Oct-25,4.2215,5.6195,4.8855,2.7652,5.2379,2.7729,3.0118,3.2522,54.2522,12.8842,7.253,13.8034,0.2971,0.0255,112.5493,5.7535,0.5925,3.2522,0.016,0.1047,2.4305,0.2016,4.7549,114.9458,1.4904,2.9718,0.0888
13-Oct-25,4.224,5.6405,4.9085,2.7801,5.2714,2.753,3.0182,3.2564,54.3,12.9273,7.2536,13.7684,0.2951,0.0255,112.613,5.7459,0.5923,3.2565,0.016,0.1047,2.4225,0.2017,4.7602,115.0014,1.4914,2.9752,0.0882
14-Oct-25,4.2255,5.6394,4.8927,2.777,5.2582,2.7459,3.0094,3.2546,54.3343,12.9804,7.261,13.7576,0.296,0.0255,112.671,5.748,0.5921,3.2546,0.016,0.1047,2.4134,0.2018,4.7601,115.0422,1.4917,2.9752,0.0886
15-Oct-25,4.2245,5.6406,4.9101,2.7952,5.2806,2.7516,3.0095,3.2594,54.325,12.9905,7.2819,13.7943,0.297,0.0255,112.6473,5.7435,0.5928,3.2594,0.016,0.1047,2.4175,0.2018,4.7836,115.0306,1.491,2.9893,0.0885
16-Oct-25,4.2275,5.6744,4.9299,2.8021,5.3176,2.7424,3.0132,3.2657,54.395,13.0017,7.2728,13.7928,0.2978,0.0255,112.7213,5.7653,0.5933,3.2657,0.016,0.1048,2.427,0.2019,4.8133,115.1092,1.4934,3.0079,0.0888
17-Oct-25,4.226,5.6833,4.9482,2.817,5.3467,2.733,3.0088,3.2687,54.4142,12.9751,7.2751,13.7693,0.2975,0.0255,112.6783,5.7712,0.5932,3.2687,0.016,0.1047,2.42,0.2018,4.813,115.0715,1.4919,3.0088,0.0888
21-Oct-25,4.226,5.6599,4.917,2.7977,5.3278,2.749,3.0078,3.2642,54.4079,12.9632,7.2622,13.7983,0.2967,0.0255,112.6813,5.7714,0.5937,3.2642,0.016,0.1044,2.4219,0.2018,4.8067,115.0715,1.4936,3.0021,0.089
22-Oct-25,4.2295,5.6567,4.9092,2.7863,5.3141,2.7471,3.0201,3.2587,54.4197,12.8988,7.2461,13.7598,0.2956,0.0254,112.7746,5.7671,0.5938,3.259,0.0161,0.1046,2.4309,0.202,4.8077,115.1684,1.4929,3.0045,0.0889
23-Oct-25,4.23,5.6399,4.9038,2.7743,5.3041,2.7408,3.0212,3.2542,54.4303,12.8797,7.2108,13.7333,0.2938,0.0254,112.788,5.7598,0.5938,3.2542,0.0161,0.1046,2.4219,0.202,4.8131,115.1773,1.4937,3.0049,0.0889
24-Oct-25,4.2265,5.632,4.9065,2.7665,5.3107,2.75,3.0175,3.2534,54.3783,12.8975,7.2089,13.7229,0.2943,0.0254,112.6931,5.7541,0.5933,3.2534,0.0161,0.1046,2.4313,0.2019,4.8145,115.0694,1.4919,3.0024,0.0888
27-Oct-25,4.214,5.6139,4.9,2.7534,5.2946,2.7524,3.0123,3.2469,54.2468,12.8967,7.1768,13.7014,0.2942,0.0253,112.3599,5.7398,0.5924,3.2469,0.016,0.1044,2.4258,0.2013,4.7922,114.7447,1.488,2.9951,0.0887
28-Oct-25,4.201,5.6109,4.8986,2.7588,5.2919,2.7561,3.0038,3.2438,54.0812,12.8796,7.1092,13.722,0.2925,0.0253,112.0237,5.7315,0.5917,3.2438,0.016,0.1041,2.4271,0.2006,4.7554,114.3876,1.4834,2.9721,0.0885
29-Oct-25,4.1905,5.5535,4.8765,2.7556,5.2777,2.7659,3.0064,3.235,53.9252,12.9384,7.0887,13.7065,0.2921,0.0252,111.7437,5.7196,0.5901,3.235,0.0159,0.1039,2.424,0.2001,4.744,114.1048,1.4797,2.9653,0.0885
30-Oct-25,4.1975,5.542,4.8756,2.7442,5.2521,2.7664,3.0112,3.2374,54.0174,12.9373,7.1377,13.6762,0.2952,0.0252,111.9274,5.7227,0.5915,3.2374,0.0159,0.1041,2.4251,0.2005,4.7481,114.2923,1.4827,2.9677,0.0887
31-Oct-25,4.192,5.5133,4.8489,2.7214,5.2279,2.7458,2.9969,3.2245,53.9664,12.9583,7.1222,13.6458,0.2936,0.0252,111.7703,5.7012,0.5895,3.2245,0.0159,0.1045,2.4024,0.2002,4.731,114.1301,1.4805,2.957,0.0888
3-Nov-25,4.1975,5.5151,4.8414,2.7245,5.2166,2.7508,2.9955,3.2243,54.0035,12.9523,7.1483,13.6287,0.2938,0.0252,111.9169,5.7018,0.5899,3.2243,0.016,0.1041,2.4024,0.2005,4.7274,114.2799,1.4823,2.9545,0.0889
4-Nov-25,4.2045,5.5199,4.8406,2.7288,5.1972,2.7462,2.99,3.2218,54.0852,12.9349,7.1681,13.6064,0.2921,0.0251,112.108,5.7026,0.5901,3.2218,0.016,0.1043,2.3947,0.2008,4.7474,114.4861,1.4876,2.9671,0.0891
5-Nov-25,4.1945,5.4614,4.8189,2.7324,5.18,2.7233,2.9724,3.209,53.9513,12.8863,7.1375,13.5569,0.2902,0.0251,111.8444,5.6837,0.5884,3.209,0.0159,0.104,2.3716,0.2003,4.7256,114.2107,1.4841,2.9569,0.0887
6-Nov-25,4.1825,5.464,4.8128,2.7181,5.168,2.7236,2.9655,3.2034,53.7932,12.8839,7.1061,13.5216,0.2893,0.025,111.517,5.6661,0.5871,3.2034,0.0159,0.1037,2.3683,0.1998,4.7197,113.887,1.4797,2.9498,0.0882
7-Nov-25,4.176,5.4783,4.8185,2.7283,5.1718,2.7029,2.9566,3.2002,53.7137,12.8939,7.0649,13.4849,0.2867,0.025,111.3496,5.6639,0.5863,3.2002,0.0159,0.1036,2.3469,0.1995,4.71,113.7069,1.4769,2.9437,0.0883
10-Nov-25,4.167,5.4784,4.8148,2.707,5.1671,2.7142,2.9693,3.1989,53.59,12.877,7.0803,13.438,0.2862,0.025,111.1096,5.6605,0.5852,3.1989,0.0158,0.1034,2.3446,0.199,4.6997,113.4557,1.4743,2.937,0.088
11-Nov-25,4.1515,5.4667,4.7975,2.6911,5.1565,2.7105,2.958,3.1862,53.4031,12.8192,7.0415,13.3986,0.2834,0.0249,110.6919,5.6401,0.5829,3.1862,0.0158,0.1031,2.3429,0.1983,4.6793,113.0398,1.4682,2.9247,0.0878
12-Nov-25,4.1305,5.4275,4.7821,2.6761,5.1589,2.6945,2.947,3.1704,53.1514,12.7024,6.9932,13.3053,0.2813,0.0247,110.132,5.6118,0.5802,3.1704,0.0157,0.1025,2.3348,0.1973,4.66,112.4573,1.4608,2.9125,0.0875
13-Nov-25,4.131,5.4226,4.7878,2.6697,5.1735,2.7089,2.9493,3.1748,53.165,12.7737,6.9946,13.2855,0.2816,0.0247,110.1483,5.6115,0.5815,3.1748,0.0157,0.1026,2.3365,0.1973,4.6585,112.4816,1.4611,2.9115,0.0875
14-Nov-25,4.1325,5.4326,4.8096,2.6741,5.2152,2.7035,2.9467,3.179,53.1905,12.7813,7.0205,13.2677,0.2834,0.0247,110.2,5.6208,0.5825,3.179,0.0157,0.1025,2.3497,0.1974,4.658,112.5255,1.4624,2.9112,0.0876
17-Nov-25,4.1505,5.4556,4.8142,2.6826,5.2181,2.7049,2.9566,3.1896,53.395,12.7944,7.0129,13.3183,0.2844,0.0248,110.683,5.647,0.5841,3.1896,0.0158,0.1032,2.3502,0.1982,4.6778,113.0095,1.4684,2.9236,0.0881
18-Nov-25,4.1765,5.4917,4.8416,2.6914,5.2508,2.706,2.9716,3.2037,53.6849,12.8626,7.0747,13.3785,0.2849,0.0249,111.3674,5.6797,0.5874,3.2037,0.0158,0.1039,2.3595,0.1995,4.7105,113.7236,1.4778,2.9439,0.0888
19-Nov-25,4.148,5.4507,4.805,2.671,5.185,2.6894,2.9634,3.1849,53.2529,12.7985,7.0491,13.2842,0.2828,0.0248,110.6104,5.6349,0.5834,3.1849,0.0157,0.1032,2.3362,0.1981,4.6853,112.9445,1.4679,2.9283,0.088
20-Nov-25,4.1645,5.4332,4.795,2.6456,5.1602,2.6992,2.9623,3.1847,53.4912,12.8257,7.0456,13.3332,0.2835,0.0249,111.0445,5.6558,0.5852,3.1847,0.0158,0.1036,2.3352,0.1989,4.6965,113.3969,1.4738,2.9352,0.0879
21-Nov-25,4.144,5.423,4.7807,2.6345,5.1491,2.6716,2.9406,3.1692,53.236,12.7665,7.0333,13.2265,0.2819,0.0248,110.4949,5.611,0.5826,3.1692,0.0157,0.103,2.3179,0.1979,4.675,112.8233,1.4666,2.9218,0.0874
24-Nov-25,4.1415,5.4243,4.7694,2.6439,5.1221,2.6758,2.9381,3.1676,53.2132,12.747,7.0262,13.1577,0.2805,0.0248,110.4282,5.6078,0.5827,3.1676,0.0157,0.103,2.3219,0.1978,4.6443,112.7675,1.4657,2.903,0.087
25-Nov-25,4.132,5.4129,4.7592,2.6356,5.1088,2.6666,2.927,3.167,53.1344,12.759,7.0148,13.1346,0.2801,0.0248,110.169,5.6032,0.5824,3.167,0.0157,0.1028,2.3154,0.1974,4.6394,112.5089,1.4623,2.8996,0.0866
26-Nov-25,4.1325,5.4535,4.7898,2.6508,5.1291,2.6865,2.9368,3.1781,53.1299,12.8199,7.0245,13.1886,0.2821,0.0248,110.1794,5.6042,0.5836,3.1781,0.0157,0.1028,2.3516,0.1974,4.6332,112.5225,1.4626,2.8953,0.0864
27-Nov-25,4.131,5.4761,4.7928,2.6466,5.1403,2.6984,2.9434,3.1853,53.1171,12.8252,7.024,13.1745,0.2817,0.0248,110.1394,5.6123,0.5835,3.1853,0.0157,0.1028,2.366,0.1973,4.6283,112.4816,1.4621,2.8927,0.0866
28-Nov-25,4.129,5.4668,4.7843,2.6423,5.1289,2.6983,2.9431,3.1853,53.0505,12.8349,7.0277,13.1493,0.2819,0.0248,110.067,5.6095,0.5835,3.1853,0.0157,0.1028,2.3618,0.1972,4.6155,112.4195,1.4614,2.8847,0.0867
1-Dec-25,4.134,5.4695,4.7942,2.6591,5.1408,2.7065,2.9569,3.1892,53.0779,12.8765,7.0588,13.1522,0.2813,0.0248,110.1974,5.6163,0.5844,3.1892,0.0157,0.1028,2.3713,0.1974,4.6224,112.5572,1.4634,2.889,0.0869
2-Dec-25,4.1325,5.4621,4.7987,2.6553,5.139,2.7072,2.9521,3.1861,53.0675,12.9141,7.0772,13.1374,0.2816,0.0248,110.1149,5.6289,0.5841,3.1861,0.0157,0.1028,2.3663,0.1974,4.6033,112.5225,1.4628,2.8771,0.087
3-Dec-25,4.1295,5.4631,4.8059,2.6529,5.1493,2.7168,2.9561,3.1866,53.0549,12.9411,7.0308,13.1634,0.281,0.0248,110.0056,5.6191,0.5845,3.1866,0.0157,0.1029,2.3741,0.1972,4.589,112.4408,1.4722,2.8677,0.0869
4-Dec-25,4.1175,5.4895,4.7994,2.6497,5.1414,2.7213,2.9489,3.1766,52.9017,12.8813,6.9595,13.1277,0.2796,0.0247,109.7181,5.6165,0.5824,3.1766,0.0156,0.1026,2.3748,0.1967,4.5573,112.1171,1.4576,2.8483,0.0866
5-Dec-25,4.115,5.4843,4.7936,2.6528,5.1213,2.7217,2.9486,3.175,52.8662,12.8714,6.977,13.1314,0.2792,0.0247,109.6515,5.6184,0.582,3.175,0.0156,0.1023,2.3721,0.1965,4.5849,112.046,1.4567,2.8662,0.0866
8-Dec-25,4.108,5.479,4.7858,2.6485,5.1117,2.7289,2.9711,3.1709,52.7936,12.9132,6.9677,13.1886,0.2795,0.0246,109.4504,5.6015,0.5812,3.1707,0.0156,0.1022,2.3765,0.1962,4.5608,111.8493,1.4645,2.8502,0.0866
9-Dec-25,4.118,5.4887,4.7958,2.6427,5.1082,2.7286,2.9738,3.1739,52.936,12.9294,6.9692,13.2167,0.2801,0.0247,109.7168,5.6145,0.5826,3.1739,0.0156,0.1024,2.3827,0.1967,4.5758,112.1246,1.4676,2.8594,0.0868
10-Dec-25,4.121,5.482,4.7915,2.6317,5.112,2.7351,2.9744,3.1783,52.9538,12.9449,6.9597,13.1906,0.2799,0.0247,109.8172,5.6166,0.5835,3.1783,0.0156,0.1025,2.3772,0.1968,4.5793,112.2155,1.4698,2.862,0.0867
11-Dec-25,4.107,5.4898,4.8015,2.6379,5.1402,2.7258,2.973,3.1741,52.7923,12.9281,6.9433,13.1475,0.2789,0.0246,109.4412,5.5946,0.5816,3.1741,0.0156,0.1022,2.3808,0.1962,4.558,111.8281,1.4529,2.8484,0.0864
12-Dec-25,4.101,5.4914,4.8123,2.6337,5.1595,2.7329,2.9771,3.1749,52.6901,12.9471,6.9424,13.1337,0.2783,0.0246,109.2828,5.6035,0.5812,3.1749,0.0156,0.102,2.3831,0.1959,4.5331,111.6648,1.4633,2.8332,0.0863
15-Dec-25,4.0895,5.4623,4.7986,2.6313,5.1363,2.7173,2.9703,3.1661,52.5504,12.9661,6.9182,13.0697,0.2773,0.0245,108.9778,5.5896,0.58,3.1661,0.0155,0.1017,2.3596,0.1953,4.515,111.3486,1.4594,2.8219,0.0861
16-Dec-25,4.085,5.4602,4.8007,2.6375,5.1335,2.7104,2.9667,3.165,52.5122,12.9539,6.9377,12.9664,0.2771,0.0245,108.8724,5.5904,0.58,3.165,0.0155,0.1018,2.3599,0.1951,4.4991,111.2291,1.4524,2.8116,0.0861
17-Dec-25,4.0855,5.4789,4.7962,2.6377,5.1345,2.7075,2.9676,3.1648,52.522,12.9905,6.9685,12.9353,0.2759,0.0245,108.9321,5.5952,0.58,3.1648,0.0155,0.1016,2.3643,0.1951,4.5334,111.2427,1.4526,2.8275,0.0862
18-Dec-25,4.0885,5.4641,4.7995,2.6246,5.1405,2.696,2.9655,3.1642,52.542,12.9835,6.9718,12.9541,0.2766,0.0244,109.0005,5.586,0.5805,3.1642,0.0155,0.1016,2.3533,0.1953,4.5234,111.3274,1.4589,2.8274,0.0859
19-Dec-25,4.0835,5.4627,4.7865,2.6197,5.1362,2.6994,2.9626,3.1627,52.478,12.9944,6.9636,12.9368,0.2761,0.0244,108.8687,5.5821,0.5799,3.1627,0.0155,0.1014,2.3541,0.195,4.536,111.1913,1.4519,2.8352,0.0859
22-Dec-25,4.079,5.4628,4.7798,2.5925,5.1337,2.7007,2.956,3.1552,52.4222,13.0278,6.9471,12.9215,0.2755,0.0243,108.7559,5.5711,0.5794,3.1552,0.0155,0.1014,2.352,0.1948,4.552,111.0657,1.4555,2.8461,0.0859
23-Dec-25,4.0675,5.4869,4.7903,2.6045,5.152,2.713,2.9616,3.162,52.2919,13.0452,6.9265,12.9211,0.2741,0.0242,108.4551,5.561,0.5787,3.162,0.0154,0.1011,2.3648,0.1943,4.5353,110.7526,1.4524,2.8332,0.0858
24-Dec-25,4.058,5.4848,4.7834,2.6015,5.1533,2.7205,2.9663,3.1622,52.1936,13.0692,6.9051,12.8985,0.2772,0.0242,108.1931,5.5644,0.5775,3.1622,0.0154,0.1008,2.3703,0.1938,4.5285,110.4939,1.4428,2.8303,0.0855
26-Dec-25,4.037,5.4522,4.7572,2.5869,5.1205,2.7074,2.951,3.1431,51.9345,13.0037,6.8638,12.8379,0.2817,0.0241,107.6347,5.5361,0.5761,3.1431,0.0154,0.1003,2.3544,0.1928,4.4942,109.9162,1.4411,2.8086,0.0848
29-Dec-25,4.054,5.4755,4.7732,2.5924,5.1352,2.7261,2.9678,3.1557,52.1482,13.0009,6.893,12.9145,0.2827,0.0242,108.0879,5.5531,0.5784,3.1557,0.0154,0.1007,2.3635,0.1936,4.5072,110.373,1.4473,2.817,0.0851
30-Dec-25,4.0535,5.4743,4.772,2.5939,5.1395,2.7183,2.9614,3.1528,52.1166,12.8499,6.8905,12.9162,0.2821,0.0242,108.0732,5.5534,0.5789,3.1528,0.0154,0.1007,2.3543,0.1936,4.5084,110.3714,1.4469,2.8165,0.085
31-Dec-25,4.057,5.4621,4.7639,2.5924,5.1215,2.7168,2.9619,3.1595,52.1261,12.8835,6.8914,12.9286,0.2814,0.0243,108.1636,5.561,0.5805,3.1595,0.0154,0.1008,2.3449,0.1938,4.5143,110.4697,1.4484,2.8211,0.085
2-Jan-26,4.0575,5.4724,4.7734,2.5891,5.128,2.7179,2.9597,3.1607,52.0833,12.824,6.8914,12.9142,0.2812,0.0243,108.1942,5.5567,0.5802,3.1607,0.0154,0.1008,2.3408,0.1938,4.5107,110.4743,1.449,2.8186,0.0851
5-Jan-26,4.076,5.468,4.7585,2.5921,5.127,2.7189,2.9603,3.163,52.3302,12.9912,6.9158,12.983,0.2816,0.0243,108.6803,5.5778,0.5837,3.163,0.0155,0.1011,2.3435,0.1947,4.5168,110.978,1.4555,2.8242,0.0856
6-Jan-26,4.0555,5.4989,4.7591,2.5937,5.1267,2.7265,2.9458,3.1669,52.0874,12.9942,6.8595,12.9,0.2808,0.0242,108.1323,5.544,0.5809,3.1669,0.0154,0.1008,2.3512,0.1937,4.5002,110.4259,1.4476,2.8126,0.0857
7-Jan-26,4.0505,5.474,4.7385,2.5872,5.0959,2.7367,2.9317,3.1627,52.0082,12.9845,6.8359,12.8739,0.2797,0.0241,108.0061,5.5438,0.5797,3.1627,0.0154,0.1004,2.3442,0.1935,4.4982,110.2897,1.4336,2.8091,0.0857
8-Jan-26,4.0625,5.4695,4.745,2.5923,5.0956,2.7272,2.9309,3.1652,52.1622,12.9038,6.8701,12.8585,0.2802,0.0242,108.3304,5.5556,0.5815,3.1652,0.0155,0.1007,2.3435,0.194,4.5221,110.6165,1.4374,2.823,0.086
9-Jan-26,4.064,5.4608,4.7372,2.5846,5.0829,2.7206,2.9301,3.1618,52.138,12.9324,6.8728,12.8408,0.2791,0.0241,108.3733,5.5541,0.5822,3.1618,0.0155,0.1008,2.334,0.1941,4.5205,110.6573,1.445,2.8255,0.086
12-Jan-26,4.0665,5.4574,4.7395,2.5717,5.0889,2.7237,2.9264,3.1603,52.1761,12.9929,6.8646,12.8532,0.277,0.0241,108.4371,5.5498,0.583,3.1603,0.0155,0.1007,2.3358,0.1942,4.5074,110.7163,1.4459,2.8171,0.0861
13-Jan-26,4.056,5.4636,4.7289,2.5539,5.0837,2.7216,2.9238,3.153,52.0083,12.9461,6.8418,12.8152,0.2752,0.024,108.1571,5.5425,0.5814,3.153,0.0154,0.1005,2.3432,0.1937,4.4957,110.4425,1.4486,2.8095,0.086
14-Jan-26,4.0545,5.4511,4.7223,2.5474,5.0624,2.7161,2.9201,3.1485,51.9934,12.9001,6.8267,12.8116,0.2745,0.024,108.1142,5.5369,0.5812,3.1485,0.0154,0.1004,2.3299,0.1937,4.5006,110.3986,1.448,2.812,0.0861
15-Jan-26,4.049,5.4372,4.7128,2.5545,5.0584,2.7021,2.9136,3.1434,51.9262,12.857,6.8113,12.8113,0.2751,0.024,107.9647,5.5264,0.5809,3.1434,0.0154,0.1003,2.3219,0.1934,4.4854,110.2489,1.4474,2.8025,0.0856
16-Jan-26,4.0605,5.4374,4.7151,2.5681,5.0601,2.7222,2.9242,3.1543,52.0687,12.9439,6.8361,12.8696,0.2756,0.024,108.2771,5.5389,0.5829,3.1543,0.0155,0.1005,2.3376,0.1939,4.4915,110.562,1.4374,2.8071,0.086
19-Jan-26,4.054,5.4279,4.7126,2.5678,5.0738,2.7111,2.9167,3.152,52.0047,12.95,6.8242,12.8645,0.2749,0.024,108.1067,5.529,0.5822,3.152,0.0154,0.1002,2.3392,0.1936,4.4701,110.388,1.4479,2.794,0.0856
20-Jan-26,4.0525,5.4445,4.7238,2.5653,5.0866,2.7263,2.9249,3.1535,51.9715,13.0076,6.8127,12.8053,0.2742,0.0239,108.0667,5.527,0.5822,3.1535,0.0154,0.1003,2.3598,0.1936,4.4548,110.3352,1.4482,2.7843,0.0855
21-Jan-26,4.056,5.4515,4.7532,2.5657,5.1296,2.7305,2.9314,3.1586,52.0207,13.0544,6.835,12.8099,0.276,0.0239,108.16,5.553,0.5822,3.1586,0.0154,0.1004,2.3657,0.1937,4.4457,110.4425,1.4486,2.7786,0.0854
22-Jan-26,4.045,5.4334,4.7282,2.551,5.0881,2.7528,2.9262,3.1506,51.8846,12.8863,6.8327,12.7978,0.2754,0.0239,107.8667,5.5317,0.581,3.1506,0.0154,0.1001,2.3714,0.1932,4.4192,110.14,1.4449,2.7618,0.0854
23-Jan-26,4.013,5.4137,4.7127,2.5297,5.0769,2.7461,2.909,3.136,51.4606,12.8581,6.7944,12.7163,0.2734,0.0238,107.0133,5.4836,0.5763,3.136,0.0153,0.0993,2.3709,0.1917,4.3868,109.2687,1.4332,2.7418,0.0853
26-Jan-26,3.9695,5.4225,4.7088,2.5742,5.1081,2.7439,2.9003,3.1267,50.9345,12.785,6.7297,12.6361,0.2754,0.0237,105.8576,5.4242,0.5707,3.1267,0.0152,0.0982,2.3658,0.1896,4.332,108.0724,1.4187,2.6983,0.0844
27-Jan-26,3.9575,5.4152,4.7013,2.5629,5.093,2.737,2.8835,3.1176,50.7499,12.7116,6.6987,12.5803,0.2733,0.0235,105.5362,5.4078,0.5688,3.1176,0.0151,0.098,2.3616,0.189,4.3109,107.7604,1.4129,2.6936,0.0841
28-Jan-26,3.9205,5.4105,4.7036,2.5672,5.1202,2.7406,2.8826,3.1088,50.2554,12.6447,6.6602,12.544,0.2745,0.0234,104.5495,5.4077,0.5644,3.1088,0.015,0.0971,2.359,0.1873,4.2783,106.75,1.4014,2.6734,0.0834
29-Jan-26,3.933,5.4405,4.7145,2.5718,5.1385,2.7842,2.9088,3.1166,50.4066,12.6585,6.685,12.5763,0.2758,0.0234,104.8716,5.4408,0.5661,3.1166,0.0151,0.0974,2.3922,0.1878,4.2786,107.0787,1.4019,2.6742,0.084
30-Jan-26,3.941,5.4201,4.6981,2.5598,5.1268,2.7575,2.9148,3.1105,50.4784,12.561,6.6873,12.5526,0.2744,0.0235,105.0793,5.4473,0.5671,3.1105,0.0152,0.0976,2.3825,0.1882,4.2874,107.3082,1.4075,2.68,0.0842
3-Feb-26,3.943,5.396,4.6565,2.5361,5.0649,2.769,2.8871,3.1041,50.473,12.5334,6.696,12.4869,0.2722,0.0235,105.1411,5.4323,0.5682,3.1041,0.0151,0.0975,2.379,0.1883,4.3624,107.3626,1.4095,2.6928,0.0837
4-Feb-26,3.9275,5.3824,4.6453,2.5125,5.0648,2.7575,2.8784,3.09,50.2559,12.4485,6.6608,12.4375,0.2708,0.0234,104.7264,5.3962,0.5661,3.09,0.0151,0.0971,2.3691,0.1876,4.3421,106.9406,1.4031,2.7134,0.0836
5-Feb-26,3.949,5.3805,4.6557,2.5183,5.0752,2.7505,2.8854,3.099,50.5754,12.4065,6.7113,12.4653,0.2696,0.0235,105.3039,5.4288,0.5686,3.099,0.0152,0.0974,2.3629,0.1886,4.3674,107.526,1.4104,2.7297,0.0842
6-Feb-26,3.9545,5.3572,4.6612,2.523,5.0872,2.7448,2.8861,3.1035,50.6225,12.4787,6.7503,12.4905,0.2689,0.0234,105.4505,5.428,0.5698,3.1035,0.0152,0.0976,2.3585,0.1889,4.3828,107.6758,1.4138,2.7392,0.0844
9-Feb-26,3.936,5.3526,4.6518,2.509,5.0718,2.7639,2.8807,3.0959,50.3715,12.5912,6.7321,12.4352,0.2682,0.0233,104.9544,5.4034,0.5677,3.0959,0.0152,0.0973,2.3669,0.188,4.3501,107.1604,1.4063,2.7188,0.0839
10-Feb-26,3.9245,5.3707,4.6749,2.5265,5.121,2.7766,2.8959,3.1027,50.2092,12.6058,6.7128,12.4394,0.2693,0.0234,104.6422,5.404,0.5679,3.1027,0.0152,0.0971,2.3702,0.1874,4.3263,106.8589,1.4034,2.7038,0.0838
11-Feb-26,3.926,5.3651,4.6765,2.5565,5.1227,2.7975,2.9038,3.108,50.2329,12.6218,6.7176,12.4845,0.2698,0.0234,104.6682,5.4151,0.568,3.108,0.0151,0.0971,2.3805,0.1875,4.3394,106.8998,1.4036,2.7123,0.0839
12-Feb-26,3.907,5.3258,4.6374,2.5609,5.0684,2.7857,2.8786,3.0964,49.9856,12.5829,6.7195,12.449,0.2707,0.0232,104.1783,5.3944,0.5661,3.0964,0.0151,0.0967,2.3657,0.1866,4.3172,106.3824,1.3921,2.6983,0.0835
13-Feb-26,3.9005,5.3105,4.6287,2.5501,5.0669,2.7631,2.8643,3.0883,49.905,12.5519,6.7267,12.4125,0.2704,0.0232,104.005,5.3822,0.5647,3.0883,0.015,0.0967,2.3528,0.1863,4.3019,106.2054,1.3948,2.6887,0.0833
16-Feb-26,3.8995,5.3197,4.6277,2.5475,5.0768,2.7624,2.8646,3.0908,49.8992,12.5738,6.7293,12.4457,0.2709,0.0232,103.9784,5.3746,0.5644,3.0908,0.015,0.0966,2.3516,0.1862,4.3006,106.1782,1.3947,2.6879,0.0835
19-Feb-26,3.916,5.2831,4.6174,2.5242,5.067,2.7663,2.8589,3.0891,50.1107,12.5292,6.7527,12.4089,0.27,0.0231,104.4155,5.3942,0.5668,3.0891,0.0151,0.0971,2.3396,0.187,4.3016,106.6275,1.4006,2.6993,0.0835
20-Feb-26,3.91,5.2558,4.597,2.5202,5.0396,2.7487,2.8556,3.0804,50.0384,12.514,6.7253,12.4218,0.2698,0.0232,104.2486,5.3713,0.566,3.0804,0.0151,0.0969,2.3251,0.1867,4.2987,106.4641,1.3841,2.6868,0.0823
23-Feb-26,3.891,5.2599,4.6003,2.5226,5.0395,2.7511,2.8465,3.077,49.7809,12.5536,6.733,12.3771,0.2695,0.0232,103.7254,5.342,0.5632,3.077,0.015,0.0966,2.3288,0.1858,4.2881,105.9496,1.3919,2.68,0.0815
24-Feb-26,3.8985,5.2585,4.5907,2.5132,5.0238,2.7545,2.8445,3.0761,49.8405,12.5334,6.7484,12.3975,0.2696,0.0232,103.9157,5.3571,0.5653,3.0761,0.0149,0.0968,2.3243,0.1862,4.2867,106.138,1.3937,2.6792,0.0816
25-Feb-26,3.8935,5.2619,4.5906,2.4977,5.0365,2.7648,2.8444,3.077,49.774,12.5496,6.7587,12.4373,0.2713,0.0232,103.7879,5.3486,0.5666,3.077,0.0149,0.0967,2.3264,0.186,4.2844,106.0148,1.3928,2.6771,0.0815
26-Feb-26,3.8875,5.2699,4.5939,2.493,5.0346,2.7691,2.8432,3.0774,49.705,12.5081,6.7542,12.4456,0.2728,0.0232,103.639,5.339,0.5686,3.0774,0.0149,0.0966,2.3331,0.1857,4.2794,105.8515,1.3847,2.6746,0.081
27-Feb-26,3.8845,5.2408,4.5853,2.4937,5.0246,2.7652,2.8414,3.074,49.6438,12.5185,6.7466,12.4113,0.2708,0.0232,103.5756,5.3436,0.5666,3.074,0.0149,0.0965,2.3262,0.1855,4.2705,105.7698,1.3896,2.6691,0.081
2-Mar-26,3.905,5.2512,4.6034,2.498,5.083,2.7765,2.8617,3.0817,49.9156,12.48,6.7226,12.4071,0.2687,0.0232,104.1181,5.3685,0.5685,3.0817,0.0149,0.097,2.3369,0.1865,4.2785,106.3294,1.3978,2.6747,0.0801
3-Mar-26,3.9255,5.2602,4.5889,2.4958,5.0317,2.7906,2.8721,3.0846,50.2159,12.4847,6.7322,12.4209,0.2682,0.0233,104.5963,5.3802,0.5704,3.0846,0.015,0.0973,2.3337,0.1875,4.2779,106.8876,1.4042,2.6821,0.0798
4-Mar-26,3.9475,5.2654,4.5825,2.5079,5.056,2.7662,2.8855,3.0899,50.5167,12.4704,6.7369,12.4256,0.2676,0.0234,105.1825,5.382,0.5707,3.0899,0.0151,0.0981,2.3292,0.1885,4.2825,107.4735,1.413,2.677,0.0791
5-Mar-26,3.9445,5.2626,4.5809,2.5125,5.0564,2.7821,2.8889,3.09,50.448,12.4925,6.7323,12.4362,0.2689,0.0234,105.0802,5.3884,0.5725,3.09,0.015,0.0978,2.3387,0.1884,4.3078,107.402,1.412,2.6927,0.0786
6-Mar-26,3.9485,5.2797,4.5882,2.5071,5.0602,2.7795,2.891,3.0904,50.4691,12.448,6.7003,12.4574,0.2684,0.0233,105.2022,5.3896,0.5722,3.0904,0.015,0.0981,2.3338,0.1886,4.3099,107.5007,1.4052,2.6937,0.0788
9-Mar-26,3.9695,5.2777,4.5717,2.4987,5.081,2.7753,2.9276,3.0931,50.8041,12.3468,6.6557,12.4198,0.2654,0.0234,105.7631,5.4069,0.5735,3.0931,0.0151,0.0985,2.3297,0.1896,4.3,108.0724,1.4206,2.6875,0.0761
10-Mar-26,3.936,5.2807,4.5693,2.4929,5.0591,2.7784,2.8948,3.0844,50.3148,12.3774,6.636,12.3669,0.2663,0.0233,104.8398,5.3598,0.5715,3.0844,0.015,0.0977,2.3268,0.188,4.2729,107.175,1.4,2.6712,0.0746
11-Mar-26,3.923,5.2774,4.5628,2.4798,5.0473,2.8144,2.8935,3.0861,50.1243,12.4283,6.6677,12.3602,0.2675,0.0233,104.5297,5.3627,0.5715,3.0862,0.0149,0.0974,2.3314,0.1874,4.2688,106.8195,1.3953,2.6678,0.0755
12-Mar-26,3.9305,5.2557,4.535,2.4715,5.0259,2.8052,2.8923,3.0798,50.2291,12.3175,6.5965,12.336,0.2655,0.0233,104.7407,5.3651,0.5713,3.0798,0.015,0.0976,2.3216,0.1877,4.2585,107.0208,1.4063,2.6616,0.0758
13-Mar-26,3.931,5.2465,4.5242,2.4667,4.9978,2.7794,2.8823,3.0737,50.2159,12.2204,6.6043,12.299,0.2639,0.0232,104.754,5.3592,0.5709,3.0737,0.015,0.0976,2.2979,0.1878,4.2585,107.0199,1.4075,2.6614,0.0751
16-Mar-26,3.9335,5.2164,4.5041,2.4661,4.9838,2.7576,2.8687,3.0703,50.2433,12.1273,6.5705,12.2554,0.2631,0.0232,104.8235,5.3415,0.5701,3.0703,0.015,0.0976,2.2854,0.1879,4.2542,107.0923,1.4084,2.6588,0.0749
17-Mar-26,3.9225,5.2179,4.5077,2.4616,4.9737,2.7714,2.8658,3.0672,50.0686,12.096,6.5629,12.2916,0.263,0.0231,104.5303,5.3293,0.5698,3.0672,0.0149,0.0973,2.2921,0.1873,4.244,106.803,1.4044,2.6525,0.0749
18-Mar-26,3.911,5.2247,4.5117,2.4608,4.9799,2.7815,2.8551,3.0636,49.8957,12.0943,6.5622,12.2733,0.2631,0.023,104.1545,5.3197,0.5684,3.0636,0.0149,0.0972,2.2917,0.1868,4.2319,106.4899,1.4005,2.6445,0.0749
19-Mar-26,3.9385,5.2309,4.5192,2.4672,4.9719,2.7751,2.8692,3.0707,50.244,12.0186,6.5585,12.3136,0.2626,0.0232,104.9092,5.3654,0.5709,3.0707,0.015,0.0978,2.292,0.1881,4.2285,107.2387,1.4098,2.6573,0.0754
24-Mar-26,3.947,5.2884,4.5718,2.4865,5.006,2.7503,2.8695,3.0858,50.3759,12.0907,6.5689,12.3298,0.2631,0.0232,105.1342,5.3759,0.5726,3.0858,0.015,0.0979,2.3021,0.1885,4.2107,107.4555,1.4134,2.6317,0.0754
25-Mar-26,3.9555,5.3,4.59,2.4908,5.0114,2.7594,2.8725,3.0931,50.5311,12.0945,6.5956,12.3853,0.2642,0.0234,105.3732,5.3946,0.5739,3.0931,0.015,0.0982,2.3035,0.1889,4.2118,107.7045,1.4174,2.6321,0.0752
26-Mar-26,3.9945,5.3387,4.6212,2.5051,5.0452,2.7766,2.8903,3.1157,51.0874,12.1914,6.6357,12.5082,0.2653,0.0236,106.4746,5.4504,0.5787,3.1156,0.0152,0.0993,2.3194,0.1908,4.245,108.7635,1.4315,2.6564,0.076
27-Mar-26,4.0075,5.3464,4.6243,2.5107,5.0377,2.7672,2.8924,3.1178,51.1771,12.2096,6.6411,12.5399,0.266,0.0236,106.8211,5.4494,0.5796,3.1178,0.0152,0.0995,2.3129,0.1914,4.2513,109.1174,1.4351,2.6572,0.076
30-Mar-26,4.0215,5.3373,4.6312,2.5169,5.0351,2.7624,2.8947,3.1231,51.3428,12.2625,6.6267,12.5656,0.2658,0.0237,107.1743,5.4639,0.5821,3.1231,0.0153,0.0998,2.3073,0.1921,4.2823,109.4986,1.4404,2.6765,0.0752
31-Mar-26,4.0375,5.3297,4.631,2.5278,5.0545,2.7653,2.8981,3.1267,51.5142,12.2655,6.6508,12.5451,0.2633,0.0238,107.5892,5.4821,0.5844,3.1267,0.0153,0.1005,2.308,0.1928,4.2838,109.9373,1.4461,2.6609,0.0742
1-Apr-26,4.035,5.3397,4.6649,2.5397,5.0551,2.7858,2.9006,3.1376,51.4787,12.3319,6.6776,12.635,0.2672,0.0237,107.5255,5.473,0.586,3.1376,0.0153,0.1004,2.3131,0.1927,4.3069,109.8692,1.4456,2.6592,0.074
2-Apr-26,4.0315,5.3363,4.6526,2.5297,5.0514,2.7753,2.8984,3.1319,51.4376,12.3156,6.6512,12.602,0.2646,0.0237,107.4179,5.4991,0.5855,3.1318,0.0153,0.1004,2.3036,0.1926,4.3212,109.7739,1.4339,2.6569,0.0753
3-Apr-26,4.034,5.3368,4.6538,2.5278,5.0507,2.7863,2.8969,3.1376,51.4662,12.3364,6.7005,12.622,0.2673,0.0237,107.4659,5.4805,0.5862,3.1376,0.0153,0.1004,2.3032,0.1927,4.3492,109.839,1.4456,2.6586,0.0744
6-Apr-26,4.032,5.3253,4.6445,2.5259,5.0353,2.7833,2.8925,3.1332,51.444,12.3341,6.6568,12.5882,0.2673,0.0237,107.384,5.4811,0.5858,3.1332,0.0153,0.1003,2.2976,0.1926,4.3402,109.7696,1.4449,2.7126,0.074
7-Apr-26,4.037,5.3391,4.6565,2.5257,5.05,2.7904,2.9,3.1399,51.5078,12.3607,6.7084,12.6263,0.2678,0.0236,107.5157,5.4939,0.5869,3.1399,0.0153,0.1003,2.3005,0.1928,4.342,109.9057,1.4467,2.7138,0.0742
8-Apr-26,3.99,5.3464,4.6567,2.5184,5.0487,2.8141,2.8831,3.1289,50.9354,12.4338,6.701,12.561,0.2703,0.0234,106.2555,5.4321,0.584,3.1289,0.0152,0.0991,2.3234,0.1906,4.3085,108.6409,1.4299,2.6929,0.073
9-Apr-26,3.983,5.3358,4.6454,2.5091,5.0338,2.8044,2.8759,3.1244,50.8366,12.4255,6.6756,12.5157,0.2688,0.0233,106.1369,5.4556,0.5827,3.1242,0.0151,0.099,2.3231,0.1902,4.3,108.4503,1.4167,2.6879,0.0748
10-Apr-26,3.969,5.3284,4.6419,2.494,5.0218,2.8061,2.8712,3.115,50.6518,12.3414,6.6452,12.5004,0.2682,0.0232,105.761,5.4301,0.581,3.115,0.0151,0.0986,2.3225,0.1896,4.2929,108.0559,1.4225,2.6827,0.0748
13-Apr-26,3.975,5.3283,4.646,2.4893,5.0205,2.7978,2.8679,3.1151,50.7504,12.3294,6.5826,12.5083,0.2671,0.0232,105.9223,5.4463,0.5817,3.1151,0.0151,0.0989,2.3156,0.1899,4.2577,108.234,1.4138,2.6606,0.0748
14-Apr-26,3.956,5.3473,4.655,2.4866,5.0517,2.8026,2.8701,3.1071,50.5091,12.3432,6.6051,12.4984,0.2667,0.0231,105.4118,5.4162,0.5803,3.1071,0.015,0.0983,2.3206,0.1889,4.2397,107.7152,1.4178,2.6477,0.0744
15-Apr-26,3.95,5.3584,4.6559,2.4844,5.0554,2.8165,2.8673,3.1073,50.3971,12.3418,6.5856,12.5008,0.2682,0.023,105.2688,5.4306,0.5794,3.1073,0.015,0.0982,2.3311,0.1887,4.2416,107.5532,1.4159,2.6499,0.0754
16-Apr-26,3.95,5.3647,4.6661,2.4894,5.0612,2.8408,2.8797,3.1116,50.4351,12.3757,6.6001,12.5266,0.2686,0.0231,105.2842,5.4264,0.5794,3.1116,0.015,0.0981,2.3378,0.1887,4.2351,107.5386,1.4049,2.647,0.076
17-Apr-26,3.956,5.3507,4.6614,2.482,5.0501,2.8345,2.8888,3.1086,50.5298,12.3442,6.5953,12.5289,0.2673,0.023,105.4554,5.4348,0.5796,3.1086,0.015,0.0983,2.3281,0.1889,4.259,107.702,1.4182,2.6619,0.0764
20-Apr-26,3.9545,5.3409,4.6505,2.4889,5.055,2.8291,2.8876,3.1093,50.4864,12.3097,6.5901,12.5584,0.2682,0.023,105.4196,5.4333,0.5799,3.1093,0.015,0.0985,2.3249,0.1889,4.2631,107.6611,1.4176,2.6638,0.0764
21-Apr-26,3.956,5.3475,4.6584,2.4883,5.076,2.8353,2.8985,3.1115,50.5172,12.3355,6.5985,12.5759,0.2688,0.0231,105.468,5.4331,0.5804,3.1115,0.015,0.0984,2.336,0.1889,4.2394,107.7019,1.4184,2.6496,0.0761
22-Apr-26,3.9565,5.344,4.6441,2.4822,5.0669,2.8309,2.8962,3.1064,50.5226,12.293,6.5812,12.5679,0.2674,0.023,105.4926,5.4313,0.5798,3.1064,0.015,0.0984,2.3365,0.189,4.219,107.7141,1.4186,2.6369,0.0765
23-Apr-26,3.9655,5.3477,4.638,2.4855,5.0468,2.8318,2.8996,3.1054,50.6314,12.2449,6.5508,12.5646,0.2674,0.0229,105.7312,5.4413,0.5804,3.1054,0.0151,0.0987,2.3315,0.1894,4.2127,107.9753,1.4222,2.633,0.0762
24-Apr-26,3.972,5.3463,4.6385,2.4858,5.047,2.8279,2.8971,3.1057,50.6972,12.2197,6.5356,12.6011,0.2678,0.023,105.896,5.4373,0.581,3.1057,0.0151,0.0987,2.3212,0.1897,4.2143,108.1508,1.4239,2.6338,0.0755
27-Apr-26,3.9525,5.3535,4.6363,2.4823,5.0373,2.8355,2.8929,3.1012,50.4403,12.2312,6.5173,12.5832,0.2688,0.0229,105.3775,5.414,0.5788,3.1012,0.015,0.0982,2.3288,0.1888,4.193,107.6052,1.4169,2.6206,0.075
28-Apr-26,3.9475,5.3418,4.6239,2.4815,5.0188,2.8363,2.8958,3.0972,50.3774,12.1724,6.4776,12.5107,0.2681,0.0229,105.247,5.4183,0.5781,3.0972,0.015,0.0981,2.3296,0.1885,4.1797,107.4705,1.4158,2.6123,0.0751
29-Apr-26,3.9505,5.3377,4.6245,2.475,5.0073,2.8292,2.8864,3.0939,50.4093,12.1135,6.4168,12.5143,0.2675,0.0228,105.327,5.4096,0.5779,3.0939,0.015,0.0982,2.3152,0.1887,4.1687,107.5669,1.4168,2.6054,0.0748
30-Apr-26,3.9705,5.3504,4.632,2.475,5.0171,2.8294,2.9026,3.0993,50.6726,12.1089,6.4591,12.5351,0.2675,0.0229,105.8659,5.4397,0.5806,3.0993,0.0151,0.0987,2.3168,0.1896,4.171,108.1085,1.424,2.6069,0.0749
4-May-26,3.956,5.3794,4.6436,2.5325,5.0698,2.8539,2.9119,3.1085,50.4972,12.1911,6.4296,12.5146,0.2691,0.0228,105.4779,5.4351,0.5794,3.1085,0.015,0.0982,2.3439,0.1889,4.1706,107.7152,1.4188,2.6066,0.0739
5-May-26,3.965,5.3613,4.6327,2.5212,5.0561,2.8364,2.9101,3.104,50.6021,12.0995,6.4288,12.5423,0.2687,0.0228,105.7108,5.4372,0.5805,3.104,0.0151,0.0984,2.3253,0.1894,4.1574,107.9587,1.422,2.5984,0.0741
6-May-26,3.9535,5.3629,4.6327,2.5058,5.0579,2.8592,2.9069,3.1036,50.4543,12.1665,6.442,12.5301,0.2711,0.0227,105.3564,5.4191,0.5798,3.1036,0.015,0.0982,2.3442,0.1888,4.1591,107.6427,1.4179,2.5994,0.0737
7-May-26,3.908,5.3118,4.5913,2.4983,5.0151,2.8302,2.8651,3.0821,49.8975,12.0804,6.4308,12.4578,0.2688,0.0225,104.1744,5.3811,0.5742,3.0821,0.0149,0.097,2.3282,0.1867,4.1252,106.4053,1.4016,2.5783,0.0742
8-May-26,3.9195,5.3127,4.5968,2.499,5.0215,2.8281,2.8695,3.0887,50.0767,12.1582,6.4823,12.4857,0.2675,0.0225,104.4949,5.3928,0.576,3.0887,0.0149,0.0973,2.3284,0.1872,4.151,106.7184,1.4069,2.5944,0.0743
11-May-26,3.9285,5.3386,4.6185,2.4997,5.0427,2.8399,2.8698,3.0949,50.1753,12.1063,6.453,12.5127,0.2666,0.0226,104.7195,5.403,0.578,3.0949,0.0149,0.0975,2.3357,0.1876,4.1396,106.9533,1.4098,2.5873,0.0747
12-May-26,3.935,5.3449,4.6262,2.4966,5.0455,2.8446,2.8735,3.096,50.2622,12.1695,6.4052,12.5163,0.2648,0.0225,104.883,5.412,0.5792,3.096,0.0149,0.0977,2.3427,0.1879,4.1171,107.1317,1.4124,2.5732,0.0745
13-May-26,3.9275,5.3171,4.6089,2.4908,5.0324,2.8417,2.8688,3.0879,50.1702,12.15,6.3881,12.4568,0.2627,0.0224,104.6719,5.395,0.5782,3.0863,0.0149,0.0976,2.3351,0.1876,4.1092,106.9362,1.4097,2.5683,0.0742
14-May-26,3.9295,5.3154,4.6022,2.4874,5.0259,2.8497,2.8664,3.0866,50.1765,12.1431,6.386,12.4647,0.2632,0.0225,104.7308,5.3925,0.579,3.0866,0.0149,0.0975,2.329,0.1877,4.1034,106.9907,1.4104,2.5646,0.0743
15-May-26,3.9445,5.2762,4.5961,2.4887,5.0239,2.8375,2.8707,3.0885,50.369,12.1388,6.3984,12.5036,0.2635,0.0226,105.1138,5.413,0.5804,3.0885,0.015,0.0979,2.3209,0.1884,4.113,107.3918,1.4158,2.5706,0.0746
18-May-26,3.9775,5.2954,4.6227,2.5009,5.055,2.8375,2.8922,3.1045,50.8011,12.1608,6.4458,12.5636,0.2644,0.0225,105.9918,5.4424,0.5836,3.1045,0.0151,0.0987,2.3229,0.19,4.1354,108.302,1.4277,2.5846,0.0746
19-May-26,3.9745,5.3312,4.6269,2.5004,5.0582,2.8368,2.8913,3.1052,50.7534,12.1861,6.4405,12.566,0.2641,0.0224,105.9076,5.4329,0.5843,3.1052,0.0151,0.0986,2.3271,0.1898,4.1232,108.2174,1.4266,2.577,0.0745
20-May-26,3.978,5.3303,4.6153,2.5039,5.0383,2.8256,2.8919,3.1042,50.7874,12.1633,6.4481,12.5644,0.2636,0.0225,106.0093,5.4378,0.5841,3.1042,0.0151,0.0985,2.3208,0.19,4.1049,108.3127,1.4149,2.5656,0.0749
21-May-26,3.969,5.329,4.6116,2.4967,5.0413,2.8255,2.8837,3.1022,50.6744,12.1562,6.4418,12.5609,0.2638,0.0225,105.7695,5.4226,0.5835,3.1022,0.0151,0.0982,2.3256,0.1896,4.1183,108.0662,1.4249,2.574,0.0743
22-May-26,3.964,5.3221,4.603,2.4925,5.0385,2.8303,2.8742,3.0997,50.5896,12.1353,6.4304,12.5722,0.2617,0.0224,105.6278,5.4176,0.583,3.0997,0.015,0.0981,2.3277,0.1893,4.1179,107.9315,1.4099,2.5738,0.0749
25-May-26,3.9555,5.3298,4.603,2.4895,5.0566,2.8327,2.8644,3.0968,50.4863,12.1895,6.4368,12.6044,0.2618,0.0223,105.4069,5.4049,0.5833,3.0968,0.015,0.0982,2.3219,0.1889,4.146,107.6942,1.4069,2.5912,0.0757
26-May-26,3.966,5.3495,4.6146,2.4953,5.0651,2.844,2.8725,3.1056,50.6187,12.1731,6.4375,12.5941,0.2632,0.0223,105.6924,5.4193,0.5845,3.1056,0.0151,0.098,2.3225,0.1894,4.1572,107.9742,1.4244,2.5983,0.0759
28-May-26,3.982,5.3233,4.6139,2.4947,5.0415,2.828,2.871,3.1091,50.8456,12.1486,6.4543,12.661,0.2639,0.0224,106.1131,5.4489,0.5867,3.1091,0.0151,0.0985,2.3388,0.1902,4.1609,108.4216,1.4295,2.6007,0.0763
29-May-26,3.9655,5.3269,4.6149,2.4884,5.0548,2.8373,2.8757,3.1046,50.6143,12.1604,6.4434,12.6298,0.2638,0.0222,105.6706,5.4196,0.5857,3.1046,0.0151,0.0984,2.3599,0.1894,4.1493,107.9709,1.4236,2.5934,0.0759
3-Jun-26,3.9825,5.3616,4.6305,2.4909,5.0527,2.8562,2.8759,3.1118,50.8212,12.1826,6.4576,12.6682,0.2622,0.0222,106.1095,5.4523,0.5885,3.1118,0.0151,0.0985,2.3582,0.1902,4.1664,108.4352,1.4297,2.604,0.0768
4-Jun-26,4.0155,5.39,4.6602,2.5102,5.0765,2.8622,2.8887,3.1284,51.2459,12.2789,6.5224,12.7484,0.2625,0.0223,106.9688,5.4916,0.5925,3.1284,0.0152,0.0993,2.3573,0.1918,4.195,109.3337,1.4282,2.6219,0.0773
5-Jun-26,4.036,5.4191,4.6876,2.5232,5.1137,2.8744,2.9026,3.1399,51.5249,12.3501,6.5632,12.7973,0.2612,0.0224,107.5005,5.5213,0.5957,3.1399,0.0153,0.0998,2.3655,0.1928,4.2192,109.8949,1.4484,2.637,0.0779
8-Jun-26,4.0705,5.4305,4.6941,2.5387,5.1082,2.8697,2.9188,3.1541,51.9531,12.3846,6.5939,12.8573,0.2628,0.0224,108.4094,5.5715,0.6,3.1541,0.0155,0.1006,2.3625,0.1944,4.2708,110.8283,1.4613,2.6693,0.0786
9-Jun-26,4.064,5.4252,4.689,2.536,5.0956,2.8631,2.9137,3.1568,51.8642,12.3601,6.5994,12.8877,0.2675,0.0223,108.2377,5.5386,0.5995,3.1568,0.0154,0.1005,2.3648,0.1941,4.2495,110.6573,1.4603,2.6559,0.0779
10-Jun-26,4.063,5.44,4.693,2.5337,5.0861,2.8551,2.9134,3.1563,51.8445,12.3477,6.6102,12.845,0.2666,0.0226,108.2038,5.5464,0.5997,3.1563,0.0154,0.1005,2.3655,0.1941,4.2575,110.615,1.4599,2.6609,0.0786
11-Jun-26,4.0675,5.4419,4.6961,2.534,5.093,2.8481,2.9182,3.16,51.9072,12.352,6.6392,12.8244,0.2665,0.0226,108.3598,5.5489,0.6004,3.16,0.0155,0.1006,2.3577,0.1943,4.2554,110.7466,1.462,2.6596,0.0785
12-Jun-26,4.0585,5.4445,4.6967,2.5328,5.1005,2.857,2.9046,3.1597,51.7953,12.3669,6.6746,12.8405,0.2669,0.0227,108.1114,5.5324,0.6001,3.1597,0.0154,0.1004,2.3637,0.1938,4.2626,110.5045,1.4583,2.6641,0.0781
15-Jun-26,4.048,5.4415,4.6973,2.5291,5.0992,2.8664,2.8985,3.1582,51.6626,12.4286,6.6816,12.8479,0.2677,0.0229,107.8676,5.5285,0.599,3.1582,0.0154,0.1003,2.3689,0.1933,4.2788,110.2156,1.4545,2.6742,0.0792
16-Jun-26,4.0625,5.4452,4.7072,2.5357,5.1097,2.8689,2.902,3.1668,51.8666,12.4751,6.735,12.8695,0.2684,0.023,108.2612,5.5551,0.6009,3.1668,0.0155,0.1007,2.3609,0.194,4.2951,110.6134,1.4598,2.6844,0.0806
18-Jun-26,4.091,5.448,4.7141,2.5476,5.1224,2.8801,2.9014,3.1793,52.2031,12.5395,6.757,12.9626,0.2691,0.0229,109.0061,5.591,0.605,3.1793,0.0155,0.1012,2.3718,0.1954,4.3234,111.3864,1.4701,2.7021,0.082
19-Jun-26,4.137,5.4555,4.7338,2.564,5.1264,2.8951,2.9234,3.2014,52.7844,12.5764,6.8118,13.0703,0.2689,0.0232,110.223,5.6238,0.6111,3.2014,0.0157,0.1024,2.373,0.1976,4.3876,112.645,1.4871,2.7423,0.0829
22-Jun-26,4.153,5.4874,4.7579,2.5701,5.1376,2.909,2.9274,3.2129,52.9787,12.6116,6.8066,13.1146,0.2699,0.0233,110.6449,5.6455,0.6127,3.2129,0.0158,0.1028,2.3784,0.1984,4.4025,113.0776,1.4928,2.7516,0.0833
23-Jun-26,4.1405,5.4857,4.7326,2.5629,5.1209,2.8886,2.9229,3.2009,52.8165,12.5413,6.7565,13.0884,0.2698,0.0232,110.2839,5.6256,0.6109,3.2009,0.0157,0.1025,2.3613,0.1978,4.3719,112.7403,1.4878,2.7325,0.0831
24-Jun-26,4.1405,5.4653,4.7067,2.5629,5.1102,2.8598,2.9129,3.1915,52.8041,12.4004,6.7406,13.0348,0.2693,0.0231,110.2928,5.6164,0.609,3.1915,0.0157,0.1029,2.341,0.1978,4.3645,112.7372,1.4878,2.7278,0.0833
25-Jun-26,4.1115,5.42,4.6748,2.5423,5.0712,2.8357,2.8894,3.1709,52.4449,12.3117,6.709,12.924,0.2659,0.0229,109.5115,5.5623,0.6043,3.1709,0.0156,0.1017,2.3205,0.1964,4.3607,111.9476,1.4774,2.7255,0.0829
26-Jun-26,4.1015,5.4136,4.6642,2.5372,5.067,2.827,2.8896,3.1636,52.3037,12.2726,6.693,12.8776,0.2648,0.0228,109.2306,5.5506,0.6029,3.1636,0.0156,0.1021,2.3137,0.1959,4.3448,111.6784,1.4738,2.7155,0.0828
29-Jun-26,4.0655,5.3659,4.6278,2.5127,5.0188,2.8005,2.8647,3.1408,51.8417,12.1868,6.6374,12.7517,0.2631,0.0228,108.256,5.5134,0.598,3.1408,0.0155,0.1007,2.2942,0.1942,4.3102,110.6951,1.4613,2.6939,0.0823
30-Jun-26,4.07,5.386,4.6394,2.5096,5.03,2.7957,2.8598,3.1446,51.8944,12.2332,6.6383,12.7722,0.2627,0.0227,108.3802,5.5198,0.5992,3.1446,0.0155,0.1007,2.2985,0.1944,4.3044,110.8177,1.464,2.6902,0.0827
1-Jul-26,4.093,5.4173,4.6677,2.5141,5.0565,2.8207,2.8788,3.1571,52.181,12.2913,6.6477,12.8436,0.2629,0.0228,108.9375,5.5505,0.6025,3.1571,0.0156,0.1012,2.3205,0.1955,4.3212,111.4439,1.472,2.7008,0.0831
2-Jul-26,4.085,5.4277,4.6498,2.5145,5.0504,2.8158,2.8732,3.1544,52.0803,12.2663,6.6313,12.8105,0.2631,0.0227,108.7825,5.5383,0.602,3.1544,0.0155,0.101,2.3182,0.1951,4.3012,111.2261,1.4681,2.6883,0.0832
3-Jul-26,4.069,5.4368,4.6555,2.5246,5.0682,2.8219,2.8713,3.1502,51.8817,12.2616,6.6228,12.7311,0.2635,0.0227,108.3708,5.5242,0.6,3.1502,0.0155,0.1005,2.3232,0.1943,4.2719,110.7904,1.4634,2.6699,0.0829
6-Jul-26,4.077,5.4397,4.6608,2.5191,5.0681,2.8239,2.869,3.1542,51.983,12.2709,6.6254,12.699,0.2659,0.0227,108.5883,5.5351,0.6006,3.1542,0.0155,0.101,2.3188,0.1947,4.2793,111.0113,1.4664,2.6746,0.0834
7-Jul-26,4.0745,5.4558,4.66,2.5171,5.058,2.8304,2.8659,3.1538,51.9501,12.2275,6.6352,12.6995,0.2676,0.0226,108.5029,5.5311,0.5998,3.1538,0.0155,0.1013,2.3223,0.1946,4.273,110.9402,1.4638,2.6706,0.0834
8-Jul-26,4.0775,5.4453,4.6545,2.5116,5.0436,2.8302,2.8722,3.1543,51.9967,12.2108,6.6269,12.7279,0.27,0.0226,108.6045,5.5394,0.5999,3.1543,0.0155,0.1007,2.3258,0.1947,4.2859,111.0249,1.4657,2.6787,0.0835
9-Jul-26,4.08,5.4656,4.6622,2.5115,5.0545,2.8293,2.88,3.1552,52.0491,12.1882,6.6262,12.7043,0.2709,0.0226,108.6653,5.536,0.6001,3.1552,0.0155,0.1007,2.3352,0.1949,4.2717,111.0899,1.4666,2.6698,0.0822
10-Jul-26,4.0675,5.4663,4.6569,2.5182,5.0597,2.8314,2.875,3.1518,51.8943,12.2037,6.611,12.6698,0.2695,0.0225,108.3453,5.5231,0.5999,3.1518,0.0155,0.1003,2.352,0.1943,4.2677,110.7496,1.4621,2.6673,0.082
13-Jul-26,4.081,5.4598,4.6519,2.518,5.0392,2.8281,2.8818,3.1533,52.0622,12.2277,6.6236,12.7328,0.2707,0.0225,108.6948,5.5481,0.6015,3.1533,0.0155,0.1007,2.35,0.1949,4.2633,111.1172,1.4672,2.6645,0.0818
14-Jul-26,4.078,5.4484,4.6465,2.5128,5.0126,2.8263,2.8857,3.1528,52.0243,12.1713,6.6143,12.6807,0.2741,0.0225,108.6048,5.5422,0.6013,3.1528,0.0155,0.1006,2.3616,0.1948,4.2415,111.0355,1.4666,2.651,0.0812
15-Jul-26,4.0705,5.4561,4.6558,2.5104,5.0306,2.8443,2.8979,3.1549,51.9369,12.1517,6.6017,12.6511,0.2729,0.0225,108.3733,5.524,0.6014,3.1551,0.0155,0.1004,2.3672,0.1944,4.2355,110.8313,1.4639,2.6471,0.0803
16-Jul-26,4.0725,5.5115,4.6699,2.5125,5.0537,2.8512,2.8992,3.1609,51.9587,12.1232,6.6051,12.668,0.2746,0.0226,108.4554,5.5313,0.6019,3.1609,0.0155,0.1004,2.3832,0.1945,4.2279,110.8887,1.4647,2.6424,0.0805
17-Jul-26,4.08,5.4935,4.6671,2.5124,5.0436,2.8489,2.9067,3.1618,52.0355,12.1411,6.6241,12.6245,0.2755,0.0227,108.6392,5.5531,0.6022,3.1618,0.0155,0.1006,2.3829,0.1949,4.237,111.093,1.4674,2.6481,0.0809
20-Jul-26,4.089,5.5042,4.6788,2.5183,5.0647,2.8596,2.9193,3.1683,52.1553,12.1624,6.6279,12.6169,0.276,0.0227,108.8847,5.5565,0.6039,3.1683,0.0156,0.1009,2.3953,0.1953,4.2408,111.3411,1.4707,2.6505,0.08
21-Jul-26,4.0895,5.4949,4.6669,2.5168,5.0444,2.8643,2.9046,3.1689,52.1563,12.1567,6.6271,12.6759,0.2774,0.0228,108.9052,5.5602,0.6043,3.1689,0.0155,0.1009,2.3981,0.1953,4.2444,111.3395,1.4708,2.6528,0.08
22-Jul-26,4.0955,5.4808,4.6717,2.5101,5.0391,2.8664,2.9036,3.1723,52.2415,12.1017,6.6326,12.6604,0.276,0.0229,109.0999,5.5644,0.6048,3.1723,0.0156,0.1009,2.3867,0.1956,4.2536,111.518,1.474,2.6586,0.0803
23-Jul-26,4.0865,5.4712,4.6705,2.5064,5.0243,2.8681,2.9055,3.1698,52.1197,12.101,6.6184,12.6635,0.2786,0.0228,108.8601,5.5469,0.6038,3.1699,0.0155,0.1008,2.3777,0.1952,4.2354,111.2699,1.4708,2.6471,0.0797
24-Jul-26,4.0935,5.4503,4.6592,2.499,5.0101,2.855,2.9078,3.1679,52.2014,12.1056,6.622,12.646,0.2796,0.0228,109.0539,5.5558,0.6041,3.1679,0.0156,0.1009,2.3652,0.1955,4.2416,111.4575,1.4733,2.6511,0.0798
27-Jul-26,4.084,5.4532,4.657,2.4966,5.0114,2.8582,2.9,3.166,52.0776,12.1801,6.6147,12.6088,0.2786,0.0227,108.7921,5.537,0.6033,3.166,0.0155,0.1007,2.3665,0.1951,4.2454,111.1898,1.4699,2.6534,0.0796
28-Jul-26,4.0865,5.4342,4.6484,2.4953,4.9905,2.8528,2.8949,3.1624,52.1111,12.1441,6.6277,12.6064,0.279,0.0226,108.8601,5.5432,0.6038,3.1624,0.0155,0.1006,2.3585,0.1952,4.2726,111.2578,1.4708,2.6628,0.0806
29-Jul-26,4.0895,5.437,4.6608,2.4993,4.9997,2.8412,2.9018,3.1644,52.142,12.2111,6.6532,12.6048,0.2816,0.0226,108.9371,5.5396,0.6039,3.1644,0.0155,0.1007,2.3654,0.1953,4.2699,111.3486,1.4718,2.6648,0.081
30-Jul-26,4.0875,5.455,4.6802,2.4999,5.012,2.8412,2.9086,3.1682,52.1126,12.1815,6.656,12.5909,0.2834,0.0226,108.8723,5.5418,0.6046,3.1682,0.0155,0.1007,2.3738,0.1952,4.2742,111.3002,1.4711,2.6714,0.0806
31-Jul-26,4.09,5.5015,4.7088,2.5465,5.0691,2.8734,2.9175,3.1859,52.1514,12.2254,6.6733,12.6293,0.2848,0.0226,108.9243,5.5655,0.6061,3.1859,0.0156,0.1007,2.401,0.1953,4.2904,111.3683,1.472,2.6814,0.0801
3-Aug-26,4.092,5.5111,4.7181,2.6143,5.0572,2.8765,2.9157,3.1921,52.1789,12.2699,6.7061,12.6488,0.2863,0.0227,108.9616,5.5802,0.6059,3.1921,0.0156,0.1008,2.4059,0.1954,4.2992,111.4076,1.4727,2.687,0.0812
4-Aug-26,4.0945,5.4973,4.712,2.5971,5.0528,2.8739,2.9156,3.1918,52.2108,12.248,6.6992,12.6416,0.2865,0.0227,109.0239,5.5943,0.606,3.1918,0.0156,0.1006,2.4022,0.1956,4.2953,111.4878,1.4735,2.6846,0.0816
5-Aug-26,4.0915,5.5053,4.7204,2.5991,5.0647,2.8841,2.9077,3.1941,52.1635,12.3127,6.7233,12.6888,0.2876,0.0228,108.9411,5.5859,0.6064,3.1941,0.0156,0.1006,2.4025,0.1954,4.3053,111.4031,1.4724,2.6908,0.0814
6-Aug-26,4.0875,5.502,4.7207,2.5913,5.0635,2.8805,2.9167,3.1906,52.1162,12.3639,6.7397,12.6721,0.2881,0.0228,108.8346,5.5859,0.6057,3.1906,0.0156,0.1004,2.4053,0.1952,4.296,111.2911,1.4717,2.685,0.0821
7-Aug-26,4.0905,5.503,4.7135,2.5824,5.0335,2.8736,2.9178,3.1898,52.1442,12.3524,6.7175,12.6924,0.2881,0.0228,108.9493,5.5897,0.6063,3.1898,0.0156,0.1004,2.3989,0.1954,4.2939,111.3667,1.4727,2.6837,0.0823
10-Aug-26,4.089,5.5142,4.7224,2.5846,5.0528,2.8864,2.9286,3.1958,52.1207,12.3876,6.7295,12.696,0.289,0.0229,108.9021,5.5839,0.6061,3.1958,0.0156,0.1004,2.4062,0.1953,4.2926,111.3259,1.4716,2.6829,0.082
11-Aug-26,4.0925,5.529,4.724,2.5706,5.0509,2.8883,2.9376,3.1969,52.1613,12.3865,6.7019,12.6943,0.2892,0.023,108.9909,5.5942,0.6068,3.1969,0.0157,0.1007,2.4082,0.1955,4.2907,111.4212,1.4735,2.6817,0.0819
12-Aug-26,4.092,5.5267,4.7201,2.5666,5.0391,2.8877,2.9379,3.1951,52.149,12.3565,6.6716,12.7041,0.2891,0.0229,108.982,5.59,0.6065,3.195,0.0157,0.1007,2.4008,0.1954,4.2891,111.4167,1.4731,2.6806,0.0814
13-Aug-26,4.087,5.5136,4.7092,2.5634,5.0193,2.8805,2.9299,3.1922,52.0853,12.3512,6.6724,12.7064,0.2886,0.0229,108.8531,5.5833,0.606,3.1922,0.0157,0.1006,2.3833,0.1952,4.2859,111.2805,1.4715,2.6787,0.0814
14-Aug-26,4.0855,5.5134,4.7134,2.5633,5.0203,2.8848,2.9349,3.1918,52.0661,12.2979,6.6561,12.7648,0.289,0.0229,108.8248,5.5801,0.6058,3.1918,0.0157,0.1006,2.397,0.1951,4.2811,111.2397,1.4709,2.6757,0.0814
17-Aug-26,4.077,5.5249,4.7228,2.5626,5.0237,2.8949,2.9405,3.1911,51.9588,12.3335,6.6229,12.787,0.2881,0.0229,108.5969,5.5733,0.6047,3.1867,0.0156,0.1004,2.4081,0.1947,4.2649,111.0113,1.4679,2.6701,0.0811
18-Aug-26,4.054,5.4873,4.6917,2.5408,4.9951,2.8796,2.9222,3.1719,51.6822,12.2663,6.5766,12.7208,0.2871,0.0227,107.9771,5.5483,0.6012,3.1719,0.0155,0.0998,2.3856,0.1936,4.2374,110.385,1.4596,2.6502,0.0807
19-Aug-26,4.0625,5.4996,4.7048,2.5482,5.0052,2.8734,2.9261,3.1798,51.7984,12.2618,6.5726,12.7403,0.2901,0.0228,108.2035,5.5552,0.6027,3.1798,0.0155,0.1001,2.3853,0.194,4.2435,110.6165,1.4627,2.6522,0.0804
20-Aug-26,4.0415,5.5015,4.7201,2.5508,5.0547,2.8773,2.9287,3.1792,51.5317,12.3104,6.5639,12.688,0.2898,0.0228,107.6384,5.5339,0.6011,3.1792,0.0155,0.0995,2.4057,0.193,4.2253,110.0417,1.4551,2.6406,0.0797
21-Aug-26,4.0455,5.5203,4.7308,2.5443,5.0591,2.8889,2.9389,3.1849,51.5853,12.3451,6.559,12.6966,0.2926,0.0229,107.745,5.5586,0.6018,3.1849,0.0155,0.0999,2.415,0.1932,4.2277,110.1506,1.4565,2.6425,0.0795
24-Aug-26,4.0405,5.5135,4.7193,2.5423,5.0484,2.8948,2.9296,3.1831,51.5449,12.3714,6.5427,12.7048,0.2927,0.0228,107.6104,5.5527,0.601,3.1831,0.0155,0.0994,2.4138,0.193,4.2238,110.0069,1.4547,2.6397,0.0794
26-Aug-26,4.027,5.4916,4.6975,2.5333,5.014,2.8922,2.9056,3.1714,51.3671,12.2868,6.54,12.648,0.2905,0.0227,107.2551,5.5265,0.5991,3.1714,0.0154,0.0991,2.3989,0.1923,4.2204,109.6498,1.45,2.6378,0.0799
27-Aug-26,4.028,5.4732,4.6944,2.5278,5.0003,2.8931,2.9011,3.1693,51.3818,12.273,6.521,12.6914,0.2919,0.0227,107.2817,5.5277,0.5993,3.1693,0.0154,0.0991,2.3975,0.1924,4.2205,109.6651,1.4504,2.6377,0.0802
28-Aug-26,4.0275,5.4734,4.6906,2.5259,5.0047,2.9004,2.9077,3.17,51.3735,12.2046,6.4732,12.7436,0.2925,0.0227,107.2684,5.5214,0.5992,3.1698,0.0154,0.0991,2.4014,0.1924,4.215,109.6605,1.4502,2.6342,0.0801
1-Sep-26,4.0353,5.4643,4.6833,2.5251,4.9827,2.8921,2.9098,3.1731,51.4763,12.1594,6.4685,12.7516,0.294,0.0228,107.4748,5.5238,0.6004,3.1732,0.0155,0.0993,2.3836,0.1927,4.2458,109.8715,1.453,2.6535,0.0794
2-Sep-26,4.044,5.4604,4.683,2.5241,4.9751,2.8878,2.9061,3.1753,51.576,12.1391,6.4532,12.7178,0.2951,0.0228,107.7107,5.5336,0.6016,3.1755,0.0155,0.0995,2.3625,0.1931,4.2589,110.1127,1.4561,2.6618,0.0794
3-Sep-26,4.043,5.4558,4.6887,2.5626,4.9794,2.8986,2.9234,3.1837,51.5564,12.2478,6.467,12.7495,0.2978,0.0229,107.6698,5.5282,0.6018,3.1837,0.0155,0.0995,2.3698,0.1931,4.2819,110.072,1.4558,2.6761,0.0792
4-Sep-26,4.0455,5.4734,4.7021,2.5871,5.0046,2.916,2.9331,3.192,51.5958,12.2689,6.4809,12.753,0.2985,0.0229,107.7364,5.5449,0.6023,3.192,0.0155,0.0995,2.3852,0.1932,4.2819,110.1536,1.4567,2.676,0.0794
7-Sep-26,4.0495,5.4713,4.7023,2.5949,4.996,2.9175,2.9266,3.1947,51.6594,12.2973,6.4526,12.808,0.301,0.0229,107.8429,5.5555,0.6033,3.1947,0.0156,0.0996,2.3781,0.1934,4.2881,110.2625,1.4581,2.6801,0.0796
8-Sep-26,4.0555,5.4903,4.7145,2.6449,5.0105,2.9262,2.9377,3.2064,51.7253,12.3399,6.4878,12.8885,0.3026,0.023,107.994,5.5637,0.6043,3.2063,0.0156,0.0997,2.3751,0.1937,4.2841,110.4123,1.4603,2.6775,0.0796
9-Sep-26,4.07,5.5128,4.7334,2.6523,5.0309,2.9398,2.9544,3.2183,51.8987,12.3783,6.5146,12.9276,0.304,0.0232,108.3903,5.5868,0.6068,3.2183,0.0157,0.1,2.383,0.1944,4.287,110.8207,1.4655,2.6795,0.0798
10-Sep-26,4.062,5.5069,4.7278,2.6482,5.0207,2.9324,2.942,3.2137,51.803,12.3465,6.4966,12.8895,0.3038,0.0232,108.1801,5.5807,0.6056,3.2135,0.0157,0.0998,2.3767,0.194,4.2637,110.5998,1.4626,2.6647,0.0794
11-Sep-26,4.0755,5.5017,4.7284,2.6395,5.0077,2.9156,2.944,3.2131,51.9731,12.2867,6.4973,12.8817,0.3029,0.0231,108.5324,5.5976,0.6072,3.2131,0.0157,0.1001,2.3734,0.1947,4.2575,110.9674,1.4675,2.6609,0.0794
,,,,,,,,,,,,,,,,,,,,,,,,,,,
,,,,,,,,,,,,,,,,,,,,,,,,,,,
,,,,,,,,,,,,,,,,,,,,,,,,,,,
,,,,,,,,,,,,,,,,,,,,,,,,,,,
,,,,,,,,,,,,,,,,,,,,,,,,,,,
,,,,,,,,,,,,,,,,,,,,,,,,,,,
,,,,,,,,,,,,,,,,,,,,,,,,,,,
,,,,,,,,,,,,,,,,,,,,,,,,,,,
,,,,,,,,,,,,,,,,,,,,,,,,,,,
,,,,,,,,,,,,,,,,,,,,,,,,,,,
,,,,,,,,,,,,,,,,,,,,,,,,,,,
,,,,,,,,,,,,,,,,,,,,,,,,,,,
,,,,,,,,,,,,,,,,,,,,,,,,,,,
,,,,,,,,,,,,,,,,,,,,,,,,,,,
,,,,,,,,,,,,,,,,,,,,,,,,,,,
,,,,,,,,,,,,,,,,,,,,,,,,,,,
,,,,,,,,,,,,,,,,,,,,,,,,,,,
,,,,,,,,,,,,,,,,,,,,,,,,,,,
,,,,,,,,,,,,,,,,,,,,,,,,,,,
,,,,,,,,,,,,,,,,,,,,,,,,,,,
,,,,,,,,,,,,,,,,,,,,,,,,,,,
,,,,,,,,,,,,,,,,,,,,,,,,,,,
,,,,,,,,,,,,,,,,,,,,,,,,,,,
,,,,,,,,,,,,,,,,,,,,,,,,,,,
,,,,,,,,,,,,,,,,,,,,,,,,,,,
,,,,,,,,,,,,,,,,,,,,,,,,,,,
,,,,,,,,,,,,,,,,,,,,,,,,,,,
,,,,,,,,,,,,,,,,,,,,,,,,,,,
,,,,,,,,,,,,,,,,,,,,,,,,,,,
,,,,,,,,,,,,,,,,,,,,,,,,,,,
,,,,,,,,,,,,,,,,,,,,,,,,,,,
,,,,,,,,,,,,,,,,,,,,,,,,,,,
,,,,,,,,,,,,,,,,,,,,,,,,,,,
,,,,,,,,,,,,,,,,,,,,,,,,,,,
,,,,,,,,,,,,,,,,,,,,,,,,,,,
,,,,,,,,,,,,,,,,,,,,,,,,,,,
,,,,,,,,,,,,,,,,,,,,,,,,,,,
,,,,,,,,,,,,,,,,,,,,,,,,,,,
,,,,,,,,,,,,,,,,,,,,,,,,,,,
,,,,,,,,,,,,,,,,,,,,,,,,,,,
,,,,,,,,,,,,,,,,,,,,,,,,,,,
,,,,,,,,,,,,,,,,,,,,,,,,,,,
,,,,,,,,,,,,,,,,,,,,,,,,,,,
,,,,,,,,,,,,,,,,,,,,,,,,,,,
,,,,,,,,,,,,,,,,,,,,,,,,,,,
,,,,,,,,,,,,,,,,,,,,,,,,,,,
,,,,,,,,,,,,,,,,,,,,,,,,,,,
,,,,,,,,,,,,,,,,,,,,,,,,,,,
,,,,,,,,,,,,,,,,,,,,,,,,,,,
,,,,,,,,,,,,,,,,,,,,,,,,,,,
,,,,,,,,,,,,,,,,,,,,,,,,,,,
,,,,,,,,,,,,,,,,,,,,,,,,,,,
,,,,,,,,,,,,,,,,,,,,,,,,,,,
,,,,,,,,,,,,,,,,,,,,,,,,,,,
,,,,,,,,,,,,,,,,,,,,,,,,,,,
,,,,,,,,,,,,,,,,,,,,,,,,,,,
,,,,,,,,,,,,,,,,,,,,,,,,,,,
,,,,,,,,,,,,,,,,,,,,,,,,,,,
,,,,,,,,,,,,,,,,,,,,,,,,,,,
,,,,,,,,,,,,,,,,,,,,,,,,,,,
,,,,,,,,,,,,,,,,,,,,,,,,,,,
,,,,,,,,,,,,,,,,,,,,,,,,,,,
,,,,,,,,,,,,,,,,,,,,,,,,,,,
,,,,,,,,,,,,,,,,,,,,,,,,,,,
,,,,,,,,,,,,,,,,,,,,,,,,,,,
,,,,,,,,,,,,,,,,,,,,,,,,,,,
,,,,,,,,,,,,,,,,,,,,,,,,,,,
,,,,,,,,,,,,,,,,,,,,,,,,,,,
,,,,,,,,,,,,,,,,,,,,,,,,,,,
,,,,,,,,,,,,,,,,,,,,,,,,,,,
,,,,,,,,,,,,,,,,,,,,,,,,,,,
,,,,,,,,,,,,,,,,,,,,,,,,,,,
,,,,,,,,,,,,,,,,,,,,,,,,,,,
,,,,,,,,,,,,,,,,,,,,,,,,,,,
,,,,,,,,,,,,,,,,,,,,,,,,,,,
,,,,,,,,,,,,,,,,,,,,,,,,,,,
,,,,,,,,,,,,,,,,,,,,,,,,,,,
,,,,,,,,,,,,,,,,,,,,,,,,,,,
,,,,,,,,,,,,,,,,,,,,,,,,,,,
,,,,,,,,,,,,,,,,,,,,,,,,,,,
,,,,,,,,,,,,,,,,,,,,,,,,,,,
,,,,,,,,,,,,,,,,,,,,,,,,,,,
,,,,,,,,,,,,,,,,,,,,,,,,,,,
,,,,,,,,,,,,,,,,,,,,,,,,,,,
,,,,,,,,,,,,,,,,,,,,,,,,,,,
,,,,,,,,,,,,,,,,,,,,,,,,,,,
,,,,,,,,,,,,,,,,,,,,,,,,,,,
,,,,,,,,,,,,,,,,,,,,,,,,,,,
,,,,,,,,,,,,,,,,,,,,,,,,,,,
,,,,,,,,,,,,,,,,,,,,,,,,,,,
,,,,,,,,,,,,,,,,,,,,,,,,,,,
,,,,,,,,,,,,,,,,,,,,,,,,,,,
,,,,,,,,,,,,,,,,,,,,,,,,,,,
,,,,,,,,,,,,,,,,,,,,,,,,,,,
,,,,,,,,,,,,,,,,,,,,,,,,,,,
,,,,,,,,,,,,,,,,,,,,,,,,,,,
,,,,,,,,,,,,,,,,,,,,,,,,,,,
,,,,,,,,,,,,,,,,,,,,,,,,,,,
,,,,,,,,,,,,,,,,,,,,,,,,,,,
,,,,,,,,,,,,,,,,,,,,,,,,,,,
,,,,,,,,,,,,,,,,,,,,,,,,,,,
,,,,,,,,,,,,,,,,,,,,,,,,,,,
,,,,,,,,,,,,,,,,,,,,,,,,,,,
,,,,,,,,,,,,,,,,,,,,,,,,,,,
,,,,,,,,,,,,,,,,,,,,,,,,,,,
,,,,,,,,,,,,,,,,,,,,,,,,,,,
,,,,,,,,,,,,,,,,,,,,,,,,,,,
,,,,,,,,,,,,,,,,,,,,,,,,,,,
,,,,,,,,,,,,,,,,,,,,,,,,,,,
,,,,,,,,,,,,,,,,,,,,,,,,,,,
,,,,,,,,,,,,,,,,,,,,,,,,,,,
,,,,,,,,,,,,,,,,,,,,,,,,,,,
,,,,,,,,,,,,,,,,,,,,,,,,,,,
,,,,,,,,,,,,,,,,,,,,,,,,,,,
,,,,,,,,,,,,,,,,,,,,,,,,,,,
,,,,,,,,,,,,,,,,,,,,,,,,,,,
,,,,,,,,,,,,,,,,,,,,,,,,,,,
,,,,,,,,,,,,,,,,,,,,,,,,,,,
,,,,,,,,,,,,,,,,,,,,,,,,,,,
,,,,,,,,,,,,,,,,,,,,,,,,,,,
,,,,,,,,,,,,,,,,,,,,,,,,,,,
,,,,,,,,,,,,,,,,,,,,,,,,,,,
,,,,,,,,,,,,,,,,,,,,,,,,,,,
,,,,,,,,,,,,,,,,,,,,,,,,,,,
,,,,,,,,,,,,,,,,,,,,,,,,,,,
,,,,,,,,,,,,,,,,,,,,,,,,,,,
,,,,,,,,,,,,,,,,,,,,,,,,,,,
,,,,,,,,,,,,,,,,,,,,,,,,,,,
,,,,,,,,,,,,,,,,,,,,,,,,,,,
,,,,,,,,,,,,,,,,,,,,,,,,,,,
,,,,,,,,,,,,,,,,,,,,,,,,,,,
,,,,,,,,,,,,,,,,,,,,,,,,,,,
,,,,,,,,,,,,,,,,,,,,,,,,,,,
,,,,,,,,,,,,,,,,,,,,,,,,,,,
,,,,,,,,,,,,,,,,,,,,,,,,,,,
,,,,,,,,,,,,,,,,,,,,,,,,,,,
,,,,,,,,,,,,,,,,,,,,,,,,,,,
,,,,,,,,,,,,,,,,,,,,,,,,,,,
,,,,,,,,,,,,,,,,,,,,,,,,,,,
,,,,,,,,,,,,,,,,,,,,,,,,,,,
,,,,,,,,,,,,,,,,,,,,,,,,,,,
,,,,,,,,,,,,,,,,,,,,,,,,,,,
,,,,,,,,,,,,,,,,,,,,,,,,,,,
,,,,,,,,,,,,,,,,,,,,,,,,,,,
,,,,,,,,,,,,,,,,,,,,,,,,,,,
,,,,,,,,,,,,,,,,,,,,,,,,,,,
,,,,,,,,,,,,,,,,,,,,,,,,,,,
,,,,,,,,,,,,,,,,,,,,,,,,,,,
,,,,,,,,,,,,,,,,,,,,,,,,,,,
,,,,,,,,,,,,,,,,,,,,,,,,,,,
,,,,,,,,,,,,,,,,,,,,,,,,,,,
,,,,,,,,,,,,,,,,,,,,,,,,,,,
,,,,,,,,,,,,,,,,,,,,,,,,,,,
,,,,,,,,,,,,,,,,,,,,,,,,,,,
,,,,,,,,,,,,,,,,,,,,,,,,,,,
,,,,,,,,,,,,,,,,,,,,,,,,,,,
,,,,,,,,,,,,,,,,,,,,,,,,,,,
,,,,,,,,,,,,,,,,,,,,,,,,,,,
,,,,,,,,,,,,,,,,,,,,,,,,,,,
,,,,,,,,,,,,,,,,,,,,,,,,,,,
,,,,,,,,,,,,,,,,,,,,,,,,,,,
,,,,,,,,,,,,,,,,,,,,,,,,,,,
,,,,,,,,,,,,,,,,,,,,,,,,,,,
,,,,,,,,,,,,,,,,,,,,,,,,,,,
,,,,,,,,,,,,,,,,,,,,,,,,,,,
,,,,,,,,,,,,,,,,,,,,,,,,,,,
,,,,,,,,,,,,,,,,,,,,,,,,,,,
,,,,,,,,,,,,,,,,,,,,,,,,,,,
,,,,,,,,,,,,,,,,,,,,,,,,,,,
,,,,,,,,,,,,,,,,,,,,,,,,,,,
,,,,,,,,,,,,,,,,,,,,,,,,,,,
,,,,,,,,,,,,,,,,,,,,,,,,,,,
,,,,,,,,,,,,,,,,,,,,,,,,,,,
,,,,,,,,,,,,,,,,,,,,,,,,,,,
,,,,,,,,,,,,,,,,,,,,,,,,,,,
,,,,,,,,,,,,,,,,,,,,,,,,,,,
,,,,,,,,,,,,,,,,,,,,,,,,,,,
,,,,,,,,,,,,,,,,,,,,,,,,,,,
,,,,,,,,,,,,,,,,,,,,,,,,,,,
,,,,,,,,,,,,,,,,,,,,,,,,,,,
,,,,,,,,,,,,,,,,,,,,,,,,,,,
,,,,,,,,,,,,,,,,,,,,,,,,,,,
,,,,,,,,,,,,,,,,,,,,,,,,,,,
,,,,,,,,,,,,,,,,,,,,,,,,,,,
,,,,,,,,,,,,,,,,,,,,,,,,,,,
,,,,,,,,,,,,,,,,,,,,,,,,,,,
,,,,,,,,,,,,,,,,,,,,,,,,,,,
,,,,,,,,,,,,,,,,,,,,,,,,,,,
,,,,,,,,,,,,,,,,,,,,,,,,,,,
,,,,,,,,,,,,,,,,,,,,,,,,,,,
,,,,,,,,,,,,,,,,,,,,,,,,,,,
,,,,,,,,,,,,,,,,,,,,,,,,,,,
,,,,,,,,,,,,,,,,,,,,,,,,,,,
,,,,,,,,,,,,,,,,,,,,,,,,,,,
,,,,,,,,,,,,,,,,,,,,,,,,,,,
,,,,,,,,,,,,,,,,,,,,,,,,,,,
,,,,,,,,,,,,,,,,,,,,,,,,,,,
,,,,,,,,,,,,,,,,,,,,,,,,,,,
,,,,,,,,,,,,,,,,,,,,,,,,,,,
,,,,,,,,,,,,,,,,,,,,,,,,,,,
,,,,,,,,,,,,,,,,,,,,,,,,,,,
,,,,,,,,,,,,,,,,,,,,,,,,,,,
,,,,,,,,,,,,,,,,,,,,,,,,,,,
,,,,,,,,,,,,,,,,,,,,,,,,,,,
,,,,,,,,,,,,,,,,,,,,,,,,,,,
,,,,,,,,,,,,,,,,,,,,,,,,,,,
,,,,,,,,,,,,,,,,,,,,,,,,,,,
,,,,,,,,,,,,,,,,,,,,,,,,,,,
,,,,,,,,,,,,,,,,,,,,,,,,,,,
,,,,,,,,,,,,,,,,,,,,,,,,,,,
,,,,,,,,,,,,,,,,,,,,,,,,,,,
,,,,,,,,,,,,,,,,,,,,,,,,,,,
,,,,,,,,,,,,,,,,,,,,,,,,,,,
,,,,,,,,,,,,,,,,,,,,,,,,,,,
,,,,,,,,,,,,,,,,,,,,,,,,,,,
,,,,,,,,,,,,,,,,,,,,,,,,,,,
,,,,,,,,,,,,,,,,,,,,,,,,,,,
,,,,,,,,,,,,,,,,,,,,,,,,,,,
,,,,,,,,,,,,,,,,,,,,,,,,,,,
,,,,,,,,,,,,,,,,,,,,,,,,,,,
,,,,,,,,,,,,,,,,,,,,,,,,,,,
,,,,,,,,,,,,,,,,,,,,,,,,,,,
,,,,,,,,,,,,,,,,,,,,,,,,,,,
,,,,,,,,,,,,,,,,,,,,,,,,,,,
,,,,,,,,,,,,,,,,,,,,,,,,,,,
,,,,,,,,,,,,,,,,,,,,,,,,,,,
,,,,,,,,,,,,,,,,,,,,,,,,,,,
,,,,,,,,,,,,,,,,,,,,,,,,,,,
,,,,,,,,,,,,,,,,,,,,,,,,,,,
,,,,,,,,,,,,,,,,,,,,,,,,,,,
,,,,,,,,,,,,,,,,,,,,,,,,,,,
,,,,,,,,,,,,,,,,,,,,,,,,,,,
,,,,,,,,,,,,,,,,,,,,,,,,,,,
,,,,,,,,,,,,,,,,,,,,,,,,,,,
,,,,,,,,,,,,,,,,,,,,,,,,,,,
,,,,,,,,,,,,,,,,,,,,,,,,,,,
,,,,,,,,,,,,,,,,,,,,,,,,,,,
,,,,,,,,,,,,,,,,,,,,,,,,,,,
,,,,,,,,,,,,,,,,,,,,,,,,,,,
,,,,,,,,,,,,,,,,,,,,,,,,,,,
,,,,,,,,,,,,,,,,,,,,,,,,,,,
,,,,,,,,,,,,,,,,,,,,,,,,,,,
,,,,,,,,,,,,,,,,,,,,,,,,,,,
,,,,,,,,,,,,,,,,,,,,,,,,,,,
,,,,,,,,,,,,,,,,,,,,,,,,,,,
,,,,,,,,,,,,,,,,,,,,,,,,,,,
,,,,,,,,,,,,,,,,,,,,,,,,,,,
,,,,,,,,,,,,,,,,,,,,,,,,,,,
,,,,,,,,,,,,,,,,,,,,,,,,,,,
,,,,,,,,,,,,,,,,,,,,,,,,,,,
,,,,,,,,,,,,,,,,,,,,,,,,,,,
,,,,,,,,,,,,,,,,,,,,,,,,,,,
,,,,,,,,,,,,,,,,,,,,,,,,,,,
,,,,,,,,,,,,,,,,,,,,,,,,,,,
,,,,,,,,,,,,,,,,,,,,,,,,,,,
,,,,,,,,,,,,,,,,,,,,,,,,,,,
,,,,,,,,,,,,,,,,,,,,,,,,,,,
,,,,,,,,,,,,,,,,,,,,,,,,,,,
,,,,,,,,,,,,,,,,,,,,,,,,,,,
,,,,,,,,,,,,,,,,,,,,,,,,,,,
,,,,,,,,,,,,,,,,,,,,,,,,,,,
,,,,,,,,,,,,,,,,,,,,,,,,,,,
,,,,,,,,,,,,,,,,,,,,,,,,,,,
,,,,,,,,,,,,,,,,,,,,,,,,,,,
,,,,,,,,,,,,,,,,,,,,,,,,,,,
,,,,,,,,,,,,,,,,,,,,,,,,,,,
,,,,,,,,,,,,,,,,,,,,,,,,,,,
,,,,,,,,,,,,,,,,,,,,,,,,,,,
,,,,,,,,,,,,,,,,,,,,,,,,,,,
,,,,,,,,,,,,,,,,,,,,,,,,,,,
,,,,,,,,,,,,,,,,,,,,,,,,,,,
,,,,,,,,,,,,,,,,,,,,,,,,,,,
,,,,,,,,,,,,,,,,,,,,,,,,,,,
,,,,,,,,,,,,,,,,,,,,,,,,,,,
,,,,,,,,,,,,,,,,,,,,,,,,,,,
,,,,,,,,,,,,,,,,,,,,,,,,,,,
,,,,,,,,,,,,,,,,,,,,,,,,,,,
,,,,,,,,,,,,,,,,,,,,,,,,,,,
,,,,,,,,,,,,,,,,,,,,,,,,,,,
,,,,,,,,,,,,,,,,,,,,,,,,,,,
,,,,,,,,,,,,,,,,,,,,,,,,,,,
,,,,,,,,,,,,,,,,,,,,,,,,,,,
,,,,,,,,,,,,,,,,,,,,,,,,,,,
,,,,,,,,,,,,,,,,,,,,,,,,,,,
,,,,,,,,,,,,,,,,,,,,,,,,,,,
,,,,,,,,,,,,,,,,,,,,,,,,,,,
,,,,,,,,,,,,,,,,,,,,,,,,,,,
,,,,,,,,,,,,,,,,,,,,,,,,,,,
,,,,,,,,,,,,,,,,,,,,,,,,,,,
,,,,,,,,,,,,,,,,,,,,,,,,,,,
,,,,,,,,,,,,,,,,,,,,,,,,,,,
,,,,,,,,,,,,,,,,,,,,,,,,,,,
,,,,,,,,,,,,,,,,,,,,,,,,,,,
,,,,,,,,,,,,,,,,,,,,,,,,,,,
,,,,,,,,,,,,,,,,,,,,,,,,,,,
,,,,,,,,,,,,,,,,,,,,,,,,,,,
,,,,,,,,,,,,,,,,,,,,,,,,,,,
,,,,,,,,,,,,,,,,,,,,,,,,,,,
,,,,,,,,,,,,,,,,,,,,,,,,,,,
,,,,,,,,,,,,,,,,,,,,,,,,,,,
,,,,,,,,,,,,,,,,,,,,,,,,,,,
,,,,,,,,,,,,,,,,,,,,,,,,,,,
,,,,,,,,,,,,,,,,,,,,,,,,,,,
,,,,,,,,,,,,,,,,,,,,,,,,,,,
,,,,,,,,,,,,,,,,,,,,,,,,,,,
,,,,,,,,,,,,,,,,,,,,,,,,,,,
,,,,,,,,,,,,,,,,,,,,,,,,,,,
,,,,,,,,,,,,,,,,,,,,,,,,,,,
,,,,,,,,,,,,,,,,,,,,,,,,,,,
,,,,,,,,,,,,,,,,,,,,,,,,,,,
,,,,,,,,,,,,,,,,,,,,,,,,,,,
,,,,,,,,,,,,,,,,,,,,,,,,,,,
,,,,,,,,,,,,,,,,,,,,,,,,,,,
,,,,,,,,,,,,,,,,,,,,,,,,,,,
,,,,,,,,,,,,,,,,,,,,,,,,,,,
,,,,,,,,,,,,,,,,,,,,,,,,,,,
,,,,,,,,,,,,,,,,,,,,,,,,,,,
,,,,,,,,,,,,,,,,,,,,,,,,,,,
,,,,,,,,,,,,,,,,,,,,,,,,,,,
,,,,,,,,,,,,,,,,,,,,,,,,,,,
,,,,,,,,,,,,,,,,,,,,,,,,,,,
,,,,,,,,,,,,,,,,,,,,,,,,,,,
,,,,,,,,,,,,,,,,,,,,,,,,,,,
,,,,,,,,,,,,,,,,,,,,,,,,,,,
,,,,,,,,,,,,,,,,,,,,,,,,,,,
,,,,,,,,,,,,,,,,,,,,,,,,,,,
,,,,,,,,,,,,,,,,,,,,,,,,,,,
,,,,,,,,,,,,,,,,,,,,,,,,,,,
,,,,,,,,,,,,,,,,,,,,,,,,,,,
,,,,,,,,,,,,,,,,,,,,,,,,,,,
,,,,,,,,,,,,,,,,,,,,,,,,,,,
,,,,,,,,,,,,,,,,,,,,,,,,,,,
,,,,,,,,,,,,,,,,,,,,,,,,,,,
,,,,,,,,,,,,,,,,,,,,,,,,,,,
,,,,,,,,,,,,,,,,,,,,,,,,,,,
,,,,,,,,,,,,,,,,,,,,,,,,,,,
,,,,,,,,,,,,,,,,,,,,,,,,,,,
,,,,,,,,,,,,,,,,,,,,,,,,,,,
,,,,,,,,,,,,,,,,,,,,,,,,,,,
,,,,,,,,,,,,,,,,,,,,,,,,,,,
,,,,,,,,,,,,,,,,,,,,,,,,,,,
,,,,,,,,,,,,,,,,,,,,,,,,,,,
,,,,,,,,,,,,,,,,,,,,,,,,,,,
,,,,,,,,,,,,,,,,,,,,,,,,,,,
,,,,,,,,,,,,,,,,,,,,,,,,,,,
,,,,,,,,,,,,,,,,,,,,,,,,,,,
,,,,,,,,,,,,,,,,,,,,,,,,,,,
,,,,,,,,,,,,,,,,,,,,,,,,,,,
,,,,,,,,,,,,,,,,,,,,,,,,,,,
,,,,,,,,,,,,,,,,,,,,,,,,,,,
,,,,,,,,,,,,,,,,,,,,,,,,,,,
,,,,,,,,,,,,,,,,,,,,,,,,,,,
,,,,,,,,,,,,,,,,,,,,,,,,,,,
,,,,,,,,,,,,,,,,,,,,,,,,,,,
,,,,,,,,,,,,,,,,,,,,,,,,,,,
,,,,,,,,,,,,,,,,,,,,,,,,,,,
,,,,,,,,,,,,,,,,,,,,,,,,,,,
,,,,,,,,,,,,,,,,,,,,,,,,,,,
,,,,,,,,,,,,,,,,,,,,,,,,,,,
,,,,,,,,,,,,,,,,,,,,,,,,,,,
,,,,,,,,,,,,,,,,,,,,,,,,,,,
,,,,,,,,,,,,,,,,,,,,,,,,,,,
,,,,,,,,,,,,,,,,,,,,,,,,,,,
,,,,,,,,,,,,,,,,,,,,,,,,,,,
,,,,,,,,,,,,,,,,,,,,,,,,,,,
,,,,,,,,,,,,,,,,,,,,,,,,,,,
,,,,,,,,,,,,,,,,,,,,,,,,,,,
,,,,,,,,,,,,,,,,,,,,,,,,,,,
,,,,,,,,,,,,,,,,,,,,,,,,,,,
,,,,,,,,,,,,,,,,,,,,,,,,,,,
,,,,,,,,,,,,,,,,,,,,,,,,,,,
,,,,,,,,,,,,,,,,,,,,,,,,,,,
,,,,,,,,,,,,,,,,,,,,,,,,,,,
,,,,,,,,,,,,,,,,,,,,,,,,,,,
,,,,,,,,,,,,,,,,,,,,,,,,,,,
,,,,,,,,,,,,,,,,,,,,,,,,,,,
,,,,,,,,,,,,,,,,,,,,,,,,,,,
,,,,,,,,,,,,,,,,,,,,,,,,,,,
,,,,,,,,,,,,,,,,,,,,,,,,,,,
,,,,,,,,,,,,,,,,,,,,,,,,,,,
,,,,,,,,,,,,,,,,,,,,,,,,,,,
,,,,,,,,,,,,,,,,,,,,,,,,,,,
,,,,,,,,,,,,,,,,,,,,,,,,,,,
,,,,,,,,,,,,,,,,,,,,,,,,,,,
,,,,,,,,,,,,,,,,,,,,,,,,,,,
,,,,,,,,,,,,,,,,,,,,,,,,,,,
,,,,,,,,,,,,,,,,,,,,,,,,,,,
,,,,,,,,,,,,,,,,,,,,,,,,,,,
,,,,,,,,,,,,,,,,,,,,,,,,,,,
,,,,,,,,,,,,,,,,,,,,,,,,,,,
,,,,,,,,,,,,,,,,,,,,,,,,,,,
,,,,,,,,,,,,,,,,,,,,,,,,,,,
,,,,,,,,,,,,,,,,,,,,,,,,,,,
,,,,,,,,,,,,,,,,,,,,,,,,,,,
,,,,,,,,,,,,,,,,,,,,,,,,,,,
,,,,,,,,,,,,,,,,,,,,,,,,,,,
,,,,,,,,,,,,,,,,,,,,,,,,,,,
,,,,,,,,,,,,,,,,,,,,,,,,,,,
,,,,,,,,,,,,,,,,,,,,,,,,,,,
,,,,,,,,,,,,,,,,,,,,,,,,,,,
,,,,,,,,,,,,,,,,,,,,,,,,,,,
,,,,,,,,,,,,,,,,,,,,,,,,,,,
,,,,,,,,,,,,,,,,,,,,,,,,,,,
,,,,,,,,,,,,,,,,,,,,,,,,,,,
,,,,,,,,,,,,,,,,,,,,,,,,,,,
,,,,,,,,,,,,,,,,,,,,,,,,,,,
,,,,,,,,,,,,,,,,,,,,,,,,,,,
,,,,,,,,,,,,,,,,,,,,,,,,,,,
,,,,,,,,,,,,,,,,,,,,,,,,,,,
,,,,,,,,,,,,,,,,,,,,,,,,,,,
,,,,,,,,,,,,,,,,,,,,,,,,,,,
,,,,,,,,,,,,,,,,,,,,,,,,,,,
,,,,,,,,,,,,,,,,,,,,,,,,,,,
,,,,,,,,,,,,,,,,,,,,,,,,,,,
,,,,,,,,,,,,,,,,,,,,,,,,,,,
,,,,,,,,,,,,,,,,,,,,,,,,,,,
,,,,,,,,,,,,,,,,,,,,,,,,,,,
,,,,,,,,,,,,,,,,,,,,,,,,,,,
,,,,,,,,,,,,,,,,,,,,,,,,,,,
,,,,,,,,,,,,,,,,,,,,,,,,,,,
,,,,,,,,,,,,,,,,,,,,,,,,,,,
,,,,,,,,,,,,,,,,,,,,,,,,,,,
,,,,,,,,,,,,,,,,,,,,,,,,,,,
,,,,,,,,,,,,,,,,,,,,,,,,,,,
,,,,,,,,,,,,,,,,,,,,,,,,,,,
,,,,,,,,,,,,,,,,,,,,,,,,,,,
,,,,,,,,,,,,,,,,,,,,,,,,,,,
,,,,,,,,,,,,,,,,,,,,,,,,,,,
,,,,,,,,,,,,,,,,,,,,,,,,,,,
,,,,,,,,,,,,,,,,,,,,,,,,,,,
,,,,,,,,,,,,,,,,,,,,,,,,,,,
,,,,,,,,,,,,,,,,,,,,,,,,,,,
,,,,,,,,,,,,,,,,,,,,,,,,,,,
,,,,,,,,,,,,,,,,,,,,,,,,,,,
,,,,,,,,,,,,,,,,,,,,,,,,,,,
,,,,,,,,,,,,,,,,,,,,,,,,,,,
,,,,,,,,,,,,,,,,,,,,,,,,,,,
,,,,,,,,,,,,,,,,,,,,,,,,,,,
,,,,,,,,,,,,,,,,,,,,,,,,,,,
,,,,,,,,,,,,,,,,,,,,,,,,,,,
,,,,,,,,,,,,,,,,,,,,,,,,,,,
,,,,,,,,,,,,,,,,,,,,,,,,,,,
,,,,,,,,,,,,,,,,,,,,,,,,,,,
,,,,,,,,,,,,,,,,,,,,,,,,,,,
,,,,,,,,,,,,,,,,,,,,,,,,,,,
,,,,,,,,,,,,,,,,,,,,,,,,,,,
,,,,,,,,,,,,,,,,,,,,,,,,,,,
,,,,,,,,,,,,,,,,,,,,,,,,,,,
,,,,,,,,,,,,,,,,,,,,,,,,,,,
,,,,,,,,,,,,,,,,,,,,,,,,,,,
,,,,,,,,,,,,,,,,,,,,,,,,,,,
,,,,,,,,,,,,,,,,,,,,,,,,,,,
,,,,,,,,,,,,,,,,,,,,,,,,,,,
,,,,,,,,,,,,,,,,,,,,,,,,,,,
,,,,,,,,,,,,,,,,,,,,,,,,,,,
,,,,,,,,,,,,,,,,,,,,,,,,,,,
,,,,,,,,,,,,,,,,,,,,,,,,,,,
,,,,,,,,,,,,,,,,,,,,,,,,,,,
,,,,,,,,,,,,,,,,,,,,,,,,,,,
,,,,,,,,,,,,,,,,,,,,,,,,,,,
,,,,,,,,,,,,,,,,,,,,,,,,,,,
,,,,,,,,,,,,,,,,,,,,,,,,,,,
,,,,,,,,,,,,,,,,,,,,,,,,,,,
,,,,,,,,,,,,,,,,,,,,,,,,,,,
,,,,,,,,,,,,,,,,,,,,,,,,,,,
,,,,,,,,,,,,,,,,,,,,,,,,,,,
,,,,,,,,,,,,,,,,,,,,,,,,,,,
,,,,,,,,,,,,,,,,,,,,,,,,,,,
,,,,,,,,,,,,,,,,,,,,,,,,,,,
,,,,,,,,,,,,,,,,,,,,,,,,,,,
,,,,,,,,,,,,,,,,,,,,,,,,,,,
,,,,,,,,,,,,,,,,,,,,,,,,,,,
,,,,,,,,,,,,,,,,,,,,,,,,,,,
,,,,,,,,,,,,,,,,,,,,,,,,,,,
,,,,,,,,,,,,,,,,,,,,,,,,,,,
,,,,,,,,,,,,,,,,,,,,,,,,,,,
,,,,,,,,,,,,,,,,,,,,,,,,,,,
,,,,,,,,,,,,,,,,,,,,,,,,,,,
,,,,,,,,,,,,,,,,,,,,,,,,,,,
,,,,,,,,,,,,,,,,,,,,,,,,,,,
,,,,,,,,,,,,,,,,,,,,,,,,,,,
,,,,,,,,,,,,,,,,,,,,,,,,,,,
,,,,,,,,,,,,,,,,,,,,,,,,,,,
,,,,,,,,,,,,,,,,,,,,,,,,,,,
,,,,,,,,,,,,,,,,,,,,,,,,,,,
,,,,,,,,,,,,,,,,,,,,,,,,,,,
,,,,,,,,,,,,,,,,,,,,,,,,,,,
,,,,,,,,,,,,,,,,,,,,,,,,,,,
,,,,,,,,,,,,,,,,,,,,,,,,,,,
,,,,,,,,,,,,,,,,,,,,,,,,,,,
,,,,,,,,,,,,,,,,,,,,,,,,,,,
,,,,,,,,,,,,,,,,,,,,,,,,,,,
,,,,,,,,,,,,,,,,,,,,,,,,,,,
,,,,,,,,,,,,,,,,,,,,,,,,,,,
,,,,,,,,,,,,,,,,,,,,,,,,,,,
,,,,,,,,,,,,,,,,,,,,,,,,,,,
,,,,,,,,,,,,,,,,,,,,,,,,,,,
,,,,,,,,,,,,,,,,,,,,,,,,,,,
,,,,,,,,,,,,,,,,,,,,,,,,,,,
,,,,,,,,,,,,,,,,,,,,,,,,,,,
,,,,,,,,,,,,,,,,,,,,,,,,,,,
,,,,,,,,,,,,,,,,,,,,,,,,,,,
,,,,,,,,,,,,,,,,,,,,,,,,,,,
,,,,,,,,,,,,,,,,,,,,,,,,,,,
,,,,,,,,,,,,,,,,,,,,,,,,,,,
,,,,,,,,,,,,,,,,,,,,,,,,,,,
,,,,,,,,,,,,,,,,,,,,,,,,,,,
,,,,,,,,,,,,,,,,,,,,,,,,,,,
,,,,,,,,,,,,,,,,,,,,,,,,,,,
,,,,,,,,,,,,,,,,,,,,,,,,,,,
,,,,,,,,,,,,,,,,,,,,,,,,,,,
,,,,,,,,,,,,,,,,,,,,,,,,,,,
,,,,,,,,,,,,,,,,,,,,,,,,,,,
,,,,,,,,,,,,,,,,,,,,,,,,,,,
,,,,,,,,,,,,,,,,,,,,,,,,,,,
,,,,,,,,,,,,,,,,,,,,,,,,,,,
,,,,,,,,,,,,,,,,,,,,,,,,,,,
,,,,,,,,,,,,,,,,,,,,,,,,,,,
,,,,,,,,,,,,,,,,,,,,,,,,,,,
,,,,,,,,,,,,,,,,,,,,,,,,,,,
,,,,,,,,,,,,,,,,,,,,,,,,,,,
,,,,,,,,,,,,,,,,,,,,,,,,,,,
,,,,,,,,,,,,,,,,,,,,,,,,,,,
,,,,,,,,,,,,,,,,,,,,,,,,,,,
,,,,,,,,,,,,,,,,,,,,,,,,,,,
,,,,,,,,,,,,,,,,,,,,,,,,,,,
,,,,,,,,,,,,,,,,,,,,,,,,,,,
,,,,,,,,,,,,,,,,,,,,,,,,,,,
,,,,,,,,,,,,,,,,,,,,,,,,,,,
,,,,,,,,,,,,,,,,,,,,,,,,,,,
,,,,,,,,,,,,,,,,,,,,,,,,,,,
,,,,,,,,,,,,,,,,,,,,,,,,,,,
,,,,,,,,,,,,,,,,,,,,,,,,,,,
,,,,,,,,,,,,,,,,,,,,,,,,,,,
,,,,,,,,,,,,,,,,,,,,,,,,,,,
,,,,,,,,,,,,,,,,,,,,,,,,,,,
,,,,,,,,,,,,,,,,,,,,,,,,,,,
,,,,,,,,,,,,,,,,,,,,,,,,,,,
,,,,,,,,,,,,,,,,,,,,,,,,,,,
,,,,,,,,,,,,,,,,,,,,,,,,,,,
,,,,,,,,,,,,,,,,,,,,,,,,,,,
,,,,,,,,,,,,,,,,,,,,,,,,,,,
,,,,,,,,,,,,,,,,,,,,,,,,,,,
,,,,,,,,,,,,,,,,,,,,,,,,,,,
,,,,,,,,,,,,,,,,,,,,,,,,,,,
,,,,,,,,,,,,,,,,,,,,,,,,,,,
,,,,,,,,,,,,,,,,,,,,,,,,,,,
,,,,,,,,,,,,,,,,,,,,,,,,,,,
,,,,,,,,,,,,,,,,,,,,,,,,,,,
,,,,,,,,,,,,,,,,,,,,,,,,,,,
,,,,,,,,,,,,,,,,,,,,,,,,,,,
,,,,,,,,,,,,,,,,,,,,,,,,,,,
,,,,,,,,,,,,,,,,,,,,,,,,,,,
,,,,,,,,,,,,,,,,,,,,,,,,,,,
,,,,,,,,,,,,,,,,,,,,,,,,,,,
,,,,,,,,,,,,,,,,,,,,,,,,,,,
,,,,,,,,,,,,,,,,,,,,,,,,,,,
,,,,,,,,,,,,,,,,,,,,,,,,,,,
,,,,,,,,,,,,,,,,,,,,,,,,,,,
,,,,,,,,,,,,,,,,,,,,,,,,,,,
,,,,,,,,,,,,,,,,,,,,,,,,,,,
,,,,,,,,,,,,,,,,,,,,,,,,,,,
,,,,,,,,,,,,,,,,,,,,,,,,,,,
,,,,,,,,,,,,,,,,,,,,,,,,,,,
,,,,,,,,,,,,,,,,,,,,,,,,,,,
,,,,,,,,,,,,,,,,,,,,,,,,,,,
,,,,,,,,,,,,,,,,,,,,,,,,,,,
,,,,,,,,,,,,,,,,,,,,,,,,,,,
,,,,,,,,,,,,,,,,,,,,,,,,,,,
,,,,,,,,,,,,,,,,,,,,,,,,,,,
,,,,,,,,,,,,,,,,,,,,,,,,,,,
,,,,,,,,,,,,,,,,,,,,,,,,,,,
,,,,,,,,,,,,,,,,,,,,,,,,,,,
,,,,,,,,,,,,,,,,,,,,,,,,,,,
,,,,,,,,,,,,,,,,,,,,,,,,,,,
,,,,,,,,,,,,,,,,,,,,,,,,,,,
,,,,,,,,,,,,,,,,,,,,,,,,,,,
,,,,,,,,,,,,,,,,,,,,,,,,,,,
,,,,,,,,,,,,,,,,,,,,,,,,,,,
,,,,,,,,,,,,,,,,,,,,,,,,,,,
,,,,,,,,,,,,,,,,,,,,,,,,,,,
,,,,,,,,,,,,,,,,,,,,,,,,,,,
,,,,,,,,,,,,,,,,,,,,,,,,,,,
,,,,,,,,,,,,,,,,,,,,,,,,,,,
,,,,,,,,,,,,,,,,,,,,,,,,,,,
,,,,,,,,,,,,,,,,,,,,,,,,,,,
,,,,,,,,,,,,,,,,,,,,,,,,,,,
,,,,,,,,,,,,,,,,,,,,,,,,,,,
,,,,,,,,,,,,,,,,,,,,,,,,,,,
,,,,,,,,,,,,,,,,,,,,,,,,,,,
,,,,,,,,,,,,,,,,,,,,,,,,,,,
,,,,,,,,,,,,,,,,,,,,,,,,,,,
,,,,,,,,,,,,,,,,,,,,,,,,,,,
,,,,,,,,,,,,,,,,,,,,,,,,,,,
,,,,,,,,,,,,,,,,,,,,,,,,,,,
,,,,,,,,,,,,,,,,,,,,,,,,,,,
,,,,,,,,,,,,,,,,,,,,,,,,,,,
,,,,,,,,,,,,,,,,,,,,,,,,,,,
,,,,,,,,,,,,,,,,,,,,,,,,,,,
,,,,,,,,,,,,,,,,,,,,,,,,,,,
,,,,,,,,,,,,,,,,,,,,,,,,,,,
,,,,,,,,,,,,,,,,,,,,,,,,,,,
,,,,,,,,,,,,,,,,,,,,,,,,,,,
,,,,,,,,,,,,,,,,,,,,,,,,,,,
,,,,,,,,,,,,,,,,,,,,,,,,,,,
,,,,,,,,,,,,,,,,,,,,,,,,,,,
,,,,,,,,,,,,,,,,,,,,,,,,,,,
,,,,,,,,,,,,,,,,,,,,,,,,,,,
,,,,,,,,,,,,,,,,,,,,,,,,,,,
,,,,,,,,,,,,,,,,,,,,,,,,,,,
,,,,,,,,,,,,,,,,,,,,,,,,,,,
,,,,,,,,,,,,,,,,,,,,,,,,,,,
,,,,,,,,,,,,,,,,,,,,,,,,,,,
,,,,,,,,,,,,,,,,,,,,,,,,,,,
,,,,,,,,,,,,,,,,,,,,,,,,,,,
,,,,,,,,,,,,,,,,,,,,,,,,,,,
,,,,,,,,,,,,,,,,,,,,,,,,,,,
,,,,,,,,,,,,,,,,,,,,,,,,,,,
,,,,,,,,,,,,,,,,,,,,,,,,,,,
,,,,,,,,,,,,,,,,,,,,,,,,,,,
,,,,,,,,,,,,,,,,,,,,,,,,,,,
,,,,,,,,,,,,,,,,,,,,,,,,,,,
,,,,,,,,,,,,,,,,,,,,,,,,,,,
,,,,,,,,,,,,,,,,,,,,,,,,,,,
,,,,,,,,,,,,,,,,,,,,,,,,,,,
,,,,,,,,,,,,,,,,,,,,,,,,,,,
,,,,,,,,,,,,,,,,,,,,,,,,,,,
,,,,,,,,,,,,,,,,,,,,,,,,,,,
,,,,,,,,,,,,,,,,,,,,,,,,,,,
,,,,,,,,,,,,,,,,,,,,,,,,,,,
,,,,,,,,,,,,,,,,,,,,,,,,,,,
,,,,,,,,,,,,,,,,,,,,,,,,,,,
,,,,,,,,,,,,,,,,,,,,,,,,,,,
,,,,,,,,,,,,,,,,,,,,,,,,,,,
,,,,,,,,,,,,,,,,,,,,,,,,,,,
,,,,,,,,,,,,,,,,,,,,,,,,,,,
,,,,,,,,,,,,,,,,,,,,,,,,,,,
,,,,,,,,,,,,,,,,,,,,,,,,,,,
,,,,,,,,,,,,,,,,,,,,,,,,,,,
,,,,,,,,,,,,,,,,,,,,,,,,,,,
,,,,,,,,,,,,,,,,,,,,,,,,,,,
,,,,,,,,,,,,,,,,,,,,,,,,,,,
,,,,,,,,,,,,,,,,,,,,,,,,,,,
,,,,,,,,,,,,,,,,,,,,,,,,,,,
,,,,,,,,,,,,,,,,,,,,,,,,,,,
,,,,,,,,,,,,,,,,,,,,,,,,,,,
,,,,,,,,,,,,,,,,,,,,,,,,,,,
,,,,,,,,,,,,,,,,,,,,,,,,,,,
,,,,,,,,,,,,,,,,,,,,,,,,,,,
,,,,,,,,,,,,,,,,,,,,,,,,,,,
,,,,,,,,,,,,,,,,,,,,,,,,,,,
,,,,,,,,,,,,,,,,,,,,,,,,,,,
,,,,,,,,,,,,,,,,,,,,,,,,,,,
,,,,,,,,,,,,,,,,,,,,,,,,,,,
,,,,,,,,,,,,,,,,,,,,,,,,,,,
,,,,,,,,,,,,,,,,,,,,,,,,,,,
,,,,,,,,,,,,,,,,,,,,,,,,,,,
,,,,,,,,,,,,,,,,,,,,,,,,,,,
,,,,,,,,,,,,,,,,,,,,,,,,,,,
,,,,,,,,,,,,,,,,,,,,,,,,,,,
,,,,,,,,,,,,,,,,,,,,,,,,,,,
,,,,,,,,,,,,,,,,,,,,,,,,,,,
,,,,,,,,,,,,,,,,,,,,,,,,,,,
,,,,,,,,,,,,,,,,,,,,,,,,,,,
,,,,,,,,,,,,,,,,,,,,,,,,,,,
,,,,,,,,,,,,,,,,,,,,,,,,,,,
,,,,,,,,,,,,,,,,,,,,,,,,,,,
,,,,,,,,,,,,,,,,,,,,,,,,,,,
,,,,,,,,,,,,,,,,,,,,,,,,,,,
,,,,,,,,,,,,,,,,,,,,,,,,,,,
,,,,,,,,,,,,,,,,,,,,,,,,,,,
,,,,,,,,,,,,,,,,,,,,,,,,,,,
,,,,,,,,,,,,,,,,,,,,,,,,,,,
,,,,,,,,,,,,,,,,,,,,,,,,,,,
,,,,,,,,,,,,,,,,,,,,,,,,,,,
,,,,,,,,,,,,,,,,,,,,,,,,,,,
,,,,,,,,,,,,,,,,,,,,,,,,,,,
,,,,,,,,,,,,,,,,,,,,,,,,,,,
,,,,,,,,,,,,,,,,,,,,,,,,,,,
,,,,,,,,,,,,,,,,,,,,,,,,,,,
,,,,,,,,,,,,,,,,,,,,,,,,,,,
,,,,,,,,,,,,,,,,,,,,,,,,,,,
,,,,,,,,,,,,,,,,,,,,,,,,,,,
,,,,,,,,,,,,,,,,,,,,,,,,,,,
,,,,,,,,,,,,,,,,,,,,,,,,,,,
,,,,,,,,,,,,,,,,,,,,,,,,,,,
,,,,,,,,,,,,,,,,,,,,,,,,,,,
,,,,,,,,,,,,,,,,,,,,,,,,,,,
,,,,,,,,,,,,,,,,,,,,,,,,,,,
,,,,,,,,,,,,,,,,,,,,,,,,,,,
,,,,,,,,,,,,,,,,,,,,,,,,,,,
,,,,,,,,,,,,,,,,,,,,,,,,,,,
,,,,,,,,,,,,,,,,,,,,,,,,,,,
,,,,,,,,,,,,,,,,,,,,,,,,,,,
,,,,,,,,,,,,,,,,,,,,,,,,,,,
,,,,,,,,,,,,,,,,,,,,,,,,,,,
,,,,,,,,,,,,,,,,,,,,,,,,,,,
,,,,,,,,,,,,,,,,,,,,,,,,,,,
,,,,,,,,,,,,,,,,,,,,,,,,,,,
,,,,,,,,,,,,,,,,,,,,,,,,,,,
,,,,,,,,,,,,,,,,,,,,,,,,,,,
,,,,,,,,,,,,,,,,,,,,,,,,,,,
,,,,,,,,,,,,,,,,,,,,,,,,,,,
,,,,,,,,,,,,,,,,,,,,,,,,,,,
,,,,,,,,,,,,,,,,,,,,,,,,,,,
,,,,,,,,,,,,,,,,,,,,,,,,,,,
,,,,,,,,,,,,,,,,,,,,,,,,,,,
,,,,,,,,,,,,,,,,,,,,,,,,,,,
,,,,,,,,,,,,,,,,,,,,,,,,,,,
,,,,,,,,,,,,,,,,,,,,,,,,,,,
,,,,,,,,,,,,,,,,,,,,,,,,,,,
,,,,,,,,,,,,,,,,,,,,,,,,,,,
,,,,,,,,,,,,,,,,,,,,,,,,,,,
,,,,,,,,,,,,,,,,,,,,,,,,,,,
,,,,,,,,,,,,,,,,,,,,,,,,,,,
,,,,,,,,,,,,,,,,,,,,,,,,,,,
,,,,,,,,,,,,,,,,,,,,,,,,,,,
,,,,,,,,,,,,,,,,,,,,,,,,,,,
,,,,,,,,,,,,,,,,,,,,,,,,,,,
,,,,,,,,,,,,,,,,,,,,,,,,,,,
,,,,,,,,,,,,,,,,,,,,,,,,,,,
,,,,,,,,,,,,,,,,,,,,,,,,,,,
,,,,,,,,,,,,,,,,,,,,,,,,,,,
,,,,,,,,,,,,,,,,,,,,,,,,,,,
,,,,,,,,,,,,,,,,,,,,,,,,,,,
,,,,,,,,,,,,,,,,,,,,,,,,,,,
,,,,,,,,,,,,,,,,,,,,,,,,,,,
,,,,,,,,,,,,,,,,,,,,,,,,,,,
,,,,,,,,,,,,,,,,,,,,,,,,,,,
,,,,,,,,,,,,,,,,,,,,,,,,,,,
,,,,,,,,,,,,,,,,,,,,,,,,,,,
,,,,,,,,,,,,,,,,,,,,,,,,,,,
,,,,,,,,,,,,,,,,,,,,,,,,,,,
,,,,,,,,,,,,,,,,,,,,,,,,,,,
,,,,,,,,,,,,,,,,,,,,,,,,,,,
,,,,,,,,,,,,,,,,,,,,,,,,,,,
,,,,,,,,,,,,,,,,,,,,,,,,,,,
,,,,,,,,,,,,,,,,,,,,,,,,,,,
,,,,,,,,,,,,,,,,,,,,,,,,,,,
,,,,,,,,,,,,,,,,,,,,,,,,,,,
,,,,,,,,,,,,,,,,,,,,,,,,,,,
,,,,,,,,,,,,,,,,,,,,,,,,,,,
,,,,,,,,,,,,,,,,,,,,,,,,,,,
,,,,,,,,,,,,,,,,,,,,,,,,,,,
,,,,,,,,,,,,,,,,,,,,,,,,,,,
,,,,,,,,,,,,,,,,,,,,,,,,,,,
,,,,,,,,,,,,,,,,,,,,,,,,,,,
,,,,,,,,,,,,,,,,,,,,,,,,,,,
,,,,,,,,,,,,,,,,,,,,,,,,,,,
,,,,,,,,,,,,,,,,,,,,,,,,,,,
,,,,,,,,,,,,,,,,,,,,,,,,,,,
,,,,,,,,,,,,,,,,,,,,,,,,,,,
,,,,,,,,,,,,,,,,,,,,,,,,,,,
,,,,,,,,,,,,,,,,,,,,,,,,,,,
,,,,,,,,,,,,,,,,,,,,,,,,,,,
,,,,,,,,,,,,,,,,,,,,,,,,,,,
,,,,,,,,,,,,,,,,,,,,,,,,,,,
,,,,,,,,,,,,,,,,,,,,,,,,,,,
,,,,,,,,,,,,,,,,,,,,,,,,,,,
,,,,,,,,,,,,,,,,,,,,,,,,,,,
,,,,,,,,,,,,,,,,,,,,,,,,,,,
,,,,,,,,,,,,,,,,,,,,,,,,,,,
,,,,,,,,,,,,,,,,,,,,,,,,,,,
,,,,,,,,,,,,,,,,,,,,,,,,,,,
,,,,,,,,,,,,,,,,,,,,,,,,,,,
,,,,,,,,,,,,,,,,,,,,,,,,,,,
,,,,,,,,,,,,,,,,,,,,,,,,,,,
,,,,,,,,,,,,,,,,,,,,,,,,,,,
,,,,,,,,,,,,,,,,,,,,,,,,,,,
,,,,,,,,,,,,,,,,,,,,,,,,,,,
,,,,,,,,,,,,,,,,,,,,,,,,,,,
,,,,,,,,,,,,,,,,,,,,,,,,,,,
,,,,,,,,,,,,,,,,,,,,,,,,,,,
,,,,,,,,,,,,,,,,,,,,,,,,,,,
,,,,,,,,,,,,,,,,,,,,,,,,,,,
,,,,,,,,,,,,,,,,,,,,,,,,,,,
,,,,,,,,,,,,,,,,,,,,,,,,,,,
,,,,,,,,,,,,,,,,,,,,,,,,,,,
,,,,,,,,,,,,,,,,,,,,,,,,,,,
,,,,,,,,,,,,,,,,,,,,,,,,,,,
,,,,,,,,,,,,,,,,,,,,,,,,,,,
,,,,,,,,,,,,,,,,,,,,,,,,,,,
,,,,,,,,,,,,,,,,,,,,,,,,,,,
,,,,,,,,,,,,,,,,,,,,,,,,,,,
,,,,,,,,,,,,,,,,,,,,,,,,,,,
,,,,,,,,,,,,,,,,,,,,,,,,,,,
,,,,,,,,,,,,,,,,,,,,,,,,,,,
,,,,,,,,,,,,,,,,,,,,,,,,,,,
,,,,,,,,,,,,,,,,,,,,,,,,,,,
,,,,,,,,,,,,,,,,,,,,,,,,,,,
,,,,,,,,,,,,,,,,,,,,,,,,,,,
,,,,,,,,,,,,,,,,,,,,,,,,,,,
,,,,,,,,,,,,,,,,,,,,,,,,,,,
,,,,,,,,,,,,,,,,,,,,,,,,,,,
,,,,,,,,,,,,,,,,,,,,,,,,,,,
,,,,,,,,,,,,,,,,,,,,,,,,,,,
,,,,,,,,,,,,,,,,,,,,,,,,,,,
,,,,,,,,,,,,,,,,,,,,,,,,,,,
,,,,,,,,,,,,,,,,,,,,,,,,,,,
,,,,,,,,,,,,,,,,,,,,,,,,,,,
,,,,,,,,,,,,,,,,,,,,,,,,,,,
,,,,,,,,,,,,,,,,,,,,,,,,,,,
,,,,,,,,,,,,,,,,,,,,,,,,,,,
,,,,,,,,,,,,,,,,,,,,,,,,,,,
,,,,,,,,,,,,,,,,,,,,,,,,,,,
,,,,,,,,,,,,,,,,,,,,,,,,,,,
,,,,,,,,,,,,,,,,,,,,,,,,,,,
,,,,,,,,,,,,,,,,,,,,,,,,,,,
,,,,,,,,,,,,,,,,,,,,,,,,,,,
,,,,,,,,,,,,,,,,,,,,,,,,,,,
,,,,,,,,,,,,,,,,,,,,,,,,,,,
,,,,,,,,,,,,,,,,,,,,,,,,,,,
,,,,,,,,,,,,,,,,,,,,,,,,,,,
,,,,,,,,,,,,,,,,,,,,,,,,,,,
,,,,,,,,,,,,,,,,,,,,,,,,,,,
,,,,,,,,,,,,,,,,,,,,,,,,,,,
,,,,,,,,,,,,,,,,,,,,,,,,,,,
,,,,,,,,,,,,,,,,,,,,,,,,,,,
,,,,,,,,,,,,,,,,,,,,,,,,,,,
,,,,,,,,,,,,,,,,,,,,,,,,,,,
,,,,,,,,,,,,,,,,,,,,,,,,,,,
,,,,,,,,,,,,,,,,,,,,,,,,,,,
,,,,,,,,,,,,,,,,,,,,,,,,,,,
,,,,,,,,,,,,,,,,,,,,,,,,,,,
,,,,,,,,,,,,,,,,,,,,,,,,,,,
,,,,,,,,,,,,,,,,,,,,,,,,,,,
,,,,,,,,,,,,,,,,,,,,,,,,,,,
,,,,,,,,,,,,,,,,,,,,,,,,,,,
,,,,,,,,,,,,,,,,,,,,,,,,,,,
,,,,,,,,,,,,,,,,,,,,,,,,,,,
,,,,,,,,,,,,,,,,,,,,,,,,,,,
,,,,,,,,,,,,,,,,,,,,,,,,,,,
,,,,,,,,,,,,,,,,,,,,,,,,,,,
,,,,,,,,,,,,,,,,,,,,,,,,,,,
,,,,,,,,,,,,,,,,,,,,,,,,,,,
,,,,,,,,,,,,,,,,,,,,,,,,,,,
,,,,,,,,,,,,,,,,,,,,,,,,,,,
,,,,,,,,,,,,,,,,,,,,,,,,,,,
,,,,,,,,,,,,,,,,,,,,,,,,,,,
,,,,,,,,,,,,,,,,,,,,,,,,,,,
,,,,,,,,,,,,,,,,,,,,,,,,,,,
,,,,,,,,,,,,,,,,,,,,,,,,,,,
,,,,,,,,,,,,,,,,,,,,,,,,,,,
,,,,,,,,,,,,,,,,,,,,,,,,,,,
,,,,,,,,,,,,,,,,,,,,,,,,,,,
,,,,,,,,,,,,,,,,,,,,,,,,,,,
,,,,,,,,,,,,,,,,,,,,,,,,,,,
,,,,,,,,,,,,,,,,,,,,,,,,,,,
,,,,,,,,,,,,,,,,,,,,,,,,,,,
,,,,,,,,,,,,,,,,,,,,,,,,,,,
,,,,,,,,,,,,,,,,,,,,,,,,,,,
,,,,,,,,,,,,,,,,,,,,,,,,,,,
,,,,,,,,,,,,,,,,,,,,,,,,,,,
,,,,,,,,,,,,,,,,,,,,,,,,,,,
,,,,,,,,,,,,,,,,,,,,,,,,,,,
,,,,,,,,,,,,,,,,,,,,,,,,,,,
,,,,,,,,,,,,,,,,,,,,,,,,,,,
,,,,,,,,,,,,,,,,,,,,,,,,,,,
,,,,,,,,,,,,,,,,,,,,,,,,,,,
,,,,,,,,,,,,,,,,,,,,,,,,,,,
,,,,,,,,,,,,,,,,,,,,,,,,,,,
,,,,,,,,,,,,,,,,,,,,,,,,,,,
,,,,,,,,,,,,,,,,,,,,,,,,,,,
,,,,,,,,,,,,,,,,,,,,,,,,,,,
,,,,,,,,,,,,,,,,,,,,,,,,,,,
,,,,,,,,,,,,,,,,,,,,,,,,,,,
,,,,,,,,,,,,,,,,,,,,,,,,,,,
,,,,,,,,,,,,,,,,,,,,,,,,,,,
,,,,,,,,,,,,,,,,,,,,,,,,,,,
,,,,,,,,,,,,,,,,,,,,,,,,,,,
,,,,,,,,,,,,,,,,,,,,,,,,,,,
,,,,,,,,,,,,,,,,,,,,,,,,,,,
,,,,,,,,,,,,,,,,,,,,,,,,,,,
,,,,,,,,,,,,,,,,,,,,,,,,,,,
,,,,,,,,,,,,,,,,,,,,,,,,,,,
,,,,,,,,,,,,,,,,,,,,,,,,,,,
,,,,,,,,,,,,,,,,,,,,,,,,,,,
,,,,,,,,,,,,,,,,,,,,,,,,,,,
,,,,,,,,,,,,,,,,,,,,,,,,,,,
,,,,,,,,,,,,,,,,,,,,,,,,,,,
,,,,,,,,,,,,,,,,,,,,,,,,,,,
,,,,,,,,,,,,,,,,,,,,,,,,,,,
,,,,,,,,,,,,,,,,,,,,,,,,,,,
,,,,,,,,,,,,,,,,,,,,,,,,,,,
,,,,,,,,,,,,,,,,,,,,,,,,,,,
,,,,,,,,,,,,,,,,,,,,,,,,,,,
,,,,,,,,,,,,,,,,,,,,,,,,,,,
,,,,,,,,,,,,,,,,,,,,,,,,,,,
,,,,,,,,,,,,,,,,,,,,,,,,,,,
,,,,,,,,,,,,,,,,,,,,,,,,,,,
,,,,,,,,,,,,,,,,,,,,,,,,,,,
,,,,,,,,,,,,,,,,,,,,,,,,,,,
,,,,,,,,,,,,,,,,,,,,,,,,,,,
,,,,,,,,,,,,,,,,,,,,,,,,,,,
,,,,,,,,,,,,,,,,,,,,,,,,,,,
,,,,,,,,,,,,,,,,,,,,,,,,,,,
,,,,,,,,,,,,,,,,,,,,,,,,,,,
,,,,,,,,,,,,,,,,,,,,,,,,,,,
,,,,,,,,,,,,,,,,,,,,,,,,,,,
,,,,,,,,,,,,,,,,,,,,,,,,,,,
,,,,,,,,,,,,,,,,,,,,,,,,,,,
,,,,,,,,,,,,,,,,,,,,,,,,,,,
,,,,,,,,,,,,,,,,,,,,,,,,,,,
,,,,,,,,,,,,,,,,,,,,,,,,,,,
,,,,,,,,,,,,,,,,,,,,,,,,,,,
,,,,,,,,,,,,,,,,,,,,,,,,,,,
,,,,,,,,,,,,,,,,,,,,,,,,,,,
,,,,,,,,,,,,,,,,,,,,,,,,,,,
,,,,,,,,,,,,,,,,,,,,,,,,,,,
,,,,,,,,,,,,,,,,,,,,,,,,,,,
,,,,,,,,,,,,,,,,,,,,,,,,,,,
,,,,,,,,,,,,,,,,,,,,,,,,,,,
,,,,,,,,,,,,,,,,,,,,,,,,,,,
,,,,,,,,,,,,,,,,,,,,,,,,,,,
,,,,,,,,,,,,,,,,,,,,,,,,,,,
,,,,,,,,,,,,,,,,,,,,,,,,,,,
,,,,,,,,,,,,,,,,,,,,,,,,,,,
,,,,,,,,,,,,,,,,,,,,,,,,,,,
,,,,,,,,,,,,,,,,,,,,,,,,,,,
,,,,,,,,,,,,,,,,,,,,,,,,,,,
,,,,,,,,,,,,,,,,,,,,,,,,,,,
,,,,,,,,,,,,,,,,,,,,,,,,,,,
,,,,,,,,,,,,,,,,,,,,,,,,,,,
,,,,,,,,,,,,,,,,,,,,,,,,,,,
,,,,,,,,,,,,,,,,,,,,,,,,,,,
,,,,,,,,,,,,,,,,,,,,,,,,,,,
,,,,,,,,,,,,,,,,,,,,,,,,,,,
,,,,,,,,,,,,,,,,,,,,,,,,,,,
,,,,,,,,,,,,,,,,,,,,,,,,,,,
,,,,,,,,,,,,,,,,,,,,,,,,,,,
,,,,,,,,,,,,,,,,,,,,,,,,,,,
,,,,,,,,,,,,,,,,,,,,,,,,,,,
,,,,,,,,,,,,,,,,,,,,,,,,,,,
,,,,,,,,,,,,,,,,,,,,,,,,,,,
,,,,,,,,,,,,,,,,,,,,,,,,,,,
,,,,,,,,,,,,,,,,,,,,,,,,,,,
,,,,,,,,,,,,,,,,,,,,,,,,,,,
,,,,,,,,,,,,,,,,,,,,,,,,,,,
,,,,,,,,,,,,,,,,,,,,,,,,,,,
,,,,,,,,,,,,,,,,,,,,,,,,,,,
,,,,,,,,,,,,,,,,,,,,,,,,,,,
,,,,,,,,,,,,,,,,,,,,,,,,,,,
,,,,,,,,,,,,,,,,,,,,,,,,,,,
,,,,,,,,,,,,,,,,,,,,,,,,,,,
,,,,,,,,,,,,,,,,,,,,,,,,,,,
,,,,,,,,,,,,,,,,,,,,,,,,,,,
,,,,,,,,,,,,,,,,,,,,,,,,,,,
,,,,,,,,,,,,,,,,,,,,,,,,,,,
,,,,,,,,,,,,,,,,,,,,,,,,,,,
,,,,,,,,,,,,,,,,,,,,,,,,,,,
,,,,,,,,,,,,,,,,,,,,,,,,,,,
,,,,,,,,,,,,,,,,,,,,,,,,,,,
,,,,,,,,,,,,,,,,,,,,,,,,,,,
,,,,,,,,,,,,,,,,,,,,,,,,,,,
,,,,,,,,,,,,,,,,,,,,,,,,,,,
,,,,,,,,,,,,,,,,,,,,,,,,,,,
,,,,,,,,,,,,,,,,,,,,,,,,,,,
,,,,,,,,,,,,,,,,,,,,,,,,,,,
,,,,,,,,,,,,,,,,,,,,,,,,,,,
,,,,,,,,,,,,,,,,,,,,,,,,,,,
,,,,,,,,,,,,,,,,,,,,,,,,,,,
,,,,,,,,,,,,,,,,,,,,,,,,,,,
,,,,,,,,,,,,,,,,,,,,,,,,,,,
,,,,,,,,,,,,,,,,,,,,,,,,,,,
,,,,,,,,,,,,,,,,,,,,,,,,,,,
,,,,,,,,,,,,,,,,,,,,,,,,,,,
,,,,,,,,,,,,,,,,,,,,,,,,,,,
,,,,,,,,,,,,,,,,,,,,,,,,,,,
,,,,,,,,,,,,,,,,,,,,,,,,,,,
,,,,,,,,,,,,,,,,,,,,,,,,,,,
,,,,,,,,,,,,,,,,,,,,,,,,,,,
,,,,,,,,,,,,,,,,,,,,,,,,,,,
,,,,,,,,,,,,,,,,,,,,,,,,,,,
,,,,,,,,,,,,,,,,,,,,,,,,,,,
,,,,,,,,,,,,,,,,,,,,,,,,,,,
,,,,,,,,,,,,,,,,,,,,,,,,,,,
,,,,,,,,,,,,,,,,,,,,,,,,,,,
,,,,,,,,,,,,,,,,,,,,,,,,,,,
,,,,,,,,,,,,,,,,,,,,,,,,,,,
,,,,,,,,,,,,,,,,,,,,,,,,,,,
,,,,,,,,,,,,,,,,,,,,,,,,,,,
,,,,,,,,,,,,,,,,,,,,,,,,,,,
,,,,,,,,,,,,,,,,,,,,,,,,,,,
,,,,,,,,,,,,,,,,,,,,,,,,,,,
,,,,,,,,,,,,,,,,,,,,,,,,,,,
,,,,,,,,,,,,,,,,,,,,,,,,,,,
,,,,,,,,,,,,,,,,,,,,,,,,,,,
,,,,,,,,,,,,,,,,,,,,,,,,,,,
,,,,,,,,,,,,,,,,,,,,,,,,,,,
,,,,,,,,,,,,,,,,,,,,,,,,,,,
,,,,,,,,,,,,,,,,,,,,,,,,,,,
,,,,,,,,,,,,,,,,,,,,,,,,,,,
,,,,,,,,,,,,,,,,,,,,,,,,,,,
,,,,,,,,,,,,,,,,,,,,,,,,,,,
,,,,,,,,,,,,,,,,,,,,,,,,,,,
,,,,,,,,,,,,,,,,,,,,,,,,,,,
,,,,,,,,,,,,,,,,,,,,,,,,,,,
,,,,,,,,,,,,,,,,,,,,,,,,,,,
,,,,,,,,,,,,,,,,,,,,,,,,,,,
,,,,,,,,,,,,,,,,,,,,,,,,,,,
,,,,,,,,,,,,,,,,,,,,,,,,,,,
,,,,,,,,,,,,,,,,,,,,,,,,,,,
,,,,,,,,,,,,,,,,,,,,,,,,,,,
,,,,,,,,,,,,,,,,,,,,,,,,,,,
,,,,,,,,,,,,,,,,,,,,,,,,,,,
,,,,,,,,,,,,,,,,,,,,,,,,,,,
,,,,,,,,,,,,,,,,,,,,,,,,,,,
,,,,,,,,,,,,,,,,,,,,,,,,,,,
,,,,,,,,,,,,,,,,,,,,,,,,,,,
,,,,,,,,,,,,,,,,,,,,,,,,,,,
,,,,,,,,,,,,,,,,,,,,,,,,,,,
,,,,,,,,,,,,,,,,,,,,,,,,,,,
,,,,,,,,,,,,,,,,,,,,,,,,,,,
,,,,,,,,,,,,,,,,,,,,,,,,,,,
,,,,,,,,,,,,,,,,,,,,,,,,,,,
,,,,,,,,,,,,,,,,,,,,,,,,,,,
,,,,,,,,,,,,,,,,,,,,,,,,,,,
,,,,,,,,,,,,,,,,,,,,,,,,,,,
,,,,,,,,,,,,,,,,,,,,,,,,,,,
,,,,,,,,,,,,,,,,,,,,,,,,,,,
,,,,,,,,,,,,,,,,,,,,,,,,,,,
,,,,,,,,,,,,,,,,,,,,,,,,,,,
,,,,,,,,,,,,,,,,,,,,,,,,,,,
,,,,,,,,,,,,,,,,,,,,,,,,,,,
,,,,,,,,,,,,,,,,,,,,,,,,,,,
,,,,,,,,,,,,,,,,,,,,,,,,,,,
,,,,,,,,,,,,,,,,,,,,,,,,,,,
,,,,,,,,,,,,,,,,,,,,,,,,,,,
,,,,,,,,,,,,,,,,,,,,,,,,,,,
,,,,,,,,,,,,,,,,,,,,,,,,,,,
,,,,,,,,,,,,,,,,,,,,,,,,,,,
,,,,,,,,,,,,,,,,,,,,,,,,,,,
,,,,,,,,,,,,,,,,,,,,,,,,,,,
,,,,,,,,,,,,,,,,,,,,,,,,,,,
,,,,,,,,,,,,,,,,,,,,,,,,,,,
,,,,,,,,,,,,,,,,,,,,,,,,,,,
,,,,,,,,,,,,,,,,,,,,,,,,,,,
,,,,,,,,,,,,,,,,,,,,,,,,,,,
,,,,,,,,,,,,,,,,,,,,,,,,,,,
,,,,,,,,,,,,,,,,,,,,,,,,,,,
,,,,,,,,,,,,,,,,,,,,,,,,,,,
,,,,,,,,,,,,,,,,,,,,,,,,,,,
,,,,,,,,,,,,,,,,,,,,,,,,,,,
,,,,,,,,,,,,,,,,,,,,,,,,,,,
,,,,,,,,,,,,,,,,,,,,,,,,,,,
,,,,,,,,,,,,,,,,,,,,,,,,,,,
,,,,,,,,,,,,,,,,,,,,,,,,,,,
,,,,,,,,,,,,,,,,,,,,,,,,,,,
,,,,,,,,,,,,,,,,,,,,,,,,,,,
,,,,,,,,,,,,,,,,,,,,,,,,,,,
,,,,,,,,,,,,,,,,,,,,,,,,,,,
,,,,,,,,,,,,,,,,,,,,,,,,,,,
,,,,,,,,,,,,,,,,,,,,,,,,,,,
,,,,,,,,,,,,,,,,,,,,,,,,,,,
,,,,,,,,,,,,,,,,,,,,,,,,,,,
,,,,,,,,,,,,,,,,,,,,,,,,,,,
,,,,,,,,,,,,,,,,,,,,,,,,,,,
,,,,,,,,,,,,,,,,,,,,,,,,,,,
,,,,,,,,,,,,,,,,,,,,,,,,,,,
,,,,,,,,,,,,,,,,,,,,,,,,,,,
,,,,,,,,,,,,,,,,,,,,,,,,,,,
,,,,,,,,,,,,,,,,,,,,,,,,,,,
,,,,,,,,,,,,,,,,,,,,,,,,,,,
,,,,,,,,,,,,,,,,,,,,,,,,,,,
,,,,,,,,,,,,,,,,,,,,,,,,,,,
,,,,,,,,,,,,,,,,,,,,,,,,,,,
,,,,,,,,,,,,,,,,,,,,,,,,,,,
,,,,,,,,,,,,,,,,,,,,,,,,,,,
,,,,,,,,,,,,,,,,,,,,,,,,,,,
,,,,,,,,,,,,,,,,,,,,,,,,,,,
,,,,,,,,,,,,,,,,,,,,,,,,,,,
,,,,,,,,,,,,,,,,,,,,,,,,,,,
,,,,,,,,,,,,,,,,,,,,,,,,,,,
,,,,,,,,,,,,,,,,,,,,,,,,,,,
,,,,,,,,,,,,,,,,,,,,,,,,,,,
,,,,,,,,,,,,,,,,,,,,,,,,,,,
,,,,,,,,,,,,,,,,,,,,,,,,,,,
,,,,,,,,,,,,,,,,,,,,,,,,,,,
,,,,,,,,,,,,,,,,,,,,,,,,,,,
,,,,,,,,,,,,,,,,,,,,,,,,,,,
,,,,,,,,,,,,,,,,,,,,,,,,,,,
,,,,,,,,,,,,,,,,,,,,,,,,,,,
,,,,,,,,,,,,,,,,,,,,,,,,,,,
,,,,,,,,,,,,,,,,,,,,,,,,,,,
,,,,,,,,,,,,,,,,,,,,,,,,,,,
,,,,,,,,,,,,,,,,,,,,,,,,,,,
,,,,,,,,,,,,,,,,,,,,,,,,,,,
,,,,,,,,,,,,,,,,,,,,,,,,,,,
,,,,,,,,,,,,,,,,,,,,,,,,,,,
,,,,,,,,,,,,,,,,,,,,,,,,,,,
,,,,,,,,,,,,,,,,,,,,,,,,,,,
,,,,,,,,,,,,,,,,,,,,,,,,,,,
,,,,,,,,,,,,,,,,,,,,,,,,,,,
,,,,,,,,,,,,,,,,,,,,,,,,,,,
,,,,,,,,,,,,,,,,,,,,,,,,,,,
,,,,,,,,,,,,,,,,,,,,,,,,,,,
,,,,,,,,,,,,,,,,,,,,,,,,,,,
,,,,,,,,,,,,,,,,,,,,,,,,,,,
,,,,,,,,,,,,,,,,,,,,,,,,,,,
,,,,,,,,,,,,,,,,,,,,,,,,,,,
,,,,,,,,,,,,,,,,,,,,,,,,,,,
,,,,,,,,,,,,,,,,,,,,,,,,,,,
,,,,,,,,,,,,,,,,,,,,,,,,,,,
,,,,,,,,,,,,,,,,,,,,,,,,,,,
,,,,,,,,,,,,,,,,,,,,,,,,,,,
,,,,,,,,,,,,,,,,,,,,,,,,,,,
,,,,,,,,,,,,,,,,,,,,,,,,,,,
,,,,,,,,,,,,,,,,,,,,,,,,,,,
,,,,,,,,,,,,,,,,,,,,,,,,,,,
,,,,,,,,,,,,,,,,,,,,,,,,,,,
,,,,,,,,,,,,,,,,,,,,,,,,,,,
,,,,,,,,,,,,,,,,,,,,,,,,,,,
,,,,,,,,,,,,,,,,,,,,,,,,,,,
,,,,,,,,,,,,,,,,,,,,,,,,,,,
,,,,,,,,,,,,,,,,,,,,,,,,,,,
,,,,,,,,,,,,,,,,,,,,,,,,,,,
,,,,,,,,,,,,,,,,,,,,,,,,,,,
,,,,,,,,,,,,,,,,,,,,,,,,,,,
,,,,,,,,,,,,,,,,,,,,,,,,,,,
,,,,,,,,,,,,,,,,,,,,,,,,,,,
,,,,,,,,,,,,,,,,,,,,,,,,,,,
,,,,,,,,,,,,,,,,,,,,,,,,,,,
,,,,,,,,,,,,,,,,,,,,,,,,,,,
,,,,,,,,,,,,,,,,,,,,,,,,,,,
,,,,,,,,,,,,,,,,,,,,,,,,,,,
,,,,,,,,,,,,,,,,,,,,,,,,,,,
,,,,,,,,,,,,,,,,,,,,,,,,,,,
,,,,,,,,,,,,,,,,,,,,,,,,,,,
,,,,,,,,,,,,,,,,,,,,,,,,,,,
,,,,,,,,,,,,,,,,,,,,,,,,,,,
,,,,,,,,,,,,,,,,,,,,,,,,,,,
,,,,,,,,,,,,,,,,,,,,,,,,,,,
,,,,,,,,,,,,,,,,,,,,,,,,,,,
,,,,,,,,,,,,,,,,,,,,,,,,,,,
,,,,,,,,,,,,,,,,,,,,,,,,,,,
,,,,,,,,,,,,,,,,,,,,,,,,,,,
,,,,,,,,,,,,,,,,,,,,,,,,,,,
,,,,,,,,,,,,,,,,,,,,,,,,,,,
,,,,,,,,,,,,,,,,,,,,,,,,,,,
,,,,,,,,,,,,,,,,,,,,,,,,,,,
,,,,,,,,,,,,,,,,,,,,,,,,,,,
,,,,,,,,,,,,,,,,,,,,,,,,,,,
,,,,,,,,,,,,,,,,,,,,,,,,,,,
,,,,,,,,,,,,,,,,,,,,,,,,,,,
,,,,,,,,,,,,,,,,,,,,,,,,,,,
,,,,,,,,,,,,,,,,,,,,,,,,,,,
,,,,,,,,,,,,,,,,,,,,,,,,,,,
,,,,,,,,,,,,,,,,,,,,,,,,,,,
,,,,,,,,,,,,,,,,,,,,,,,,,,,
,,,,,,,,,,,,,,,,,,,,,,,,,,,
,,,,,,,,,,,,,,,,,,,,,,,,,,,
,,,,,,,,,,,,,,,,,,,,,,,,,,,
,,,,,,,,,,,,,,,,,,,,,,,,,,,
,,,,,,,,,,,,,,,,,,,,,,,,,,,
,,,,,,,,,,,,,,,,,,,,,,,,,,,
,,,,,,,,,,,,,,,,,,,,,,,,,,,
,,,,,,,,,,,,,,,,,,,,,,,,,,,
,,,,,,,,,,,,,,,,,,,,,,,,,,,
,,,,,,,,,,,,,,,,,,,,,,,,,,,
,,,,,,,,,,,,,,,,,,,,,,,,,,,
,,,,,,,,,,,,,,,,,,,,,,,,,,,
,,,,,,,,,,,,,,,,,,,,,,,,,,,
,,,,,,,,,,,,,,,,,,,,,,,,,,,
,,,,,,,,,,,,,,,,,,,,,,,,,,,
,,,,,,,,,,,,,,,,,,,,,,,,,,,
,,,,,,,,,,,,,,,,,,,,,,,,,,,
,,,,,,,,,,,,,,,,,,,,,,,,,,,
,,,,,,,,,,,,,,,,,,,,,,,,,,,
,,,,,,,,,,,,,,,,,,,,,,,,,,,
,,,,,,,,,,,,,,,,,,,,,,,,,,,
,,,,,,,,,,,,,,,,,,,,,,,,,,,
,,,,,,,,,,,,,,,,,,,,,,,,,,,
,,,,,,,,,,,,,,,,,,,,,,,,,,,
,,,,,,,,,,,,,,,,,,,,,,,,,,,
,,,,,,,,,,,,,,,,,,,,,,,,,,,
,,,,,,,,,,,,,,,,,,,,,,,,,,,
,,,,,,,,,,,,,,,,,,,,,,,,,,,
,,,,,,,,,,,,,,,,,,,,,,,,,,,
,,,,,,,,,,,,,,,,,,,,,,,,,,,
,,,,,,,,,,,,,,,,,,,,,,,,,,,
,,,,,,,,,,,,,,,,,,,,,,,,,,,
,,,,,,,,,,,,,,,,,,,,,,,,,,,
,,,,,,,,,,,,,,,,,,,,,,,,,,,
,,,,,,,,,,,,,,,,,,,,,,,,,,,
,,,,,,,,,,,,,,,,,,,,,,,,,,,
,,,,,,,,,,,,,,,,,,,,,,,,,,,
,,,,,,,,,,,,,,,,,,,,,,,,,,,
,,,,,,,,,,,,,,,,,,,,,,,,,,,
,,,,,,,,,,,,,,,,,,,,,,,,,,,
,,,,,,,,,,,,,,,,,,,,,,,,,,,
,,,,,,,,,,,,,,,,,,,,,,,,,,,
,,,,,,,,,,,,,,,,,,,,,,,,,,,
,,,,,,,,,,,,,,,,,,,,,,,,,,,
,,,,,,,,,,,,,,,,,,,,,,,,,,,
,,,,,,,,,,,,,,,,,,,,,,,,,,,
,,,,,,,,,,,,,,,,,,,,,,,,,,,
,,,,,,,,,,,,,,,,,,,,,,,,,,,
,,,,,,,,,,,,,,,,,,,,,,,,,,,
,,,,,,,,,,,,,,,,,,,,,,,,,,,
,,,,,,,,,,,,,,,,,,,,,,,,,,,
,,,,,,,,,,,,,,,,,,,,,,,,,,,
,,,,,,,,,,,,,,,,,,,,,,,,,,,
,,,,,,,,,,,,,,,,,,,,,,,,,,,
,,,,,,,,,,,,,,,,,,,,,,,,,,,
,,,,,,,,,,,,,,,,,,,,,,,,,,,
,,,,,,,,,,,,,,,,,,,,,,,,,,,
,,,,,,,,,,,,,,,,,,,,,,,,,,,
,,,,,,,,,,,,,,,,,,,,,,,,,,,
,,,,,,,,,,,,,,,,,,,,,,,,,,,
,,,,,,,,,,,,,,,,,,,,,,,,,,,
,,,,,,,,,,,,,,,,,,,,,,,,,,,
,,,,,,,,,,,,,,,,,,,,,,,,,,,
,,,,,,,,,,,,,,,,,,,,,,,,,,,
,,,,,,,,,,,,,,,,,,,,,,,,,,,
,,,,,,,,,,,,,,,,,,,,,,,,,,,
,,,,,,,,,,,,,,,,,,,,,,,,,,,
,,,,,,,,,,,,,,,,,,,,,,,,,,,
,,,,,,,,,,,,,,,,,,,,,,,,,,,
,,,,,,,,,,,,,,,,,,,,,,,,,,,
,,,,,,,,,,,,,,,,,,,,,,,,,,,
,,,,,,,,,,,,,,,,,,,,,,,,,,,
,,,,,,,,,,,,,,,,,,,,,,,,,,,
,,,,,,,,,,,,,,,,,,,,,,,,,,,
,,,,,,,,,,,,,,,,,,,,,,,,,,,
,,,,,,,,,,,,,,,,,,,,,,,,,,,
,,,,,,,,,,,,,,,,,,,,,,,,,,,
,,,,,,,,,,,,,,,,,,,,,,,,,,,
,,,,,,,,,,,,,,,,,,,,,,,,,,,
,,,,,,,,,,,,,,,,,,,,,,,,,,,
,,,,,,,,,,,,,,,,,,,,,,,,,,,
,,,,,,,,,,,,,,,,,,,,,,,,,,,
,,,,,,,,,,,,,,,,,,,,,,,,,,,
,,,,,,,,,,,,,,,,,,,,,,,,,,,
,,,,,,,,,,,,,,,,,,,,,,,,,,,
,,,,,,,,,,,,,,,,,,,,,,,,,,,
,,,,,,,,,,,,,,,,,,,,,,,,,,,
,,,,,,,,,,,,,,,,,,,,,,,,,,,
,,,,,,,,,,,,,,,,,,,,,,,,,,,
,,,,,,,,,,,,,,,,,,,,,,,,,,,
,,,,,,,,,,,,,,,,,,,,,,,,,,,
,,,,,,,,,,,,,,,,,,,,,,,,,,,
,,,,,,,,,,,,,,,,,,,,,,,,,,,
,,,,,,,,,,,,,,,,,,,,,,,,,,,
,,,,,,,,,,,,,,,,,,,,,,,,,,,
,,,,,,,,,,,,,,,,,,,,,,,,,,,
,,,,,,,,,,,,,,,,,,,,,,,,,,,
,,,,,,,,,,,,,,,,,,,,,,,,,,,
,,,,,,,,,,,,,,,,,,,,,,,,,,,
,,,,,,,,,,,,,,,,,,,,,,,,,,,
,,,,,,,,,,,,,,,,,,,,,,,,,,,
,,,,,,,,,,,,,,,,,,,,,,,,,,,
,,,,,,,,,,,,,,,,,,,,,,,,,,,
,,,,,,,,,,,,,,,,,,,,,,,,,,,
,,,,,,,,,,,,,,,,,,,,,,,,,,,
,,,,,,,,,,,,,,,,,,,,,,,,,,,
,,,,,,,,,,,,,,,,,,,,,,,,,,,
,,,,,,,,,,,,,,,,,,,,,,,,,,,
,,,,,,,,,,,,,,,,,,,,,,,,,,,
,,,,,,,,,,,,,,,,,,,,,,,,,,,
,,,,,,,,,,,,,,,,,,,,,,,,,,,
,,,,,,,,,,,,,,,,,,,,,,,,,,,
,,,,,,,,,,,,,,,,,,,,,,,,,,,
,,,,,,,,,,,,,,,,,,,,,,,,,,,
,,,,,,,,,,,,,,,,,,,,,,,,,,,
,,,,,,,,,,,,,,,,,,,,,,,,,,,
,,,,,,,,,,,,,,,,,,,,,,,,,,,
,,,,,,,,,,,,,,,,,,,,,,,,,,,
,,,,,,,,,,,,,,,,,,,,,,,,,,,
,,,,,,,,,,,,,,,,,,,,,,,,,,,
,,,,,,,,,,,,,,,,,,,,,,,,,,,
,,,,,,,,,,,,,,,,,,,,,,,,,,,
,,,,,,,,,,,,,,,,,,,,,,,,,,,
,,,,,,,,,,,,,,,,,,,,,,,,,,,
,,,,,,,,,,,,,,,,,,,,,,,,,,,
,,,,,,,,,,,,,,,,,,,,,,,,,,,
,,,,,,,,,,,,,,,,,,,,,,,,,,,
,,,,,,,,,,,,,,,,,,,,,,,,,,,
,,,,,,,,,,,,,,,,,,,,,,,,,,,
,,,,,,,,,,,,,,,,,,,,,,,,,,,
,,,,,,,,,,,,,,,,,,,,,,,,,,,
,,,,,,,,,,,,,,,,,,,,,,,,,,,
,,,,,,,,,,,,,,,,,,,,,,,,,,,
,,,,,,,,,,,,,,,,,,,,,,,,,,,
,,,,,,,,,,,,,,,,,,,,,,,,,,,
,,,,,,,,,,,,,,,,,,,,,,,,,,,
,,,,,,,,,,,,,,,,,,,,,,,,,,,
,,,,,,,,,,,,,,,,,,,,,,,,,,,
,,,,,,,,,,,,,,,,,,,,,,,,,,,
,,,,,,,,,,,,,,,,,,,,,,,,,,,
,,,,,,,,,,,,,,,,,,,,,,,,,,,
,,,,,,,,,,,,,,,,,,,,,,,,,,,
,,,,,,,,,,,,,,,,,,,,,,,,,,,
,,,,,,,,,,,,,,,,,,,,,,,,,,,
,,,,,,,,,,,,,,,,,,,,,,,,,,,
,,,,,,,,,,,,,,,,,,,,,,,,,,,
,,,,,,,,,,,,,,,,,,,,,,,,,,,
,,,,,,,,,,,,,,,,,,,,,,,,,,,
,,,,,,,,,,,,,,,,,,,,,,,,,,,
,,,,,,,,,,,,,,,,,,,,,,,,,,,
,,,,,,,,,,,,,,,,,,,,,,,,,,,
,,,,,,,,,,,,,,,,,,,,,,,,,,,
,,,,,,,,,,,,,,,,,,,,,,,,,,,
,,,,,,,,,,,,,,,,,,,,,,,,,,,
,,,,,,,,,,,,,,,,,,,,,,,,,,,
,,,,,,,,,,,,,,,,,,,,,,,,,,,
,,,,,,,,,,,,,,,,,,,,,,,,,,,
,,,,,,,,,,,,,,,,,,,,,,,,,,,
,,,,,,,,,,,,,,,,,,,,,,,,,,,
,,,,,,,,,,,,,,,,,,,,,,,,,,,
,,,,,,,,,,,,,,,,,,,,,,,,,,,
,,,,,,,,,,,,,,,,,,,,,,,,,,,
,,,,,,,,,,,,,,,,,,,,,,,,,,,
,,,,,,,,,,,,,,,,,,,,,,,,,,,
,,,,,,,,,,,,,,,,,,,,,,,,,,,
,,,,,,,,,,,,,,,,,,,,,,,,,,,
,,,,,,,,,,,,,,,,,,,,,,,,,,,
,,,,,,,,,,,,,,,,,,,,,,,,,,,
,,,,,,,,,,,,,,,,,,,,,,,,,,,
,,,,,,,,,,,,,,,,,,,,,,,,,,,
,,,,,,,,,,,,,,,,,,,,,,,,,,,
,,,,,,,,,,,,,,,,,,,,,,,,,,,
,,,,,,,,,,,,,,,,,,,,,,,,,,,
,,,,,,,,,,,,,,,,,,,,,,,,,,,
,,,,,,,,,,,,,,,,,,,,,,,,,,,
,,,,,,,,,,,,,,,,,,,,,,,,,,,
,,,,,,,,,,,,,,,,,,,,,,,,,,,
,,,,,,,,,,,,,,,,,,,,,,,,,,,
,,,,,,,,,,,,,,,,,,,,,,,,,,,
,,,,,,,,,,,,,,,,,,,,,,,,,,,
,,,,,,,,,,,,,,,,,,,,,,,,,,,
,,,,,,,,,,,,,,,,,,,,,,,,,,,
,,,,,,,,,,,,,,,,,,,,,,,,,,,
,,,,,,,,,,,,,,,,,,,,,,,,,,,
,,,,,,,,,,,,,,,,,,,,,,,,,,,
,,,,,,,,,,,,,,,,,,,,,,,,,,,
,,,,,,,,,,,,,,,,,,,,,,,,,,,
,,,,,,,,,,,,,,,,,,,,,,,,,,,
,,,,,,,,,,,,,,,,,,,,,,,,,,,
,,,,,,,,,,,,,,,,,,,,,,,,,,,
,,,,,,,,,,,,,,,,,,,,,,,,,,,
,,,,,,,,,,,,,,,,,,,,,,,,,,,
,,,,,,,,,,,,,,,,,,,,,,,,,,,
,,,,,,,,,,,,,,,,,,,,,,,,,,,
,,,,,,,,,,,,,,,,,,,,,,,,,,,
,,,,,,,,,,,,,,,,,,,,,,,,,,,
,,,,,,,,,,,,,,,,,,,,,,,,,,,
,,,,,,,,,,,,,,,,,,,,,,,,,,,
,,,,,,,,,,,,,,,,,,,,,,,,,,,
,,,,,,,,,,,,,,,,,,,,,,,,,,,
,,,,,,,,,,,,,,,,,,,,,,,,,,,
,,,,,,,,,,,,,,,,,,,,,,,,,,,
,,,,,,,,,,,,,,,,,,,,,,,,,,,
,,,,,,,,,,,,,,,,,,,,,,,,,,,
,,,,,,,,,,,,,,,,,,,,,,,,,,,
,,,,,,,,,,,,,,,,,,,,,,,,,,,
,,,,,,,,,,,,,,,,,,,,,,,,,,,
,,,,,,,,,,,,,,,,,,,,,,,,,,,
,,,,,,,,,,,,,,,,,,,,,,,,,,,
,,,,,,,,,,,,,,,,,,,,,,,,,,,
,,,,,,,,,,,,,,,,,,,,,,,,,,,
,,,,,,,,,,,,,,,,,,,,,,,,,,,
,,,,,,,,,,,,,,,,,,,,,,,,,,,
,,,,,,,,,,,,,,,,,,,,,,,,,,,
,,,,,,,,,,,,,,,,,,,,,,,,,,,
,,,,,,,,,,,,,,,,,,,,,,,,,,,
,,,,,,,,,,,,,,,,,,,,,,,,,,,
,,,,,,,,,,,,,,,,,,,,,,,,,,,
,,,,,,,,,,,,,,,,,,,,,,,,,,,
,,,,,,,,,,,,,,,,,,,,,,,,,,,
,,,,,,,,,,,,,,,,,,,,,,,,,,,
,,,,,,,,,,,,,,,,,,,,,,,,,,,
,,,,,,,,,,,,,,,,,,,,,,,,,,,
,,,,,,,,,,,,,,,,,,,,,,,,,,,
,,,,,,,,,,,,,,,,,,,,,,,,,,,
,,,,,,,,,,,,,,,,,,,,,,,,,,,
,,,,,,,,,,,,,,,,,,,,,,,,,,,
,,,,,,,,,,,,,,,,,,,,,,,,,,,
,,,,,,,,,,,,,,,,,,,,,,,,,,,
,,,,,,,,,,,,,,,,,,,,,,,,,,,
,,,,,,,,,,,,,,,,,,,,,,,,,,,
,,,,,,,,,,,,,,,,,,,,,,,,,,,
,,,,,,,,,,,,,,,,,,,,,,,,,,,
,,,,,,,,,,,,,,,,,,,,,,,,,,,
,,,,,,,,,,,,,,,,,,,,,,,,,,,
,,,,,,,,,,,,,,,,,,,,,,,,,,,
,,,,,,,,,,,,,,,,,,,,,,,,,,,
,,,,,,,,,,,,,,,,,,,,,,,,,,,
,,,,,,,,,,,,,,,,,,,,,,,,,,,
,,,,,,,,,,,,,,,,,,,,,,,,,,,
,,,,,,,,,,,,,,,,,,,,,,,,,,,
,,,,,,,,,,,,,,,,,,,,,,,,,,,
,,,,,,,,,,,,,,,,,,,,,,,,,,,
,,,,,,,,,,,,,,,,,,,,,,,,,,,
,,,,,,,,,,,,,,,,,,,,,,,,,,,
,,,,,,,,,,,,,,,,,,,,,,,,,,,
,,,,,,,,,,,,,,,,,,,,,,,,,,,
,,,,,,,,,,,,,,,,,,,,,,,,,,,
,,,,,,,,,,,,,,,,,,,,,,,,,,,
,,,,,,,,,,,,,,,,,,,,,,,,,,,
,,,,,,,,,,,,,,,,,,,,,,,,,,,
,,,,,,,,,,,,,,,,,,,,,,,,,,,
,,,,,,,,,,,,,,,,,,,,,,,,,,,
,,,,,,,,,,,,,,,,,,,,,,,,,,,
,,,,,,,,,,,,,,,,,,,,,,,,,,,
,,,,,,,,,,,,,,,,,,,,,,,,,,,
,,,,,,,,,,,,,,,,,,,,,,,,,,,
,,,,,,,,,,,,,,,,,,,,,,,,,,,
,,,,,,,,,,,,,,,,,,,,,,,,,,,
,,,,,,,,,,,,,,,,,,,,,,,,,,,
,,,,,,,,,,,,,,,,,,,,,,,,,,,
,,,,,,,,,,,,,,,,,,,,,,,,,,,
,,,,,,,,,,,,,,,,,,,,,,,,,,,
,,,,,,,,,,,,,,,,,,,,,,,,,,,
,,,,,,,,,,,,,,,,,,,,,,,,,,,
,,,,,,,,,,,,,,,,,,,,,,,,,,,
,,,,,,,,,,,,,,,,,,,,,,,,,,,
,,,,,,,,,,,,,,,,,,,,,,,,,,,
,,,,,,,,,,,,,,,,,,,,,,,,,,,
,,,,,,,,,,,,,,,,,,,,,,,,,,,
,,,,,,,,,,,,,,,,,,,,,,,,,,,
,,,,,,,,,,,,,,,,,,,,,,,,,,,
,,,,,,,,,,,,,,,,,,,,,,,,,,,
,,,,,,,,,,,,,,,,,,,,,,,,,,,
,,,,,,,,,,,,,,,,,,,,,,,,,,,
,,,,,,,,,,,,,,,,,,,,,,,,,,,
,,,,,,,,,,,,,,,,,,,,,,,,,,,
,,,,,,,,,,,,,,,,,,,,,,,,,,,
,,,,,,,,,,,,,,,,,,,,,,,,,,,
,,,,,,,,,,,,,,,,,,,,,,,,,,,
,,,,,,,,,,,,,,,,,,,,,,,,,,,
,,,,,,,,,,,,,,,,,,,,,,,,,,,
,,,,,,,,,,,,,,,,,,,,,,,,,,,
,,,,,,,,,,,,,,,,,,,,,,,,,,,
,,,,,,,,,,,,,,,,,,,,,,,,,,,
,,,,,,,,,,,,,,,,,,,,,,,,,,,
,,,,,,,,,,,,,,,,,,,,,,,,,,,
,,,,,,,,,,,,,,,,,,,,,,,,,,,
,,,,,,,,,,,,,,,,,,,,,,,,,,,
,,,,,,,,,,,,,,,,,,,,,,,,,,,
,,,,,,,,,,,,,,,,,,,,,,,,,,,
,,,,,,,,,,,,,,,,,,,,,,,,,,,
,,,,,,,,,,,,,,,,,,,,,,,,,,,
,,,,,,,,,,,,,,,,,,,,,,,,,,,
,,,,,,,,,,,,,,,,,,,,,,,,,,,
,,,,,,,,,,,,,,,,,,,,,,,,,,,
,,,,,,,,,,,,,,,,,,,,,,,,,,,
,,,,,,,,,,,,,,,,,,,,,,,,,,,
,,,,,,,,,,,,,,,,,,,,,,,,,,,
,,,,,,,,,,,,,,,,,,,,,,,,,,,
,,,,,,,,,,,,,,,,,,,,,,,,,,,
,,,,,,,,,,,,,,,,,,,,,,,,,,,
,,,,,,,,,,,,,,,,,,,,,,,,,,,
,,,,,,,,,,,,,,,,,,,,,,,,,,,
,,,,,,,,,,,,,,,,,,,,,,,,,,,
,,,,,,,,,,,,,,,,,,,,,,,,,,,
,,,,,,,,,,,,,,,,,,,,,,,,,,,
,,,,,,,,,,,,,,,,,,,,,,,,,,,
,,,,,,,,,,,,,,,,,,,,,,,,,,,
,,,,,,,,,,,,,,,,,,,,,,,,,,,
,,,,,,,,,,,,,,,,,,,,,,,,,,,
,,,,,,,,,,,,,,,,,,,,,,,,,,,
,,,,,,,,,,,,,,,,,,,,,,,,,,,
,,,,,,,,,,,,,,,,,,,,,,,,,,,
,,,,,,,,,,,,,,,,,,,,,,,,,,,
,,,,,,,,,,,,,,,,,,,,,,,,,,,
,,,,,,,,,,,,,,,,,,,,,,,,,,,
,,,,,,,,,,,,,,,,,,,,,,,,,,,
,,,,,,,,,,,,,,,,,,,,,,,,,,,
,,,,,,,,,,,,,,,,,,,,,,,,,,,
,,,,,,,,,,,,,,,,,,,,,,,,,,,
,,,,,,,,,,,,,,,,,,,,,,,,,,,
,,,,,,,,,,,,,,,,,,,,,,,,,,,
,,,,,,,,,,,,,,,,,,,,,,,,,,,
,,,,,,,,,,,,,,,,,,,,,,,,,,,
,,,,,,,,,,,,,,,,,,,,,,,,,,,
,,,,,,,,,,,,,,,,,,,,,,,,,,,
,,,,,,,,,,,,,,,,,,,,,,,,,,,
,,,,,,,,,,,,,,,,,,,,,,,,,,,
,,,,,,,,,,,,,,,,,,,,,,,,,,,
,,,,,,,,,,,,,,,,,,,,,,,,,,,
,,,,,,,,,,,,,,,,,,,,,,,,,,,
,,,,,,,,,,,,,,,,,,,,,,,,,,,
,,,,,,,,,,,,,,,,,,,,,,,,,,,
,,,,,,,,,,,,,,,,,,,,,,,,,,,
,,,,,,,,,,,,,,,,,,,,,,,,,,,
,,,,,,,,,,,,,,,,,,,,,,,,,,,
,,,,,,,,,,,,,,,,,,,,,,,,,,,
,,,,,,,,,,,,,,,,,,,,,,,,,,,
,,,,,,,,,,,,,,,,,,,,,,,,,,,
,,,,,,,,,,,,,,,,,,,,,,,,,,,
,,,,,,,,,,,,,,,,,,,,,,,,,,,
,,,,,,,,,,,,,,,,,,,,,,,,,,,
,,,,,,,,,,,,,,,,,,,,,,,,,,,
,,,,,,,,,,,,,,,,,,,,,,,,,,,
,,,,,,,,,,,,,,,,,,,,,,,,,,,
,,,,,,,,,,,,,,,,,,,,,,,,,,,
,,,,,,,,,,,,,,,,,,,,,,,,,,,
,,,,,,,,,,,,,,,,,,,,,,,,,,,
,,,,,,,,,,,,,,,,,,,,,,,,,,,
,,,,,,,,,,,,,,,,,,,,,,,,,,,
,,,,,,,,,,,,,,,,,,,,,,,,,,,
,,,,,,,,,,,,,,,,,,,,,,,,,,,
,,,,,,,,,,,,,,,,,,,,,,,,,,,
,,,,,,,,,,,,,,,,,,,,,,,,,,,
,,,,,,,,,,,,,,,,,,,,,,,,,,,
,,,,,,,,,,,,,,,,,,,,,,,,,,,
,,,,,,,,,,,,,,,,,,,,,,,,,,,
,,,,,,,,,,,,,,,,,,,,,,,,,,,
,,,,,,,,,,,,,,,,,,,,,,,,,,,
,,,,,,,,,,,,,,,,,,,,,,,,,,,
,,,,,,,,,,,,,,,,,,,,,,,,,,,
,,,,,,,,,,,,,,,,,,,,,,,,,,,
,,,,,,,,,,,,,,,,,,,,,,,,,,,
,,,,,,,,,,,,,,,,,,,,,,,,,,,
,,,,,,,,,,,,,,,,,,,,,,,,,,,
,,,,,,,,,,,,,,,,,,,,,,,,,,,
,,,,,,,,,,,,,,,,,,,,,,,,,,,
,,,,,,,,,,,,,,,,,,,,,,,,,,,
,,,,,,,,,,,,,,,,,,,,,,,,,,,
,,,,,,,,,,,,,,,,,,,,,,,,,,,
,,,,,,,,,,,,,,,,,,,,,,,,,,,
,,,,,,,,,,,,,,,,,,,,,,,,,,,
,,,,,,,,,,,,,,,,,,,,,,,,,,,
,,,,,,,,,,,,,,,,,,,,,,,,,,,
,,,,,,,,,,,,,,,,,,,,,,,,,,,
,,,,,,,,,,,,,,,,,,,,,,,,,,,
,,,,,,,,,,,,,,,,,,,,,,,,,,,
,,,,,,,,,,,,,,,,,,,,,,,,,,,
,,,,,,,,,,,,,,,,,,,,,,,,,,,
,,,,,,,,,,,,,,,,,,,,,,,,,,,
,,,,,,,,,,,,,,,,,,,,,,,,,,,
,,,,,,,,,,,,,,,,,,,,,,,,,,,
,,,,,,,,,,,,,,,,,,,,,,,,,,,
,,,,,,,,,,,,,,,,,,,,,,,,,,,
,,,,,,,,,,,,,,,,,,,,,,,,,,,
,,,,,,,,,,,,,,,,,,,,,,,,,,,
,,,,,,,,,,,,,,,,,,,,,,,,,,,
,,,,,,,,,,,,,,,,,,,,,,,,,,,
,,,,,,,,,,,,,,,,,,,,,,,,,,,
,,,,,,,,,,,,,,,,,,,,,,,,,,,
,,,,,,,,,,,,,,,,,,,,,,,,,,,
,,,,,,,,,,,,,,,,,,,,,,,,,,,
,,,,,,,,,,,,,,,,,,,,,,,,,,,
,,,,,,,,,,,,,,,,,,,,,,,,,,,
,,,,,,,,,,,,,,,,,,,,,,,,,,,
,,,,,,,,,,,,,,,,,,,,,,,,,,,
,,,,,,,,,,,,,,,,,,,,,,,,,,,
,,,,,,,,,,,,,,,,,,,,,,,,,,,
,,,,,,,,,,,,,,,,,,,,,,,,,,,
,,,,,,,,,,,,,,,,,,,,,,,,,,,
,,,,,,,,,,,,,,,,,,,,,,,,,,,
,,,,,,,,,,,,,,,,,,,,,,,,,,,
,,,,,,,,,,,,,,,,,,,,,,,,,,,
,,,,,,,,,,,,,,,,,,,,,,,,,,,
,,,,,,,,,,,,,,,,,,,,,,,,,,,
,,,,,,,,,,,,,,,,,,,,,,,,,,,
,,,,,,,,,,,,,,,,,,,,,,,,,,,
,,,,,,,,,,,,,,,,,,,,,,,,,,,
,,,,,,,,,,,,,,,,,,,,,,,,,,,
,,,,,,,,,,,,,,,,,,,,,,,,,,,
,,,,,,,,,,,,,,,,,,,,,,,,,,,
,,,,,,,,,,,,,,,,,,,,,,,,,,,
,,,,,,,,,,,,,,,,,,,,,,,,,,,
,,,,,,,,,,,,,,,,,,,,,,,,,,,
,,,,,,,,,,,,,,,,,,,,,,,,,,,
,,,,,,,,,,,,,,,,,,,,,,,,,,,
,,,,,,,,,,,,,,,,,,,,,,,,,,,
,,,,,,,,,,,,,,,,,,,,,,,,,,,
,,,,,,,,,,,,,,,,,,,,,,,,,,,
,,,,,,,,,,,,,,,,,,,,,,,,,,,
,,,,,,,,,,,,,,,,,,,,,,,,,,,
,,,,,,,,,,,,,,,,,,,,,,,,,,,
,,,,,,,,,,,,,,,,,,,,,,,,,,,
,,,,,,,,,,,,,,,,,,,,,,,,,,,
,,,,,,,,,,,,,,,,,,,,,,,,,,,
,,,,,,,,,,,,,,,,,,,,,,,,,,,
,,,,,,,,,,,,,,,,,,,,,,,,,,,
,,,,,,,,,,,,,,,,,,,,,,,,,,,
,,,,,,,,,,,,,,,,,,,,,,,,,,,
,,,,,,,,,,,,,,,,,,,,,,,,,,,
,,,,,,,,,,,,,,,,,,,,,,,,,,,
,,,,,,,,,,,,,,,,,,,,,,,,,,,
,,,,,,,,,,,,,,,,,,,,,,,,,,,
,,,,,,,,,,,,,,,,,,,,,,,,,,,
,,,,,,,,,,,,,,,,,,,,,,,,,,,
,,,,,,,,,,,,,,,,,,,,,,,,,,,
,,,,,,,,,,,,,,,,,,,,,,,,,,,
,,,,,,,,,,,,,,,,,,,,,,,,,,,
,,,,,,,,,,,,,,,,,,,,,,,,,,,
,,,,,,,,,,,,,,,,,,,,,,,,,,,
,,,,,,,,,,,,,,,,,,,,,,,,,,,
,,,,,,,,,,,,,,,,,,,,,,,,,,,
,,,,,,,,,,,,,,,,,,,,,,,,,,,
,,,,,,,,,,,,,,,,,,,,,,,,,,,
,,,,,,,,,,,,,,,,,,,,,,,,,,,
,,,,,,,,,,,,,,,,,,,,,,,,,,,
,,,,,,,,,,,,,,,,,,,,,,,,,,,
,,,,,,,,,,,,,,,,,,,,,,,,,,,
,,,,,,,,,,,,,,,,,,,,,,,,,,,
,,,,,,,,,,,,,,,,,,,,,,,,,,,
,,,,,,,,,,,,,,,,,,,,,,,,,,,
,,,,,,,,,,,,,,,,,,,,,,,,,,,
,,,,,,,,,,,,,,,,,,,,,,,,,,,
,,,,,,,,,,,,,,,,,,,,,,,,,,,
,,,,,,,,,,,,,,,,,,,,,,,,,,,
,,,,,,,,,,,,,,,,,,,,,,,,,,,
,,,,,,,,,,,,,,,,,,,,,,,,,,,
,,,,,,,,,,,,,,,,,,,,,,,,,,,
,,,,,,,,,,,,,,,,,,,,,,,,,,,
,,,,,,,,,,,,,,,,,,,,,,,,,,,
,,,,,,,,,,,,,,,,,,,,,,,,,,,
,,,,,,,,,,,,,,,,,,,,,,,,,,,
,,,,,,,,,,,,,,,,,,,,,,,,,,,
,,,,,,,,,,,,,,,,,,,,,,,,,,,
,,,,,,,,,,,,,,,,,,,,,,,,,,,
,,,,,,,,,,,,,,,,,,,,,,,,,,,
,,,,,,,,,,,,,,,,,,,,,,,,,,,
,,,,,,,,,,,,,,,,,,,,,,,,,,,
,,,,,,,,,,,,,,,,,,,,,,,,,,,
,,,,,,,,,,,,,,,,,,,,,,,,,,,
,,,,,,,,,,,,,,,,,,,,,,,,,,,
,,,,,,,,,,,,,,,,,,,,,,,,,,,
,,,,,,,,,,,,,,,,,,,,,,,,,,,
,,,,,,,,,,,,,,,,,,,,,,,,,,,
,,,,,,,,,,,,,,,,,,,,,,,,,,,
,,,,,,,,,,,,,,,,,,,,,,,,,,,
,,,,,,,,,,,,,,,,,,,,,,,,,,,
,,,,,,,,,,,,,,,,,,,,,,,,,,,
,,,,,,,,,,,,,,,,,,,,,,,,,,,
,,,,,,,,,,,,,,,,,,,,,,,,,,,
,,,,,,,,,,,,,,,,,,,,,,,,,,,
,,,,,,,,,,,,,,,,,,,,,,,,,,,
,,,,,,,,,,,,,,,,,,,,,,,,,,,
,,,,,,,,,,,,,,,,,,,,,,,,,,,
,,,,,,,,,,,,,,,,,,,,,,,,,,,
,,,,,,,,,,,,,,,,,,,,,,,,,,,
,,,,,,,,,,,,,,,,,,,,,,,,,,,
,,,,,,,,,,,,,,,,,,,,,,,,,,,
,,,,,,,,,,,,,,,,,,,,,,,,,,,
,,,,,,,,,,,,,,,,,,,,,,,,,,,
,,,,,,,,,,,,,,,,,,,,,,,,,,,
,,,,,,,,,,,,,,,,,,,,,,,,,,,
,,,,,,,,,,,,,,,,,,,,,,,,,,,
,,,,,,,,,,,,,,,,,,,,,,,,,,,
,,,,,,,,,,,,,,,,,,,,,,,,,,,
,,,,,,,,,,,,,,,,,,,,,,,,,,,
,,,,,,,,,,,,,,,,,,,,,,,,,,,
,,,,,,,,,,,,,,,,,,,,,,,,,,,
,,,,,,,,,,,,,,,,,,,,,,,,,,,
,,,,,,,,,,,,,,,,,,,,,,,,,,,
,,,,,,,,,,,,,,,,,,,,,,,,,,,
,,,,,,,,,,,,,,,,,,,,,,,,,,,
,,,,,,,,,,,,,,,,,,,,,,,,,,,
,,,,,,,,,,,,,,,,,,,,,,,,,,,
,,,,,,,,,,,,,,,,,,,,,,,,,,,
,,,,,,,,,,,,,,,,,,,,,,,,,,,
,,,,,,,,,,,,,,,,,,,,,,,,,,,
,,,,,,,,,,,,,,,,,,,,,,,,,,,
,,,,,,,,,,,,,,,,,,,,,,,,,,,
,,,,,,,,,,,,,,,,,,,,,,,,,,,
,,,,,,,,,,,,,,,,,,,,,,,,,,,
,,,,,,,,,,,,,,,,,,,,,,,,,,,
,,,,,,,,,,,,,,,,,,,,,,,,,,,
,,,,,,,,,,,,,,,,,,,,,,,,,,,
,,,,,,,,,,,,,,,,,,,,,,,,,,,
,,,,,,,,,,,,,,,,,,,,,,,,,,,
,,,,,,,,,,,,,,,,,,,,,,,,,,,
,,,,,,,,,,,,,,,,,,,,,,,,,,,
,,,,,,,,,,,,,,,,,,,,,,,,,,,
,,,,,,,,,,,,,,,,,,,,,,,,,,,
,,,,,,,,,,,,,,,,,,,,,,,,,,,
,,,,,,,,,,,,,,,,,,,,,,,,,,,
,,,,,,,,,,,,,,,,,,,,,,,,,,,
,,,,,,,,,,,,,,,,,,,,,,,,,,,
,,,,,,,,,,,,,,,,,,,,,,,,,,,
,,,,,,,,,,,,,,,,,,,,,,,,,,,
,,,,,,,,,,,,,,,,,,,,,,,,,,,
,,,,,,,,,,,,,,,,,,,,,,,,,,,
,,,,,,,,,,,,,,,,,,,,,,,,,,,
,,,,,,,,,,,,,,,,,,,,,,,,,,,
,,,,,,,,,,,,,,,,,,,,,,,,,,,
,,,,,,,,,,,,,,,,,,,,,,,,,,,
,,,,,,,,,,,,,,,,,,,,,,,,,,,
,,,,,,,,,,,,,,,,,,,,,,,,,,,
,,,,,,,,,,,,,,,,,,,,,,,,,,,
,,,,,,,,,,,,,,,,,,,,,,,,,,,
,,,,,,,,,,,,,,,,,,,,,,,,,,,
,,,,,,,,,,,,,,,,,,,,,,,,,,,
,,,,,,,,,,,,,,,,,,,,,,,,,,,
,,,,,,,,,,,,,,,,,,,,,,,,,,,
,,,,,,,,,,,,,,,,,,,,,,,,,,,
,,,,,,,,,,,,,,,,,,,,,,,,,,,
,,,,,,,,,,,,,,,,,,,,,,,,,,,
,,,,,,,,,,,,,,,,,,,,,,,,,,,
,,,,,,,,,,,,,,,,,,,,,,,,,,,
,,,,,,,,,,,,,,,,,,,,,,,,,,,
,,,,,,,,,,,,,,,,,,,,,,,,,,,
,,,,,,,,,,,,,,,,,,,,,,,,,,,
,,,,,,,,,,,,,,,,,,,,,,,,,,,
,,,,,,,,,,,,,,,,,,,,,,,,,,,
,,,,,,,,,,,,,,,,,,,,,,,,,,,
,,,,,,,,,,,,,,,,,,,,,,,,,,,
,,,,,,,,,,,,,,,,,,,,,,,,,,,
,,,,,,,,,,,,,,,,,,,,,,,,,,,
,,,,,,,,,,,,,,,,,,,,,,,,,,,
,,,,,,,,,,,,,,,,,,,,,,,,,,,
,,,,,,,,,,,,,,,,,,,,,,,,,,,
,,,,,,,,,,,,,,,,,,,,,,,,,,,
,,,,,,,,,,,,,,,,,,,,,,,,,,,
,,,,,,,,,,,,,,,,,,,,,,,,,,,
,,,,,,,,,,,,,,,,,,,,,,,,,,,
,,,,,,,,,,,,,,,,,,,,,,,,,,,
,,,,,,,,,,,,,,,,,,,,,,,,,,,
,,,,,,,,,,,,,,,,,,,,,,,,,,,
,,,,,,,,,,,,,,,,,,,,,,,,,,,
,,,,,,,,,,,,,,,,,,,,,,,,,,,
,,,,,,,,,,,,,,,,,,,,,,,,,,,
,,,,,,,,,,,,,,,,,,,,,,,,,,,
,,,,,,,,,,,,,,,,,,,,,,,,,,,
,,,,,,,,,,,,,,,,,,,,,,,,,,,
,,,,,,,,,,,,,,,,,,,,,,,,,,,
,,,,,,,,,,,,,,,,,,,,,,,,,,,
,,,,,,,,,,,,,,,,,,,,,,,,,,,
,,,,,,,,,,,,,,,,,,,,,,,,,,,
,,,,,,,,,,,,,,,,,,,,,,,,,,,
,,,,,,,,,,,,,,,,,,,,,,,,,,,
,,,,,,,,,,,,,,,,,,,,,,,,,,,
,,,,,,,,,,,,,,,,,,,,,,,,,,,
,,,,,,,,,,,,,,,,,,,,,,,,,,,
,,,,,,,,,,,,,,,,,,,,,,,,,,,
,,,,,,,,,,,,,,,,,,,,,,,,,,,
,,,,,,,,,,,,,,,,,,,,,,,,,,,
,,,,,,,,,,,,,,,,,,,,,,,,,,,
,,,,,,,,,,,,,,,,,,,,,,,,,,,
,,,,,,,,,,,,,,,,,,,,,,,,,,,
,,,,,,,,,,,,,,,,,,,,,,,,,,,
,,,,,,,,,,,,,,,,,,,,,,,,,,,
,,,,,,,,,,,,,,,,,,,,,,,,,,,
,,,,,,,,,,,,,,,,,,,,,,,,,,,
,,,,,,,,,,,,,,,,,,,,,,,,,,,
,,,,,,,,,,,,,,,,,,,,,,,,,,,
,,,,,,,,,,,,,,,,,,,,,,,,,,,
,,,,,,,,,,,,,,,,,,,,,,,,,,,
,,,,,,,,,,,,,,,,,,,,,,,,,,,
,,,,,,,,,,,,,,,,,,,,,,,,,,,
,,,,,,,,,,,,,,,,,,,,,,,,,,,
,,,,,,,,,,,,,,,,,,,,,,,,,,,
,,,,,,,,,,,,,,,,,,,,,,,,,,,
,,,,,,,,,,,,,,,,,,,,,,,,,,,
,,,,,,,,,,,,,,,,,,,,,,,,,,,
,,,,,,,,,,,,,,,,,,,,,,,,,,,
,,,,,,,,,,,,,,,,,,,,,,,,,,,
,,,,,,,,,,,,,,,,,,,,,,,,,,,
,,,,,,,,,,,,,,,,,,,,,,,,,,,
,,,,,,,,,,,,,,,,,,,,,,,,,,,
,,,,,,,,,,,,,,,,,,,,,,,,,,,
,,,,,,,,,,,,,,,,,,,,,,,,,,,
,,,,,,,,,,,,,,,,,,,,,,,,,,,
,,,,,,,,,,,,,,,,,,,,,,,,,,,
,,,,,,,,,,,,,,,,,,,,,,,,,,,
,,,,,,,,,,,,,,,,,,,,,,,,,,,
,,,,,,,,,,,,,,,,,,,,,,,,,,,
,,,,,,,,,,,,,,,,,,,,,,,,,,,
,,,,,,,,,,,,,,,,,,,,,,,,,,,
,,,,,,,,,,,,,,,,,,,,,,,,,,,
,,,,,,,,,,,,,,,,,,,,,,,,,,,
,,,,,,,,,,,,,,,,,,,,,,,,,,,
,,,,,,,,,,,,,,,,,,,,,,,,,,,
,,,,,,,,,,,,,,,,,,,,,,,,,,,
,,,,,,,,,,,,,,,,,,,,,,,,,,,
,,,,,,,,,,,,,,,,,,,,,,,,,,,
,,,,,,,,,,,,,,,,,,,,,,,,,,,
,,,,,,,,,,,,,,,,,,,,,,,,,,,
,,,,,,,,,,,,,,,,,,,,,,,,,,,
,,,,,,,,,,,,,,,,,,,,,,,,,,,
,,,,,,,,,,,,,,,,,,,,,,,,,,,
,,,,,,,,,,,,,,,,,,,,,,,,,,,
,,,,,,,,,,,,,,,,,,,,,,,,,,,
,,,,,,,,,,,,,,,,,,,,,,,,,,,
,,,,,,,,,,,,,,,,,,,,,,,,,,,
,,,,,,,,,,,,,,,,,,,,,,,,,,,
,,,,,,,,,,,,,,,,,,,,,,,,,,,
,,,,,,,,,,,,,,,,,,,,,,,,,,,
,,,,,,,,,,,,,,,,,,,,,,,,,,,
,,,,,,,,,,,,,,,,,,,,,,,,,,,
,,,,,,,,,,,,,,,,,,,,,,,,,,,
,,,,,,,,,,,,,,,,,,,,,,,,,,,
,,,,,,,,,,,,,,,,,,,,,,,,,,,
,,,,,,,,,,,,,,,,,,,,,,,,,,,
,,,,,,,,,,,,,,,,,,,,,,,,,,,
,,,,,,,,,,,,,,,,,,,,,,,,,,,
,,,,,,,,,,,,,,,,,,,,,,,,,,,
,,,,,,,,,,,,,,,,,,,,,,,,,,,
,,,,,,,,,,,,,,,,,,,,,,,,,,,
,,,,,,,,,,,,,,,,,,,,,,,,,,,
,,,,,,,,,,,,,,,,,,,,,,,,,,,
,,,,,,,,,,,,,,,,,,,,,,,,,,,
,,,,,,,,,,,,,,,,,,,,,,,,,,,
,,,,,,,,,,,,,,,,,,,,,,,,,,,
,,,,,,,,,,,,,,,,,,,,,,,,,,,
,,,,,,,,,,,,,,,,,,,,,,,,,,,
,,,,,,,,,,,,,,,,,,,,,,,,,,,
,,,,,,,,,,,,,,,,,,,,,,,,,,,
,,,,,,,,,,,,,,,,,,,,,,,,,,,
,,,,,,,,,,,,,,,,,,,,,,,,,,,
,,,,,,,,,,,,,,,,,,,,,,,,,,,
,,,,,,,,,,,,,,,,,,,,,,,,,,,
,,,,,,,,,,,,,,,,,,,,,,,,,,,
,,,,,,,,,,,,,,,,,,,,,,,,,,,
,,,,,,,,,,,,,,,,,,,,,,,,,,,
,,,,,,,,,,,,,,,,,,,,,,,,,,,
,,,,,,,,,,,,,,,,,,,,,,,,,,,
,,,,,,,,,,,,,,,,,,,,,,,,,,,
,,,,,,,,,,,,,,,,,,,,,,,,,,,
,,,,,,,,,,,,,,,,,,,,,,,,,,,
,,,,,,,,,,,,,,,,,,,,,,,,,,,
,,,,,,,,,,,,,,,,,,,,,,,,,,,
,,,,,,,,,,,,,,,,,,,,,,,,,,,
,,,,,,,,,,,,,,,,,,,,,,,,,,,
,,,,,,,,,,,,,,,,,,,,,,,,,,,
,,,,,,,,,,,,,,,,,,,,,,,,,,,
,,,,,,,,,,,,,,,,,,,,,,,,,,,
,,,,,,,,,,,,,,,,,,,,,,,,,,,
,,,,,,,,,,,,,,,,,,,,,,,,,,,
,,,,,,,,,,,,,,,,,,,,,,,,,,,
,,,,,,,,,,,,,,,,,,,,,,,,,,,
,,,,,,,,,,,,,,,,,,,,,,,,,,,
,,,,,,,,,,,,,,,,,,,,,,,,,,,
,,,,,,,,,,,,,,,,,,,,,,,,,,,
,,,,,,,,,,,,,,,,,,,,,,,,,,,
,,,,,,,,,,,,,,,,,,,,,,,,,,,
,,,,,,,,,,,,,,,,,,,,,,,,,,,
,,,,,,,,,,,,,,,,,,,,,,,,,,,
,,,,,,,,,,,,,,,,,,,,,,,,,,,
,,,,,,,,,,,,,,,,,,,,,,,,,,,
,,,,,,,,,,,,,,,,,,,,,,,,,,,
,,,,,,,,,,,,,,,,,,,,,,,,,,,
,,,,,,,,,,,,,,,,,,,,,,,,,,,
,,,,,,,,,,,,,,,,,,,,,,,,,,,
,,,,,,,,,,,,,,,,,,,,,,,,,,,
,,,,,,,,,,,,,,,,,,,,,,,,,,,
,,,,,,,,,,,,,,,,,,,,,,,,,,,
,,,,,,,,,,,,,,,,,,,,,,,,,,,
,,,,,,,,,,,,,,,,,,,,,,,,,,,
,,,,,,,,,,,,,,,,,,,,,,,,,,,
,,,,,,,,,,,,,,,,,,,,,,,,,,,
,,,,,,,,,,,,,,,,,,,,,,,,,,,
,,,,,,,,,,,,,,,,,,,,,,,,,,,
,,,,,,,,,,,,,,,,,,,,,,,,,,,
,,,,,,,,,,,,,,,,,,,,,,,,,,,
,,,,,,,,,,,,,,,,,,,,,,,,,,,
,,,,,,,,,,,,,,,,,,,,,,,,,,,
,,,,,,,,,,,,,,,,,,,,,,,,,,,
,,,,,,,,,,,,,,,,,,,,,,,,,,,
,,,,,,,,,,,,,,,,,,,,,,,,,,,
,,,,,,,,,,,,,,,,,,,,,,,,,,,
,,,,,,,,,,,,,,,,,,,,,,,,,,,
,,,,,,,,,,,,,,,,,,,,,,,,,,,
,,,,,,,,,,,,,,,,,,,,,,,,,,,
,,,,,,,,,,,,,,,,,,,,,,,,,,,
,,,,,,,,,,,,,,,,,,,,,,,,,,,
,,,,,,,,,,,,,,,,,,,,,,,,,,,
,,,,,,,,,,,,,,,,,,,,,,,,,,,
,,,,,,,,,,,,,,,,,,,,,,,,,,,
,,,,,,,,,,,,,,,,,,,,,,,,,,,
,,,,,,,,,,,,,,,,,,,,,,,,,,,
,,,,,,,,,,,,,,,,,,,,,,,,,,,
,,,,,,,,,,,,,,,,,,,,,,,,,,,
,,,,,,,,,,,,,,,,,,,,,,,,,,,
,,,,,,,,,,,,,,,,,,,,,,,,,,,
,,,,,,,,,,,,,,,,,,,,,,,,,,,
,,,,,,,,,,,,,,,,,,,,,,,,,,,
,,,,,,,,,,,,,,,,,,,,,,,,,,,
,,,,,,,,,,,,,,,,,,,,,,,,,,,
,,,,,,,,,,,,,,,,,,,,,,,,,,,
,,,,,,,,,,,,,,,,,,,,,,,,,,,
,,,,,,,,,,,,,,,,,,,,,,,,,,,
,,,,,,,,,,,,,,,,,,,,,,,,,,,
,,,,,,,,,,,,,,,,,,,,,,,,,,,
,,,,,,,,,,,,,,,,,,,,,,,,,,,
,,,,,,,,,,,,,,,,,,,,,,,,,,,
,,,,,,,,,,,,,,,,,,,,,,,,,,,
,,,,,,,,,,,,,,,,,,,,,,,,,,,
,,,,,,,,,,,,,,,,,,,,,,,,,,,
,,,,,,,,,,,,,,,,,,,,,,,,,,,
,,,,,,,,,,,,,,,,,,,,,,,,,,,
,,,,,,,,,,,,,,,,,,,,,,,,,,,
,,,,,,,,,,,,,,,,,,,,,,,,,,,
,,,,,,,,,,,,,,,,,,,,,,,,,,,
,,,,,,,,,,,,,,,,,,,,,,,,,,,
,,,,,,,,,,,,,,,,,,,,,,,,,,,
,,,,,,,,,,,,,,,,,,,,,,,,,,,
,,,,,,,,,,,,,,,,,,,,,,,,,,,
,,,,,,,,,,,,,,,,,,,,,,,,,,,
,,,,,,,,,,,,,,,,,,,,,,,,,,,
,,,,,,,,,,,,,,,,,,,,,,,,,,,
,,,,,,,,,,,,,,,,,,,,,,,,,,,
,,,,,,,,,,,,,,,,,,,,,,,,,,,
,,,,,,,,,,,,,,,,,,,,,,,,,,,
,,,,,,,,,,,,,,,,,,,,,,,,,,,
,,,,,,,,,,,,,,,,,,,,,,,,,,,
,,,,,,,,,,,,,,,,,,,,,,,,,,,
,,,,,,,,,,,,,,,,,,,,,,,,,,,
,,,,,,,,,,,,,,,,,,,,,,,,,,,
,,,,,,,,,,,,,,,,,,,,,,,,,,,
,,,,,,,,,,,,,,,,,,,,,,,,,,,
,,,,,,,,,,,,,,,,,,,,,,,,,,,
,,,,,,,,,,,,,,,,,,,,,,,,,,,
,,,,,,,,,,,,,,,,,,,,,,,,,,,
,,,,,,,,,,,,,,,,,,,,,,,,,,,
,,,,,,,,,,,,,,,,,,,,,,,,,,,
,,,,,,,,,,,,,,,,,,,,,,,,,,,
,,,,,,,,,,,,,,,,,,,,,,,,,,,
,,,,,,,,,,,,,,,,,,,,,,,,,,,
,,,,,,,,,,,,,,,,,,,,,,,,,,,
,,,,,,,,,,,,,,,,,,,,,,,,,,,
,,,,,,,,,,,,,,,,,,,,,,,,,,,
,,,,,,,,,,,,,,,,,,,,,,,,,,,
,,,,,,,,,,,,,,,,,,,,,,,,,,,
,,,,,,,,,,,,,,,,,,,,,,,,,,,
,,,,,,,,,,,,,,,,,,,,,,,,,,,
,,,,,,,,,,,,,,,,,,,,,,,,,,,
,,,,,,,,,,,,,,,,,,,,,,,,,,,
,,,,,,,,,,,,,,,,,,,,,,,,,,,
,,,,,,,,,,,,,,,,,,,,,,,,,,,
,,,,,,,,,,,,,,,,,,,,,,,,,,,
,,,,,,,,,,,,,,,,,,,,,,,,,,,
,,,,,,,,,,,,,,,,,,,,,,,,,,,
,,,,,,,,,,,,,,,,,,,,,,,,,,,
,,,,,,,,,,,,,,,,,,,,,,,,,,,
,,,,,,,,,,,,,,,,,,,,,,,,,,,
,,,,,,,,,,,,,,,,,,,,,,,,,,,
,,,,,,,,,,,,,,,,,,,,,,,,,,,
,,,,,,,,,,,,,,,,,,,,,,,,,,,
,,,,,,,,,,,,,,,,,,,,,,,,,,,
,,,,,,,,,,,,,,,,,,,,,,,,,,,
,,,,,,,,,,,,,,,,,,,,,,,,,,,
,,,,,,,,,,,,,,,,,,,,,,,,,,,
,,,,,,,,,,,,,,,,,,,,,,,,,,,
,,,,,,,,,,,,,,,,,,,,,,,,,,,
,,,,,,,,,,,,,,,,,,,,,,,,,,,
,,,,,,,,,,,,,,,,,,,,,,,,,,,
,,,,,,,,,,,,,,,,,,,,,,,,,,,
,,,,,,,,,,,,,,,,,,,,,,,,,,,
,,,,,,,,,,,,,,,,,,,,,,,,,,,
,,,,,,,,,,,,,,,,,,,,,,,,,,,
,,,,,,,,,,,,,,,,,,,,,,,,,,,
,,,,,,,,,,,,,,,,,,,,,,,,,,,
,,,,,,,,,,,,,,,,,,,,,,,,,,,
,,,,,,,,,,,,,,,,,,,,,,,,,,,
,,,,,,,,,,,,,,,,,,,,,,,,,,,
,,,,,,,,,,,,,,,,,,,,,,,,,,,
,,,,,,,,,,,,,,,,,,,,,,,,,,,
,,,,,,,,,,,,,,,,,,,,,,,,,,,
,,,,,,,,,,,,,,,,,,,,,,,,,,,
,,,,,,,,,,,,,,,,,,,,,,,,,,,
,,,,,,,,,,,,,,,,,,,,,,,,,,,
,,,,,,,,,,,,,,,,,,,,,,,,,,,
,,,,,,,,,,,,,,,,,,,,,,,,,,,
,,,,,,,,,,,,,,,,,,,,,,,,,,,
,,,,,,,,,,,,,,,,,,,,,,,,,,,
,,,,,,,,,,,,,,,,,,,,,,,,,,,
,,,,,,,,,,,,,,,,,,,,,,,,,,,
,,,,,,,,,,,,,,,,,,,,,,,,,,,
,,,,,,,,,,,,,,,,,,,,,,,,,,,
,,,,,,,,,,,,,,,,,,,,,,,,,,,
,,,,,,,,,,,,,,,,,,,,,,,,,,,
,,,,,,,,,,,,,,,,,,,,,,,,,,,
,,,,,,,,,,,,,,,,,,,,,,,,,,,
,,,,,,,,,,,,,,,,,,,,,,,,,,,
,,,,,,,,,,,,,,,,,,,,,,,,,,,
,,,,,,,,,,,,,,,,,,,,,,,,,,,
,,,,,,,,,,,,,,,,,,,,,,,,,,,
,,,,,,,,,,,,,,,,,,,,,,,,,,,
,,,,,,,,,,,,,,,,,,,,,,,,,,,
,,,,,,,,,,,,,,,,,,,,,,,,,,,
,,,,,,,,,,,,,,,,,,,,,,,,,,,
,,,,,,,,,,,,,,,,,,,,,,,,,,,
,,,,,,,,,,,,,,,,,,,,,,,,,,,
,,,,,,,,,,,,,,,,,,,,,,,,,,,
,,,,,,,,,,,,,,,,,,,,,,,,,,,
,,,,,,,,,,,,,,,,,,,,,,,,,,,
,,,,,,,,,,,,,,,,,,,,,,,,,,,
,,,,,,,,,,,,,,,,,,,,,,,,,,,
,,,,,,,,,,,,,,,,,,,,,,,,,,,
,,,,,,,,,,,,,,,,,,,,,,,,,,,
,,,,,,,,,,,,,,,,,,,,,,,,,,,
,,,,,,,,,,,,,,,,,,,,,,,,,,,
,,,,,,,,,,,,,,,,,,,,,,,,,,,
,,,,,,,,,,,,,,,,,,,,,,,,,,,
,,,,,,,,,,,,,,,,,,,,,,,,,,,
,,,,,,,,,,,,,,,,,,,,,,,,,,,
,,,,,,,,,,,,,,,,,,,,,,,,,,,
,,,,,,,,,,,,,,,,,,,,,,,,,,,
,,,,,,,,,,,,,,,,,,,,,,,,,,,
,,,,,,,,,,,,,,,,,,,,,,,,,,,
,,,,,,,,,,,,,,,,,,,,,,,,,,,
,,,,,,,,,,,,,,,,,,,,,,,,,,,
,,,,,,,,,,,,,,,,,,,,,,,,,,,
,,,,,,,,,,,,,,,,,,,,,,,,,,,
,,,,,,,,,,,,,,,,,,,,,,,,,,,
,,,,,,,,,,,,,,,,,,,,,,,,,,,
,,,,,,,,,,,,,,,,,,,,,,,,,,,
,,,,,,,,,,,,,,,,,,,,,,,,,,,
,,,,,,,,,,,,,,,,,,,,,,,,,,,
,,,,,,,,,,,,,,,,,,,,,,,,,,,
,,,,,,,,,,,,,,,,,,,,,,,,,,,
,,,,,,,,,,,,,,,,,,,,,,,,,,,
,,,,,,,,,,,,,,,,,,,,,,,,,,,
,,,,,,,,,,,,,,,,,,,,,,,,,,,
,,,,,,,,,,,,,,,,,,,,,,,,,,,
,,,,,,,,,,,,,,,,,,,,,,,,,,,
,,,,,,,,,,,,,,,,,,,,,,,,,,,
,,,,,,,,,,,,,,,,,,,,,,,,,,,
,,,,,,,,,,,,,,,,,,,,,,,,,,,
,,,,,,,,,,,,,,,,,,,,,,,,,,,
,,,,,,,,,,,,,,,,,,,,,,,,,,,
,,,,,,,,,,,,,,,,,,,,,,,,,,,
,,,,,,,,,,,,,,,,,,,,,,,,,,,
,,,,,,,,,,,,,,,,,,,,,,,,,,,
,,,,,,,,,,,,,,,,,,,,,,,,,,,
,,,,,,,,,,,,,,,,,,,,,,,,,,,
,,,,,,,,,,,,,,,,,,,,,,,,,,,
,,,,,,,,,,,,,,,,,,,,,,,,,,,
,,,,,,,,,,,,,,,,,,,,,,,,,,,
,,,,,,,,,,,,,,,,,,,,,,,,,,,
,,,,,,,,,,,,,,,,,,,,,,,,,,,
,,,,,,,,,,,,,,,,,,,,,,,,,,,
,,,,,,,,,,,,,,,,,,,,,,,,,,,
,,,,,,,,,,,,,,,,,,,,,,,,,,,
,,,,,,,,,,,,,,,,,,,,,,,,,,,
,,,,,,,,,,,,,,,,,,,,,,,,,,,
,,,,,,,,,,,,,,,,,,,,,,,,,,,
,,,,,,,,,,,,,,,,,,,,,,,,,,,
,,,,,,,,,,,,,,,,,,,,,,,,,,,
,,,,,,,,,,,,,,,,,,,,,,,,,,,
,,,,,,,,,,,,,,,,,,,,,,,,,,,
,,,,,,,,,,,,,,,,,,,,,,,,,,,
,,,,,,,,,,,,,,,,,,,,,,,,,,,
,,,,,,,,,,,,,,,,,,,,,,,,,,,
,,,,,,,,,,,,,,,,,,,,,,,,,,,
,,,,,,,,,,,,,,,,,,,,,,,,,,,
,,,,,,,,,,,,,,,,,,,,,,,,,,,
,,,,,,,,,,,,,,,,,,,,,,,,,,,
,,,,,,,,,,,,,,,,,,,,,,,,,,,
,,,,,,,,,,,,,,,,,,,,,,,,,,,
,,,,,,,,,,,,,,,,,,,,,,,,,,,
,,,,,,,,,,,,,,,,,,,,,,,,,,,
,,,,,,,,,,,,,,,,,,,,,,,,,,,
,,,,,,,,,,,,,,,,,,,,,,,,,,,
,,,,,,,,,,,,,,,,,,,,,,,,,,,
,,,,,,,,,,,,,,,,,,,,,,,,,,,
,,,,,,,,,,,,,,,,,,,,,,,,,,,
,,,,,,,,,,,,,,,,,,,,,,,,,,,
,,,,,,,,,,,,,,,,,,,,,,,,,,,
,,,,,,,,,,,,,,,,,,,,,,,,,,,
,,,,,,,,,,,,,,,,,,,,,,,,,,,
,,,,,,,,,,,,,,,,,,,,,,,,,,,
,,,,,,,,,,,,,,,,,,,,,,,,,,,
,,,,,,,,,,,,,,,,,,,,,,,,,,,
,,,,,,,,,,,,,,,,,,,,,,,,,,,
,,,,,,,,,,,,,,,,,,,,,,,,,,,
,,,,,,,,,,,,,,,,,,,,,,,,,,,
,,,,,,,,,,,,,,,,,,,,,,,,,,,
,,,,,,,,,,,,,,,,,,,,,,,,,,,
,,,,,,,,,,,,,,,,,,,,,,,,,,,
,,,,,,,,,,,,,,,,,,,,,,,,,,,
,,,,,,,,,,,,,,,,,,,,,,,,,,,
,,,,,,,,,,,,,,,,,,,,,,,,,,,
,,,,,,,,,,,,,,,,,,,,,,,,,,,
,,,,,,,,,,,,,,,,,,,,,,,,,,,
,,,,,,,,,,,,,,,,,,,,,,,,,,,
,,,,,,,,,,,,,,,,,,,,,,,,,,,
,,,,,,,,,,,,,,,,,,,,,,,,,,,
,,,,,,,,,,,,,,,,,,,,,,,,,,,
,,,,,,,,,,,,,,,,,,,,,,,,,,,
,,,,,,,,,,,,,,,,,,,,,,,,,,,
,,,,,,,,,,,,,,,,,,,,,,,,,,,
,,,,,,,,,,,,,,,,,,,,,,,,,,,
,,,,,,,,,,,,,,,,,,,,,,,,,,,
,,,,,,,,,,,,,,,,,,,,,,,,,,,
,,,,,,,,,,,,,,,,,,,,,,,,,,,
,,,,,,,,,,,,,,,,,,,,,,,,,,,
,,,,,,,,,,,,,,,,,,,,,,,,,,,
,,,,,,,,,,,,,,,,,,,,,,,,,,,
,,,,,,,,,,,,,,,,,,,,,,,,,,,
,,,,,,,,,,,,,,,,,,,,,,,,,,,
,,,,,,,,,,,,,,,,,,,,,,,,,,,
,,,,,,,,,,,,,,,,,,,,,,,,,,,
,,,,,,,,,,,,,,,,,,,,,,,,,,,
,,,,,,,,,,,,,,,,,,,,,,,,,,,
,,,,,,,,,,,,,,,,,,,,,,,,,,,
,,,,,,,,,,,,,,,,,,,,,,,,,,,
,,,,,,,,,,,,,,,,,,,,,,,,,,,
,,,,,,,,,,,,,,,,,,,,,,,,,,,
,,,,,,,,,,,,,,,,,,,,,,,,,,,
,,,,,,,,,,,,,,,,,,,,,,,,,,,
,,,,,,,,,,,,,,,,,,,,,,,,,,,
,,,,,,,,,,,,,,,,,,,,,,,,,,,
,,,,,,,,,,,,,,,,,,,,,,,,,,,
,,,,,,,,,,,,,,,,,,,,,,,,,,,
,,,,,,,,,,,,,,,,,,,,,,,,,,,
,,,,,,,,,,,,,,,,,,,,,,,,,,,
,,,,,,,,,,,,,,,,,,,,,,,,,,,
,,,,,,,,,,,,,,,,,,,,,,,,,,,
,,,,,,,,,,,,,,,,,,,,,,,,,,,
,,,,,,,,,,,,,,,,,,,,,,,,,,,
,,,,,,,,,,,,,,,,,,,,,,,,,,,
,,,,,,,,,,,,,,,,,,,,,,,,,,,
,,,,,,,,,,,,,,,,,,,,,,,,,,,
,,,,,,,,,,,,,,,,,,,,,,,,,,,
,,,,,,,,,,,,,,,,,,,,,,,,,,,
,,,,,,,,,,,,,,,,,,,,,,,,,,,
,,,,,,,,,,,,,,,,,,,,,,,,,,,
,,,,,,,,,,,,,,,,,,,,,,,,,,,
,,,,,,,,,,,,,,,,,,,,,,,,,,,
,,,,,,,,,,,,,,,,,,,,,,,,,,,
,,,,,,,,,,,,,,,,,,,,,,,,,,,
,,,,,,,,,,,,,,,,,,,,,,,,,,,
,,,,,,,,,,,,,,,,,,,,,,,,,,,
,,,,,,,,,,,,,,,,,,,,,,,,,,,
,,,,,,,,,,,,,,,,,,,,,,,,,,,
,,,,,,,,,,,,,,,,,,,,,,,,,,,
,,,,,,,,,,,,,,,,,,,,,,,,,,,
,,,,,,,,,,,,,,,,,,,,,,,,,,,
,,,,,,,,,,,,,,,,,,,,,,,,,,,
,,,,,,,,,,,,,,,,,,,,,,,,,,,
,,,,,,,,,,,,,,,,,,,,,,,,,,,
,,,,,,,,,,,,,,,,,,,,,,,,,,,
,,,,,,,,,,,,,,,,,,,,,,,,,,,
,,,,,,,,,,,,,,,,,,,,,,,,,,,
,,,,,,,,,,,,,,,,,,,,,,,,,,,
,,,,,,,,,,,,,,,,,,,,,,,,,,,
,,,,,,,,,,,,,,,,,,,,,,,,,,,
,,,,,,,,,,,,,,,,,,,,,,,,,,,
,,,,,,,,,,,,,,,,,,,,,,,,,,,
,,,,,,,,,,,,,,,,,,,,,,,,,,,
,,,,,,,,,,,,,,,,,,,,,,,,,,,
,,,,,,,,,,,,,,,,,,,,,,,,,,,
,,,,,,,,,,,,,,,,,,,,,,,,,,,
,,,,,,,,,,,,,,,,,,,,,,,,,,,
,,,,,,,,,,,,,,,,,,,,,,,,,,,
,,,,,,,,,,,,,,,,,,,,,,,,,,,
,,,,,,,,,,,,,,,,,,,,,,,,,,,
,,,,,,,,,,,,,,,,,,,,,,,,,,,
,,,,,,,,,,,,,,,,,,,,,,,,,,,
,,,,,,,,,,,,,,,,,,,,,,,,,,,
,,,,,,,,,,,,,,,,,,,,,,,,,,,
,,,,,,,,,,,,,,,,,,,,,,,,,,,
,,,,,,,,,,,,,,,,,,,,,,,,,,,
,,,,,,,,,,,,,,,,,,,,,,,,,,,
,,,,,,,,,,,,,,,,,,,,,,,,,,,
,,,,,,,,,,,,,,,,,,,,,,,,,,,
,,,,,,,,,,,,,,,,,,,,,,,,,,,
,,,,,,,,,,,,,,,,,,,,,,,,,,,
,,,,,,,,,,,,,,,,,,,,,,,,,,,
,,,,,,,,,,,,,,,,,,,,,,,,,,,
,,,,,,,,,,,,,,,,,,,,,,,,,,,
,,,,,,,,,,,,,,,,,,,,,,,,,,,
,,,,,,,,,,,,,,,,,,,,,,,,,,,
,,,,,,,,,,,,,,,,,,,,,,,,,,,
,,,,,,,,,,,,,,,,,,,,,,,,,,,
,,,,,,,,,,,,,,,,,,,,,,,,,,,
,,,,,,,,,,,,,,,,,,,,,,,,,,,
,,,,,,,,,,,,,,,,,,,,,,,,,,,
,,,,,,,,,,,,,,,,,,,,,,,,,,,
,,,,,,,,,,,,,,,,,,,,,,,,,,,
,,,,,,,,,,,,,,,,,,,,,,,,,,,
,,,,,,,,,,,,,,,,,,,,,,,,,,,
,,,,,,,,,,,,,,,,,,,,,,,,,,,
,,,,,,,,,,,,,,,,,,,,,,,,,,,
,,,,,,,,,,,,,,,,,,,,,,,,,,,
,,,,,,,,,,,,,,,,,,,,,,,,,,,
,,,,,,,,,,,,,,,,,,,,,,,,,,,
,,,,,,,,,,,,,,,,,,,,,,,,,,,
,,,,,,,,,,,,,,,,,,,,,,,,,,,
,,,,,,,,,,,,,,,,,,,,,,,,,,,
,,,,,,,,,,,,,,,,,,,,,,,,,,,
,,,,,,,,,,,,,,,,,,,,,,,,,,,
,,,,,,,,,,,,,,,,,,,,,,,,,,,
,,,,,,,,,,,,,,,,,,,,,,,,,,,
,,,,,,,,,,,,,,,,,,,,,,,,,,,
,,,,,,,,,,,,,,,,,,,,,,,,,,,
,,,,,,,,,,,,,,,,,,,,,,,,,,,
,,,,,,,,,,,,,,,,,,,,,,,,,,,
,,,,,,,,,,,,,,,,,,,,,,,,,,,
,,,,,,,,,,,,,,,,,,,,,,,,,,,
,,,,,,,,,,,,,,,,,,,,,,,,,,,
,,,,,,,,,,,,,,,,,,,,,,,,,,,
,,,,,,,,,,,,,,,,,,,,,,,,,,,
,,,,,,,,,,,,,,,,,,,,,,,,,,,
,,,,,,,,,,,,,,,,,,,,,,,,,,,
,,,,,,,,,,,,,,,,,,,,,,,,,,,
,,,,,,,,,,,,,,,,,,,,,,,,,,,
,,,,,,,,,,,,,,,,,,,,,,,,,,,
,,,,,,,,,,,,,,,,,,,,,,,,,,,
,,,,,,,,,,,,,,,,,,,,,,,,,,,
,,,,,,,,,,,,,,,,,,,,,,,,,,,
,,,,,,,,,,,,,,,,,,,,,,,,,,,
,,,,,,,,,,,,,,,,,,,,,,,,,,,
,,,,,,,,,,,,,,,,,,,,,,,,,,,
,,,,,,,,,,,,,,,,,,,,,,,,,,,
,,,,,,,,,,,,,,,,,,,,,,,,,,,
,,,,,,,,,,,,,,,,,,,,,,,,,,,
,,,,,,,,,,,,,,,,,,,,,,,,,,,
,,,,,,,,,,,,,,,,,,,,,,,,,,,
,,,,,,,,,,,,,,,,,,,,,,,,,,,
,,,,,,,,,,,,,,,,,,,,,,,,,,,
,,,,,,,,,,,,,,,,,,,,,,,,,,,
,,,,,,,,,,,,,,,,,,,,,,,,,,,
,,,,,,,,,,,,,,,,,,,,,,,,,,,
,,,,,,,,,,,,,,,,,,,,,,,,,,,
,,,,,,,,,,,,,,,,,,,,,,,,,,,
,,,,,,,,,,,,,,,,,,,,,,,,,,,
,,,,,,,,,,,,,,,,,,,,,,,,,,,
,,,,,,,,,,,,,,,,,,,,,,,,,,,
,,,,,,,,,,,,,,,,,,,,,,,,,,,
,,,,,,,,,,,,,,,,,,,,,,,,,,,
,,,,,,,,,,,,,,,,,,,,,,,,,,,
,,,,,,,,,,,,,,,,,,,,,,,,,,,
,,,,,,,,,,,,,,,,,,,,,,,,,,,
,,,,,,,,,,,,,,,,,,,,,,,,,,,
,,,,,,,,,,,,,,,,,,,,,,,,,,,
,,,,,,,,,,,,,,,,,,,,,,,,,,,
,,,,,,,,,,,,,,,,,,,,,,,,,,,
,,,,,,,,,,,,,,,,,,,,,,,,,,,
,,,,,,,,,,,,,,,,,,,,,,,,,,,
,,,,,,,,,,,,,,,,,,,,,,,,,,,
,,,,,,,,,,,,,,,,,,,,,,,,,,,
,,,,,,,,,,,,,,,,,,,,,,,,,,,
,,,,,,,,,,,,,,,,,,,,,,,,,,,
,,,,,,,,,,,,,,,,,,,,,,,,,,,
,,,,,,,,,,,,,,,,,,,,,,,,,,,
,,,,,,,,,,,,,,,,,,,,,,,,,,,
,,,,,,,,,,,,,,,,,,,,,,,,,,,
,,,,,,,,,,,,,,,,,,,,,,,,,,,
,,,,,,,,,,,,,,,,,,,,,,,,,,,
,,,,,,,,,,,,,,,,,,,,,,,,,,,
,,,,,,,,,,,,,,,,,,,,,,,,,,,
,,,,,,,,,,,,,,,,,,,,,,,,,,,
,,,,,,,,,,,,,,,,,,,,,,,,,,,
,,,,,,,,,,,,,,,,,,,,,,,,,,,
,,,,,,,,,,,,,,,,,,,,,,,,,,,
,,,,,,,,,,,,,,,,,,,,,,,,,,,
,,,,,,,,,,,,,,,,,,,,,,,,,,,
,,,,,,,,,,,,,,,,,,,,,,,,,,,
,,,,,,,,,,,,,,,,,,,,,,,,,,,
,,,,,,,,,,,,,,,,,,,,,,,,,,,
,,,,,,,,,,,,,,,,,,,,,,,,,,,
,,,,,,,,,,,,,,,,,,,,,,,,,,,
,,,,,,,,,,,,,,,,,,,,,,,,,,,
,,,,,,,,,,,,,,,,,,,,,,,,,,,
,,,,,,,,,,,,,,,,,,,,,,,,,,,
,,,,,,,,,,,,,,,,,,,,,,,,,,,
,,,,,,,,,,,,,,,,,,,,,,,,,,,
,,,,,,,,,,,,,,,,,,,,,,,,,,,
,,,,,,,,,,,,,,,,,,,,,,,,,,,
,,,,,,,,,,,,,,,,,,,,,,,,,,,
,,,,,,,,,,,,,,,,,,,,,,,,,,,
,,,,,,,,,,,,,,,,,,,,,,,,,,,
,,,,,,,,,,,,,,,,,,,,,,,,,,,
,,,,,,,,,,,,,,,,,,,,,,,,,,,
,,,,,,,,,,,,,,,,,,,,,,,,,,,
,,,,,,,,,,,,,,,,,,,,,,,,,,,
,,,,,,,,,,,,,,,,,,,,,,,,,,,
,,,,,,,,,,,,,,,,,,,,,,,,,,,
,,,,,,,,,,,,,,,,,,,,,,,,,,,
,,,,,,,,,,,,,,,,,,,,,,,,,,,
,,,,,,,,,,,,,,,,,,,,,,,,,,,
,,,,,,,,,,,,,,,,,,,,,,,,,,,
,,,,,,,,,,,,,,,,,,,,,,,,,,,
,,,,,,,,,,,,,,,,,,,,,,,,,,,
,,,,,,,,,,,,,,,,,,,,,,,,,,,
,,,,,,,,,,,,,,,,,,,,,,,,,,,
,,,,,,,,,,,,,,,,,,,,,,,,,,,
,,,,,,,,,,,,,,,,,,,,,,,,,,,
,,,,,,,,,,,,,,,,,,,,,,,,,,,
,,,,,,,,,,,,,,,,,,,,,,,,,,,
,,,,,,,,,,,,,,,,,,,,,,,,,,,
,,,,,,,,,,,,,,,,,,,,,,,,,,,
,,,,,,,,,,,,,,,,,,,,,,,,,,,
,,,,,,,,,,,,,,,,,,,,,,,,,,,
,,,,,,,,,,,,,,,,,,,,,,,,,,,
,,,,,,,,,,,,,,,,,,,,,,,,,,,
,,,,,,,,,,,,,,,,,,,,,,,,,,,
,,,,,,,,,,,,,,,,,,,,,,,,,,,
,,,,,,,,,,,,,,,,,,,,,,,,,,,
,,,,,,,,,,,,,,,,,,,,,,,,,,,
,,,,,,,,,,,,,,,,,,,,,,,,,,,
,,,,,,,,,,,,,,,,,,,,,,,,,,,
,,,,,,,,,,,,,,,,,,,,,,,,,,,
,,,,,,,,,,,,,,,,,,,,,,,,,,,
,,,,,,,,,,,,,,,,,,,,,,,,,,,
,,,,,,,,,,,,,,,,,,,,,,,,,,,
,,,,,,,,,,,,,,,,,,,,,,,,,,,
,,,,,,,,,,,,,,,,,,,,,,,,,,,
,,,,,,,,,,,,,,,,,,,,,,,,,,,
,,,,,,,,,,,,,,,,,,,,,,,,,,,
,,,,,,,,,,,,,,,,,,,,,,,,,,,
,,,,,,,,,,,,,,,,,,,,,,,,,,,
,,,,,,,,,,,,,,,,,,,,,,,,,,,
,,,,,,,,,,,,,,,,,,,,,,,,,,,
,,,,,,,,,,,,,,,,,,,,,,,,,,,
,,,,,,,,,,,,,,,,,,,,,,,,,,,
,,,,,,,,,,,,,,,,,,,,,,,,,,,
,,,,,,,,,,,,,,,,,,,,,,,,,,,
,,,,,,,,,,,,,,,,,,,,,,,,,,,
,,,,,,,,,,,,,,,,,,,,,,,,,,,
,,,,,,,,,,,,,,,,,,,,,,,,,,,
,,,,,,,,,,,,,,,,,,,,,,,,,,,
,,,,,,,,,,,,,,,,,,,,,,,,,,,
,,,,,,,,,,,,,,,,,,,,,,,,,,,
,,,,,,,,,,,,,,,,,,,,,,,,,,,
,,,,,,,,,,,,,,,,,,,,,,,,,,,
,,,,,,,,,,,,,,,,,,,,,,,,,,,
,,,,,,,,,,,,,,,,,,,,,,,,,,,
,,,,,,,,,,,,,,,,,,,,,,,,,,,
,,,,,,,,,,,,,,,,,,,,,,,,,,,
,,,,,,,,,,,,,,,,,,,,,,,,,,,
,,,,,,,,,,,,,,,,,,,,,,,,,,,
,,,,,,,,,,,,,,,,,,,,,,,,,,,
,,,,,,,,,,,,,,,,,,,,,,,,,,,
,,,,,,,,,,,,,,,,,,,,,,,,,,,
,,,,,,,,,,,,,,,,,,,,,,,,,,,
,,,,,,,,,,,,,,,,,,,,,,,,,,,
,,,,,,,,,,,,,,,,,,,,,,,,,,,
,,,,,,,,,,,,,,,,,,,,,,,,,,,
,,,,,,,,,,,,,,,,,,,,,,,,,,,
,,,,,,,,,,,,,,,,,,,,,,,,,,,
,,,,,,,,,,,,,,,,,,,,,,,,,,,
,,,,,,,,,,,,,,,,,,,,,,,,,,,
,,,,,,,,,,,,,,,,,,,,,,,,,,,
,,,,,,,,,,,,,,,,,,,,,,,,,,,
,,,,,,,,,,,,,,,,,,,,,,,,,,,
,,,,,,,,,,,,,,,,,,,,,,,,,,,
,,,,,,,,,,,,,,,,,,,,,,,,,,,
,,,,,,,,,,,,,,,,,,,,,,,,,,,
,,,,,,,,,,,,,,,,,,,,,,,,,,,
,,,,,,,,,,,,,,,,,,,,,,,,,,,
,,,,,,,,,,,,,,,,,,,,,,,,,,,
,,,,,,,,,,,,,,,,,,,,,,,,,,,
,,,,,,,,,,,,,,,,,,,,,,,,,,,
,,,,,,,,,,,,,,,,,,,,,,,,,,,
,,,,,,,,,,,,,,,,,,,,,,,,,,,
,,,,,,,,,,,,,,,,,,,,,,,,,,,
,,,,,,,,,,,,,,,,,,,,,,,,,,,
,,,,,,,,,,,,,,,,,,,,,,,,,,,
,,,,,,,,,,,,,,,,,,,,,,,,,,,
,,,,,,,,,,,,,,,,,,,,,,,,,,,
,,,,,,,,,,,,,,,,,,,,,,,,,,,
,,,,,,,,,,,,,,,,,,,,,,,,,,,
,,,,,,,,,,,,,,,,,,,,,,,,,,,
,,,,,,,,,,,,,,,,,,,,,,,,,,,
,,,,,,,,,,,,,,,,,,,,,,,,,,,
,,,,,,,,,,,,,,,,,,,,,,,,,,,
,,,,,,,,,,,,,,,,,,,,,,,,,,,
,,,,,,,,,,,,,,,,,,,,,,,,,,,
,,,,,,,,,,,,,,,,,,,,,,,,,,,
,,,,,,,,,,,,,,,,,,,,,,,,,,,
,,,,,,,,,,,,,,,,,,,,,,,,,,,
,,,,,,,,,,,,,,,,,,,,,,,,,,,
,,,,,,,,,,,,,,,,,,,,,,,,,,,
,,,,,,,,,,,,,,,,,,,,,,,,,,,
,,,,,,,,,,,,,,,,,,,,,,,,,,,
,,,,,,,,,,,,,,,,,,,,,,,,,,,
,,,,,,,,,,,,,,,,,,,,,,,,,,,
,,,,,,,,,,,,,,,,,,,,,,,,,,,
,,,,,,,,,,,,,,,,,,,,,,,,,,,
,,,,,,,,,,,,,,,,,,,,,,,,,,,
,,,,,,,,,,,,,,,,,,,,,,,,,,,
,,,,,,,,,,,,,,,,,,,,,,,,,,,
,,,,,,,,,,,,,,,,,,,,,,,,,,,
,,,,,,,,,,,,,,,,,,,,,,,,,,,
,,,,,,,,,,,,,,,,,,,,,,,,,,,
,,,,,,,,,,,,,,,,,,,,,,,,,,,
,,,,,,,,,,,,,,,,,,,,,,,,,,,
,,,,,,,,,,,,,,,,,,,,,,,,,,,
,,,,,,,,,,,,,,,,,,,,,,,,,,,
,,,,,,,,,,,,,,,,,,,,,,,,,,,
,,,,,,,,,,,,,,,,,,,,,,,,,,,
,,,,,,,,,,,,,,,,,,,,,,,,,,,
,,,,,,,,,,,,,,,,,,,,,,,,,,,
,,,,,,,,,,,,,,,,,,,,,,,,,,,
,,,,,,,,,,,,,,,,,,,,,,,,,,,
,,,,,,,,,,,,,,,,,,,,,,,,,,,
,,,,,,,,,,,,,,,,,,,,,,,,,,,
,,,,,,,,,,,,,,,,,,,,,,,,,,,
,,,,,,,,,,,,,,,,,,,,,,,,,,,
,,,,,,,,,,,,,,,,,,,,,,,,,,,
,,,,,,,,,,,,,,,,,,,,,,,,,,,
,,,,,,,,,,,,,,,,,,,,,,,,,,,
,,,,,,,,,,,,,,,,,,,,,,,,,,,
,,,,,,,,,,,,,,,,,,,,,,,,,,,
,,,,,,,,,,,,,,,,,,,,,,,,,,,
,,,,,,,,,,,,,,,,,,,,,,,,,,,
,,,,,,,,,,,,,,,,,,,,,,,,,,,
,,,,,,,,,,,,,,,,,,,,,,,,,,,
,,,,,,,,,,,,,,,,,,,,,,,,,,,
,,,,,,,,,,,,,,,,,,,,,,,,,,,
,,,,,,,,,,,,,,,,,,,,,,,,,,,
,,,,,,,,,,,,,,,,,,,,,,,,,,,
,,,,,,,,,,,,,,,,,,,,,,,,,,,
,,,,,,,,,,,,,,,,,,,,,,,,,,,
,,,,,,,,,,,,,,,,,,,,,,,,,,,
,,,,,,,,,,,,,,,,,,,,,,,,,,,
,,,,,,,,,,,,,,,,,,,,,,,,,,,
,,,,,,,,,,,,,,,,,,,,,,,,,,,
,,,,,,,,,,,,,,,,,,,,,,,,,,,
,,,,,,,,,,,,,,,,,,,,,,,,,,,
,,,,,,,,,,,,,,,,,,,,,,,,,,,
,,,,,,,,,,,,,,,,,,,,,,,,,,,
,,,,,,,,,,,,,,,,,,,,,,,,,,,
,,,,,,,,,,,,,,,,,,,,,,,,,,,
,,,,,,,,,,,,,,,,,,,,,,,,,,,
,,,,,,,,,,,,,,,,,,,,,,,,,,,
,,,,,,,,,,,,,,,,,,,,,,,,,,,
,,,,,,,,,,,,,,,,,,,,,,,,,,,
,,,,,,,,,,,,,,,,,,,,,,,,,,,
,,,,,,,,,,,,,,,,,,,,,,,,,,,
,,,,,,,,,,,,,,,,,,,,,,,,,,,
,,,,,,,,,,,,,,,,,,,,,,,,,,,
,,,,,,,,,,,,,,,,,,,,,,,,,,,
,,,,,,,,,,,,,,,,,,,,,,,,,,,
,,,,,,,,,,,,,,,,,,,,,,,,,,,
,,,,,,,,,,,,,,,,,,,,,,,,,,,
,,,,,,,,,,,,,,,,,,,,,,,,,,,
,,,,,,,,,,,,,,,,,,,,,,,,,,,
,,,,,,,,,,,,,,,,,,,,,,,,,,,
,,,,,,,,,,,,,,,,,,,,,,,,,,,
,,,,,,,,,,,,,,,,,,,,,,,,,,,
,,,,,,,,,,,,,,,,,,,,,,,,,,,
,,,,,,,,,,,,,,,,,,,,,,,,,,,
,,,,,,,,,,,,,,,,,,,,,,,,,,,
,,,,,,,,,,,,,,,,,,,,,,,,,,,
,,,,,,,,,,,,,,,,,,,,,,,,,,,
,,,,,,,,,,,,,,,,,,,,,,,,,,,
,,,,,,,,,,,,,,,,,,,,,,,,,,,
,,,,,,,,,,,,,,,,,,,,,,,,,,,
,,,,,,,,,,,,,,,,,,,,,,,,,,,
,,,,,,,,,,,,,,,,,,,,,,,,,,,
,,,,,,,,,,,,,,,,,,,,,,,,,,,
,,,,,,,,,,,,,,,,,,,,,,,,,,,
,,,,,,,,,,,,,,,,,,,,,,,,,,,
,,,,,,,,,,,,,,,,,,,,,,,,,,,
,,,,,,,,,,,,,,,,,,,,,,,,,,,
,,,,,,,,,,,,,,,,,,,,,,,,,,,
,,,,,,,,,,,,,,,,,,,,,,,,,,,
,,,,,,,,,,,,,,,,,,,,,,,,,,,
,,,,,,,,,,,,,,,,,,,,,,,,,,,
,,,,,,,,,,,,,,,,,,,,,,,,,,,
,,,,,,,,,,,,,,,,,,,,,,,,,,,
,,,,,,,,,,,,,,,,,,,,,,,,,,,
,,,,,,,,,,,,,,,,,,,,,,,,,,,
,,,,,,,,,,,,,,,,,,,,,,,,,,,
,,,,,,,,,,,,,,,,,,,,,,,,,,,
,,,,,,,,,,,,,,,,,,,,,,,,,,,
,,,,,,,,,,,,,,,,,,,,,,,,,,,
,,,,,,,,,,,,,,,,,,,,,,,,,,,
,,,,,,,,,,,,,,,,,,,,,,,,,,,
,,,,,,,,,,,,,,,,,,,,,,,,,,,
,,,,,,,,,,,,,,,,,,,,,,,,,,,
,,,,,,,,,,,,,,,,,,,,,,,,,,,
,,,,,,,,,,,,,,,,,,,,,,,,,,,
,,,,,,,,,,,,,,,,,,,,,,,,,,,
,,,,,,,,,,,,,,,,,,,,,,,,,,,
,,,,,,,,,,,,,,,,,,,,,,,,,,,
,,,,,,,,,,,,,,,,,,,,,,,,,,,
,,,,,,,,,,,,,,,,,,,,,,,,,,,
,,,,,,,,,,,,,,,,,,,,,,,,,,,
,,,,,,,,,,,,,,,,,,,,,,,,,,,
,,,,,,,,,,,,,,,,,,,,,,,,,,,
,,,,,,,,,,,,,,,,,,,,,,,,,,,
,,,,,,,,,,,,,,,,,,,,,,,,,,,
,,,,,,,,,,,,,,,,,,,,,,,,,,,
,,,,,,,,,,,,,,,,,,,,,,,,,,,
,,,,,,,,,,,,,,,,,,,,,,,,,,,
,,,,,,,,,,,,,,,,,,,,,,,,,,,
,,,,,,,,,,,,,,,,,,,,,,,,,,,
,,,,,,,,,,,,,,,,,,,,,,,,,,,
,,,,,,,,,,,,,,,,,,,,,,,,,,,
,,,,,,,,,,,,,,,,,,,,,,,,,,,
,,,,,,,,,,,,,,,,,,,,,,,,,,,
,,,,,,,,,,,,,,,,,,,,,,,,,,,
,,,,,,,,,,,,,,,,,,,,,,,,,,,
,,,,,,,,,,,,,,,,,,,,,,,,,,,
,,,,,,,,,,,,,,,,,,,,,,,,,,,
,,,,,,,,,,,,,,,,,,,,,,,,,,,
,,,,,,,,,,,,,,,,,,,,,,,,,,,
,,,,,,,,,,,,,,,,,,,,,,,,,,,
,,,,,,,,,,,,,,,,,,,,,,,,,,,
,,,,,,,,,,,,,,,,,,,,,,,,,,,
,,,,,,,,,,,,,,,,,,,,,,,,,,,
,,,,,,,,,,,,,,,,,,,,,,,,,,,
,,,,,,,,,,,,,,,,,,,,,,,,,,,
,,,,,,,,,,,,,,,,,,,,,,,,,,,
,,,,,,,,,,,,,,,,,,,,,,,,,,,
,,,,,,,,,,,,,,,,,,,,,,,,,,,
,,,,,,,,,,,,,,,,,,,,,,,,,,,
,,,,,,,,,,,,,,,,,,,,,,,,,,,
,,,,,,,,,,,,,,,,,,,,,,,,,,,
,,,,,,,,,,,,,,,,,,,,,,,,,,,
,,,,,,,,,,,,,,,,,,,,,,,,,,,
,,,,,,,,,,,,,,,,,,,,,,,,,,,
,,,,,,,,,,,,,,,,,,,,,,,,,,,
,,,,,,,,,,,,,,,,,,,,,,,,,,,
,,,,,,,,,,,,,,,,,,,,,,,,,,,
,,,,,,,,,,,,,,,,,,,,,,,,,,,
,,,,,,,,,,,,,,,,,,,,,,,,,,,
,,,,,,,,,,,,,,,,,,,,,,,,,,,
,,,,,,,,,,,,,,,,,,,,,,,,,,,
,,,,,,,,,,,,,,,,,,,,,,,,,,,
,,,,,,,,,,,,,,,,,,,,,,,,,,,
,,,,,,,,,,,,,,,,,,,,,,,,,,,
,,,,,,,,,,,,,,,,,,,,,,,,,,,
,,,,,,,,,,,,,,,,,,,,,,,,,,,
,,,,,,,,,,,,,,,,,,,,,,,,,,,
,,,,,,,,,,,,,,,,,,,,,,,,,,,
,,,,,,,,,,,,,,,,,,,,,,,,,,,
,,,,,,,,,,,,,,,,,,,,,,,,,,,
,,,,,,,,,,,,,,,,,,,,,,,,,,,
,,,,,,,,,,,,,,,,,,,,,,,,,,,
,,,,,,,,,,,,,,,,,,,,,,,,,,,
,,,,,,,,,,,,,,,,,,,,,,,,,,,
,,,,,,,,,,,,,,,,,,,,,,,,,,,
,,,,,,,,,,,,,,,,,,,,,,,,,,,
,,,,,,,,,,,,,,,,,,,,,,,,,,,
,,,,,,,,,,,,,,,,,,,,,,,,,,,
,,,,,,,,,,,,,,,,,,,,,,,,,,,
,,,,,,,,,,,,,,,,,,,,,,,,,,,
,,,,,,,,,,,,,,,,,,,,,,,,,,,
,,,,,,,,,,,,,,,,,,,,,,,,,,,
,,,,,,,,,,,,,,,,,,,,,,,,,,,
,,,,,,,,,,,,,,,,,,,,,,,,,,,
,,,,,,,,,,,,,,,,,,,,,,,,,,,
,,,,,,,,,,,,,,,,,,,,,,,,,,,
,,,,,,,,,,,,,,,,,,,,,,,,,,,
,,,,,,,,,,,,,,,,,,,,,,,,,,,
,,,,,,,,,,,,,,,,,,,,,,,,,,,
,,,,,,,,,,,,,,,,,,,,,,,,,,,
,,,,,,,,,,,,,,,,,,,,,,,,,,,
,,,,,,,,,,,,,,,,,,,,,,,,,,,
,,,,,,,,,,,,,,,,,,,,,,,,,,,
,,,,,,,,,,,,,,,,,,,,,,,,,,,
,,,,,,,,,,,,,,,,,,,,,,,,,,,
,,,,,,,,,,,,,,,,,,,,,,,,,,,
,,,,,,,,,,,,,,,,,,,,,,,,,,,
,,,,,,,,,,,,,,,,,,,,,,,,,,,
,,,,,,,,,,,,,,,,,,,,,,,,,,,
,,,,,,,,,,,,,,,,,,,,,,,,,,,
,,,,,,,,,,,,,,,,,,,,,,,,,,,
,,,,,,,,,,,,,,,,,,,,,,,,,,,
,,,,,,,,,,,,,,,,,,,,,,,,,,,
,,,,,,,,,,,,,,,,,,,,,,,,,,,
,,,,,,,,,,,,,,,,,,,,,,,,,,,
,,,,,,,,,,,,,,,,,,,,,,,,,,,
,,,,,,,,,,,,,,,,,,,,,,,,,,,
,,,,,,,,,,,,,,,,,,,,,,,,,,,
,,,,,,,,,,,,,,,,,,,,,,,,,,,
,,,,,,,,,,,,,,,,,,,,,,,,,,,
,,,,,,,,,,,,,,,,,,,,,,,,,,,
,,,,,,,,,,,,,,,,,,,,,,,,,,,
,,,,,,,,,,,,,,,,,,,,,,,,,,,
,,,,,,,,,,,,,,,,,,,,,,,,,,,
,,,,,,,,,,,,,,,,,,,,,,,,,,,
,,,,,,,,,,,,,,,,,,,,,,,,,,,
,,,,,,,,,,,,,,,,,,,,,,,,,,,
,,,,,,,,,,,,,,,,,,,,,,,,,,,
,,,,,,,,,,,,,,,,,,,,,,,,,,,
,,,,,,,,,,,,,,,,,,,,,,,,,,,
,,,,,,,,,,,,,,,,,,,,,,,,,,,
,,,,,,,,,,,,,,,,,,,,,,,,,,,
,,,,,,,,,,,,,,,,,,,,,,,,,,,
,,,,,,,,,,,,,,,,,,,,,,,,,,,
,,,,,,,,,,,,,,,,,,,,,,,,,,,
,,,,,,,,,,,,,,,,,,,,,,,,,,,
,,,,,,,,,,,,,,,,,,,,,,,,,,,
,,,,,,,,,,,,,,,,,,,,,,,,,,,
,,,,,,,,,,,,,,,,,,,,,,,,,,,
,,,,,,,,,,,,,,,,,,,,,,,,,,,
,,,,,,,,,,,,,,,,,,,,,,,,,,,
,,,,,,,,,,,,,,,,,,,,,,,,,,,
,,,,,,,,,,,,,,,,,,,,,,,,,,,
,,,,,,,,,,,,,,,,,,,,,,,,,,,
,,,,,,,,,,,,,,,,,,,,,,,,,,,
,,,,,,,,,,,,,,,,,,,,,,,,,,,
,,,,,,,,,,,,,,,,,,,,,,,,,,,
,,,,,,,,,,,,,,,,,,,,,,,,,,,
,,,,,,,,,,,,,,,,,,,,,,,,,,,
,,,,,,,,,,,,,,,,,,,,,,,,,,,
,,,,,,,,,,,,,,,,,,,,,,,,,,,
,,,,,,,,,,,,,,,,,,,,,,,,,,,
,,,,,,,,,,,,,,,,,,,,,,,,,,,
,,,,,,,,,,,,,,,,,,,,,,,,,,,
,,,,,,,,,,,,,,,,,,,,,,,,,,,
,,,,,,,,,,,,,,,,,,,,,,,,,,,
,,,,,,,,,,,,,,,,,,,,,,,,,,,
,,,,,,,,,,,,,,,,,,,,,,,,,,,
,,,,,,,,,,,,,,,,,,,,,,,,,,,
,,,,,,,,,,,,,,,,,,,,,,,,,,,
,,,,,,,,,,,,,,,,,,,,,,,,,,,
,,,,,,,,,,,,,,,,,,,,,,,,,,,
,,,,,,,,,,,,,,,,,,,,,,,,,,,
,,,,,,,,,,,,,,,,,,,,,,,,,,,
,,,,,,,,,,,,,,,,,,,,,,,,,,,
,,,,,,,,,,,,,,,,,,,,,,,,,,,
,,,,,,,,,,,,,,,,,,,,,,,,,,,
,,,,,,,,,,,,,,,,,,,,,,,,,,,
,,,,,,,,,,,,,,,,,,,,,,,,,,,
,,,,,,,,,,,,,,,,,,,,,,,,,,,
,,,,,,,,,,,,,,,,,,,,,,,,,,,
,,,,,,,,,,,,,,,,,,,,,,,,,,,
,,,,,,,,,,,,,,,,,,,,,,,,,,,
,,,,,,,,,,,,,,,,,,,,,,,,,,,
,,,,,,,,,,,,,,,,,,,,,,,,,,,
,,,,,,,,,,,,,,,,,,,,,,,,,,,
,,,,,,,,,,,,,,,,,,,,,,,,,,,
,,,,,,,,,,,,,,,,,,,,,,,,,,,
,,,,,,,,,,,,,,,,,,,,,,,,,,,
,,,,,,,,,,,,,,,,,,,,,,,,,,,
,,,,,,,,,,,,,,,,,,,,,,,,,,,
,,,,,,,,,,,,,,,,,,,,,,,,,,,
,,,,,,,,,,,,,,,,,,,,,,,,,,,
,,,,,,,,,,,,,,,,,,,,,,,,,,,
,,,,,,,,,,,,,,,,,,,,,,,,,,,
,,,,,,,,,,,,,,,,,,,,,,,,,,,
,,,,,,,,,,,,,,,,,,,,,,,,,,,
,,,,,,,,,,,,,,,,,,,,,,,,,,,
,,,,,,,,,,,,,,,,,,,,,,,,,,,
,,,,,,,,,,,,,,,,,,,,,,,,,,,
,,,,,,,,,,,,,,,,,,,,,,,,,,,
,,,,,,,,,,,,,,,,,,,,,,,,,,,
,,,,,,,,,,,,,,,,,,,,,,,,,,,
,,,,,,,,,,,,,,,,,,,,,,,,,,,
,,,,,,,,,,,,,,,,,,,,,,,,,,,
,,,,,,,,,,,,,,,,,,,,,,,,,,,
,,,,,,,,,,,,,,,,,,,,,,,,,,,
,,,,,,,,,,,,,,,,,,,,,,,,,,,
,,,,,,,,,,,,,,,,,,,,,,,,,,,
,,,,,,,,,,,,,,,,,,,,,,,,,,,
,,,,,,,,,,,,,,,,,,,,,,,,,,,
,,,,,,,,,,,,,,,,,,,,,,,,,,,
,,,,,,,,,,,,,,,,,,,,,,,,,,,
,,,,,,,,,,,,,,,,,,,,,,,,,,,
,,,,,,,,,,,,,,,,,,,,,,,,,,,
,,,,,,,,,,,,,,,,,,,,,,,,,,,
,,,,,,,,,,,,,,,,,,,,,,,,,,,
,,,,,,,,,,,,,,,,,,,,,,,,,,,
,,,,,,,,,,,,,,,,,,,,,,,,,,,
,,,,,,,,,,,,,,,,,,,,,,,,,,,
,,,,,,,,,,,,,,,,,,,,,,,,,,,
,,,,,,,,,,,,,,,,,,,,,,,,,,,
,,,,,,,,,,,,,,,,,,,,,,,,,,,
,,,,,,,,,,,,,,,,,,,,,,,,,,,
,,,,,,,,,,,,,,,,,,,,,,,,,,,
,,,,,,,,,,,,,,,,,,,,,,,,,,,
,,,,,,,,,,,,,,,,,,,,,,,,,,,
,,,,,,,,,,,,,,,,,,,,,,,,,,,
,,,,,,,,,,,,,,,,,,,,,,,,,,,
,,,,,,,,,,,,,,,,,,,,,,,,,,,
,,,,,,,,,,,,,,,,,,,,,,,,,,,
,,,,,,,,,,,,,,,,,,,,,,,,,,,
,,,,,,,,,,,,,,,,,,,,,,,,,,,
,,,,,,,,,,,,,,,,,,,,,,,,,,,
,,,,,,,,,,,,,,,,,,,,,,,,,,,
,,,,,,,,,,,,,,,,,,,,,,,,,,,
,,,,,,,,,,,,,,,,,,,,,,,,,,,
,,,,,,,,,,,,,,,,,,,,,,,,,,,
,,,,,,,,,,,,,,,,,,,,,,,,,,,
,,,,,,,,,,,,,,,,,,,,,,,,,,,
,,,,,,,,,,,,,,,,,,,,,,,,,,,
,,,,,,,,,,,,,,,,,,,,,,,,,,,
,,,,,,,,,,,,,,,,,,,,,,,,,,,
,,,,,,,,,,,,,,,,,,,,,,,,,,,
,,,,,,,,,,,,,,,,,,,,,,,,,,,
,,,,,,,,,,,,,,,,,,,,,,,,,,,
,,,,,,,,,,,,,,,,,,,,,,,,,,,
,,,,,,,,,,,,,,,,,,,,,,,,,,,
,,,,,,,,,,,,,,,,,,,,,,,,,,,
,,,,,,,,,,,,,,,,,,,,,,,,,,,
,,,,,,,,,,,,,,,,,,,,,,,,,,,
,,,,,,,,,,,,,,,,,,,,,,,,,,,
,,,,,,,,,,,,,,,,,,,,,,,,,,,
,,,,,,,,,,,,,,,,,,,,,,,,,,,
,,,,,,,,,,,,,,,,,,,,,,,,,,,
,,,,,,,,,,,,,,,,,,,,,,,,,,,
,,,,,,,,,,,,,,,,,,,,,,,,,,,
,,,,,,,,,,,,,,,,,,,,,,,,,,,
,,,,,,,,,,,,,,,,,,,,,,,,,,,
,,,,,,,,,,,,,,,,,,,,,,,,,,,
,,,,,,,,,,,,,,,,,,,,,,,,,,,
,,,,,,,,,,,,,,,,,,,,,,,,,,,
,,,,,,,,,,,,,,,,,,,,,,,,,,,
,,,,,,,,,,,,,,,,,,,,,,,,,,,
,,,,,,,,,,,,,,,,,,,,,,,,,,,
,,,,,,,,,,,,,,,,,,,,,,,,,,,
,,,,,,,,,,,,,,,,,,,,,,,,,,,
,,,,,,,,,,,,,,,,,,,,,,,,,,,
,,,,,,,,,,,,,,,,,,,,,,,,,,,
,,,,,,,,,,,,,,,,,,,,,,,,,,,
,,,,,,,,,,,,,,,,,,,,,,,,,,,
,,,,,,,,,,,,,,,,,,,,,,,,,,,
,,,,,,,,,,,,,,,,,,,,,,,,,,,
,,,,,,,,,,,,,,,,,,,,,,,,,,,
,,,,,,,,,,,,,,,,,,,,,,,,,,,
,,,,,,,,,,,,,,,,,,,,,,,,,,,
,,,,,,,,,,,,,,,,,,,,,,,,,,,
,,,,,,,,,,,,,,,,,,,,,,,,,,,
,,,,,,,,,,,,,,,,,,,,,,,,,,,
,,,,,,,,,,,,,,,,,,,,,,,,,,,
,,,,,,,,,,,,,,,,,,,,,,,,,,,
,,,,,,,,,,,,,,,,,,,,,,,,,,,
,,,,,,,,,,,,,,,,,,,,,,,,,,,
,,,,,,,,,,,,,,,,,,,,,,,,,,,
,,,,,,,,,,,,,,,,,,,,,,,,,,,
,,,,,,,,,,,,,,,,,,,,,,,,,,,
,,,,,,,,,,,,,,,,,,,,,,,,,,,
,,,,,,,,,,,,,,,,,,,,,,,,,,,
,,,,,,,,,,,,,,,,,,,,,,,,,,,
,,,,,,,,,,,,,,,,,,,,,,,,,,,
,,,,,,,,,,,,,,,,,,,,,,,,,,,
,,,,,,,,,,,,,,,,,,,,,,,,,,,
,,,,,,,,,,,,,,,,,,,,,,,,,,,
,,,,,,,,,,,,,,,,,,,,,,,,,,,
,,,,,,,,,,,,,,,,,,,,,,,,,,,
,,,,,,,,,,,,,,,,,,,,,,,,,,,
,,,,,,,,,,,,,,,,,,,,,,,,,,,
,,,,,,,,,,,,,,,,,,,,,,,,,,,
,,,,,,,,,,,,,,,,,,,,,,,,,,,
,,,,,,,,,,,,,,,,,,,,,,,,,,,
,,,,,,,,,,,,,,,,,,,,,,,,,,,
,,,,,,,,,,,,,,,,,,,,,,,,,,,
,,,,,,,,,,,,,,,,,,,,,,,,,,,
,,,,,,,,,,,,,,,,,,,,,,,,,,,
,,,,,,,,,,,,,,,,,,,,,,,,,,,
,,,,,,,,,,,,,,,,,,,,,,,,,,,
,,,,,,,,,,,,,,,,,,,,,,,,,,,
,,,,,,,,,,,,,,,,,,,,,,,,,,,
,,,,,,,,,,,,,,,,,,,,,,,,,,,
,,,,,,,,,,,,,,,,,,,,,,,,,,,
,,,,,,,,,,,,,,,,,,,,,,,,,,,
,,,,,,,,,,,,,,,,,,,,,,,,,,,
,,,,,,,,,,,,,,,,,,,,,,,,,,,
,,,,,,,,,,,,,,,,,,,,,,,,,,,
,,,,,,,,,,,,,,,,,,,,,,,,,,,
,,,,,,,,,,,,,,,,,,,,,,,,,,,
,,,,,,,,,,,,,,,,,,,,,,,,,,,
,,,,,,,,,,,,,,,,,,,,,,,,,,,
,,,,,,,,,,,,,,,,,,,,,,,,,,,
,,,,,,,,,,,,,,,,,,,,,,,,,,,
,,,,,,,,,,,,,,,,,,,,,,,,,,,
,,,,,,,,,,,,,,,,,,,,,,,,,,,
,,,,,,,,,,,,,,,,,,,,,,,,,,,
,,,,,,,,,,,,,,,,,,,,,,,,,,,
,,,,,,,,,,,,,,,,,,,,,,,,,,,
,,,,,,,,,,,,,,,,,,,,,,,,,,,
,,,,,,,,,,,,,,,,,,,,,,,,,,,
,,,,,,,,,,,,,,,,,,,,,,,,,,,
,,,,,,,,,,,,,,,,,,,,,,,,,,,
,,,,,,,,,,,,,,,,,,,,,,,,,,,
,,,,,,,,,,,,,,,,,,,,,,,,,,,
,,,,,,,,,,,,,,,,,,,,,,,,,,,
,,,,,,,,,,,,,,,,,,,,,,,,,,,
,,,,,,,,,,,,,,,,,,,,,,,,,,,
,,,,,,,,,,,,,,,,,,,,,,,,,,,
,,,,,,,,,,,,,,,,,,,,,,,,,,,
,,,,,,,,,,,,,,,,,,,,,,,,,,,
,,,,,,,,,,,,,,,,,,,,,,,,,,,
,,,,,,,,,,,,,,,,,,,,,,,,,,,
,,,,,,,,,,,,,,,,,,,,,,,,,,,
,,,,,,,,,,,,,,,,,,,,,,,,,,,
,,,,,,,,,,,,,,,,,,,,,,,,,,,
,,,,,,,,,,,,,,,,,,,,,,,,,,,
,,,,,,,,,,,,,,,,,,,,,,,,,,,
,,,,,,,,,,,,,,,,,,,,,,,,,,,
,,,,,,,,,,,,,,,,,,,,,,,,,,,
,,,,,,,,,,,,,,,,,,,,,,,,,,,
,,,,,,,,,,,,,,,,,,,,,,,,,,,
,,,,,,,,,,,,,,,,,,,,,,,,,,,
,,,,,,,,,,,,,,,,,,,,,,,,,,,
,,,,,,,,,,,,,,,,,,,,,,,,,,,
,,,,,,,,,,,,,,,,,,,,,,,,,,,
,,,,,,,,,,,,,,,,,,,,,,,,,,,
,,,,,,,,,,,,,,,,,,,,,,,,,,,
,,,,,,,,,,,,,,,,,,,,,,,,,,,
,,,,,,,,,,,,,,,,,,,,,,,,,,,
,,,,,,,,,,,,,,,,,,,,,,,,,,,
,,,,,,,,,,,,,,,,,,,,,,,,,,,
,,,,,,,,,,,,,,,,,,,,,,,,,,,
,,,,,,,,,,,,,,,,,,,,,,,,,,,
,,,,,,,,,,,,,,,,,,,,,,,,,,,
,,,,,,,,,,,,,,,,,,,,,,,,,,,
,,,,,,,,,,,,,,,,,,,,,,,,,,,
,,,,,,,,,,,,,,,,,,,,,,,,,,,
,,,,,,,,,,,,,,,,,,,,,,,,,,,
,,,,,,,,,,,,,,,,,,,,,,,,,,,
,,,,,,,,,,,,,,,,,,,,,,,,,,,
,,,,,,,,,,,,,,,,,,,,,,,,,,,
,,,,,,,,,,,,,,,,,,,,,,,,,,,
,,,,,,,,,,,,,,,,,,,,,,,,,,,
,,,,,,,,,,,,,,,,,,,,,,,,,,,
,,,,,,,,,,,,,,,,,,,,,,,,,,,
,,,,,,,,,,,,,,,,,,,,,,,,,,,
,,,,,,,,,,,,,,,,,,,,,,,,,,,
,,,,,,,,,,,,,,,,,,,,,,,,,,,
,,,,,,,,,,,,,,,,,,,,,,,,,,,
,,,,,,,,,,,,,,,,,,,,,,,,,,,
,,,,,,,,,,,,,,,,,,,,,,,,,,,
,,,,,,,,,,,,,,,,,,,,,,,,,,,
,,,,,,,,,,,,,,,,,,,,,,,,,,,
,,,,,,,,,,,,,,,,,,,,,,,,,,,
,,,,,,,,,,,,,,,,,,,,,,,,,,,
,,,,,,,,,,,,,,,,,,,,,,,,,,,
,,,,,,,,,,,,,,,,,,,,,,,,,,,
,,,,,,,,,,,,,,,,,,,,,,,,,,,
,,,,,,,,,,,,,,,,,,,,,,,,,,,
,,,,,,,,,,,,,,,,,,,,,,,,,,,
,,,,,,,,,,,,,,,,,,,,,,,,,,,
,,,,,,,,,,,,,,,,,,,,,,,,,,,
,,,,,,,,,,,,,,,,,,,,,,,,,,,
,,,,,,,,,,,,,,,,,,,,,,,,,,,
,,,,,,,,,,,,,,,,,,,,,,,,,,,
,,,,,,,,,,,,,,,,,,,,,,,,,,,
,,,,,,,,,,,,,,,,,,,,,,,,,,,
,,,,,,,,,,,,,,,,,,,,,,,,,,,
,,,,,,,,,,,,,,,,,,,,,,,,,,,
,,,,,,,,,,,,,,,,,,,,,,,,,,,
,,,,,,,,,,,,,,,,,,,,,,,,,,,
,,,,,,,,,,,,,,,,,,,,,,,,,,,
,,,,,,,,,,,,,,,,,,,,,,,,,,,
,,,,,,,,,,,,,,,,,,,,,,,,,,,
,,,,,,,,,,,,,,,,,,,,,,,,,,,
,,,,,,,,,,,,,,,,,,,,,,,,,,,
,,,,,,,,,,,,,,,,,,,,,,,,,,,
,,,,,,,,,,,,,,,,,,,,,,,,,,,
,,,,,,,,,,,,,,,,,,,,,,,,,,,
,,,,,,,,,,,,,,,,,,,,,,,,,,,
,,,,,,,,,,,,,,,,,,,,,,,,,,,
,,,,,,,,,,,,,,,,,,,,,,,,,,,
,,,,,,,,,,,,,,,,,,,,,,,,,,,
,,,,,,,,,,,,,,,,,,,,,,,,,,,
,,,,,,,,,,,,,,,,,,,,,,,,,,,
,,,,,,,,,,,,,,,,,,,,,,,,,,,
,,,,,,,,,,,,,,,,,,,,,,,,,,,
,,,,,,,,,,,,,,,,,,,,,,,,,,,
,,,,,,,,,,,,,,,,,,,,,,,,,,,
,,,,,,,,,,,,,,,,,,,,,,,,,,,
,,,,,,,,,,,,,,,,,,,,,,,,,,,
,,,,,,,,,,,,,,,,,,,,,,,,,,,
,,,,,,,,,,,,,,,,,,,,,,,,,,,
,,,,,,,,,,,,,,,,,,,,,,,,,,,
,,,,,,,,,,,,,,,,,,,,,,,,,,,
,,,,,,,,,,,,,,,,,,,,,,,,,,,
,,,,,,,,,,,,,,,,,,,,,,,,,,,
,,,,,,,,,,,,,,,,,,,,,,,,,,,
,,,,,,,,,,,,,,,,,,,,,,,,,,,
,,,,,,,,,,,,,,,,,,,,,,,,,,,
,,,,,,,,,,,,,,,,,,,,,,,,,,,
,,,,,,,,,,,,,,,,,,,,,,,,,,,
,,,,,,,,,,,,,,,,,,,,,,,,,,,
,,,,,,,,,,,,,,,,,,,,,,,,,,,
,,,,,,,,,,,,,,,,,,,,,,,,,,,
,,,,,,,,,,,,,,,,,,,,,,,,,,,
,,,,,,,,,,,,,,,,,,,,,,,,,,,
,,,,,,,,,,,,,,,,,,,,,,,,,,,
,,,,,,,,,,,,,,,,,,,,,,,,,,,
,,,,,,,,,,,,,,,,,,,,,,,,,,,
,,,,,,,,,,,,,,,,,,,,,,,,,,,
,,,,,,,,,,,,,,,,,,,,,,,,,,,
,,,,,,,,,,,,,,,,,,,,,,,,,,,
,,,,,,,,,,,,,,,,,,,,,,,,,,,
,,,,,,,,,,,,,,,,,,,,,,,,,,,
,,,,,,,,,,,,,,,,,,,,,,,,,,,
,,,,,,,,,,,,,,,,,,,,,,,,,,,
,,,,,,,,,,,,,,,,,,,,,,,,,,,
,,,,,,,,,,,,,,,,,,,,,,,,,,,
,,,,,,,,,,,,,,,,,,,,,,,,,,,
,,,,,,,,,,,,,,,,,,,,,,,,,,,
,,,,,,,,,,,,,,,,,,,,,,,,,,,
,,,,,,,,,,,,,,,,,,,,,,,,,,,
,,,,,,,,,,,,,,,,,,,,,,,,,,,
,,,,,,,,,,,,,,,,,,,,,,,,,,,
,,,,,,,,,,,,,,,,,,,,,,,,,,,
,,,,,,,,,,,,,,,,,,,,,,,,,,,
,,,,,,,,,,,,,,,,,,,,,,,,,,,
,,,,,,,,,,,,,,,,,,,,,,,,,,,
,,,,,,,,,,,,,,,,,,,,,,,,,,,
,,,,,,,,,,,,,,,,,,,,,,,,,,,
,,,,,,,,,,,,,,,,,,,,,,,,,,,
,,,,,,,,,,,,,,,,,,,,,,,,,,,
,,,,,,,,,,,,,,,,,,,,,,,,,,,
,,,,,,,,,,,,,,,,,,,,,,,,,,,
,,,,,,,,,,,,,,,,,,,,,,,,,,,
,,,,,,,,,,,,,,,,,,,,,,,,,,,
,,,,,,,,,,,,,,,,,,,,,,,,,,,
,,,,,,,,,,,,,,,,,,,,,,,,,,,
,,,,,,,,,,,,,,,,,,,,,,,,,,,
,,,,,,,,,,,,,,,,,,,,,,,,,,,
,,,,,,,,,,,,,,,,,,,,,,,,,,,
,,,,,,,,,,,,,,,,,,,,,,,,,,,
,,,,,,,,,,,,,,,,,,,,,,,,,,,
,,,,,,,,,,,,,,,,,,,,,,,,,,,
,,,,,,,,,,,,,,,,,,,,,,,,,,,
,,,,,,,,,,,,,,,,,,,,,,,,,,,
,,,,,,,,,,,,,,,,,,,,,,,,,,,
,,,,,,,,,,,,,,,,,,,,,,,,,,,
,,,,,,,,,,,,,,,,,,,,,,,,,,,
,,,,,,,,,,,,,,,,,,,,,,,,,,,
,,,,,,,,,,,,,,,,,,,,,,,,,,,
,,,,,,,,,,,,,,,,,,,,,,,,,,,
,,,,,,,,,,,,,,,,,,,,,,,,,,,
,,,,,,,,,,,,,,,,,,,,,,,,,,,
,,,,,,,,,,,,,,,,,,,,,,,,,,,
,,,,,,,,,,,,,,,,,,,,,,,,,,,
,,,,,,,,,,,,,,,,,,,,,,,,,,,
,,,,,,,,,,,,,,,,,,,,,,,,,,,
,,,,,,,,,,,,,,,,,,,,,,,,,,,
,,,,,,,,,,,,,,,,,,,,,,,,,,,
,,,,,,,,,,,,,,,,,,,,,,,,,,,
,,,,,,,,,,,,,,,,,,,,,,,,,,,
,,,,,,,,,,,,,,,,,,,,,,,,,,,
,,,,,,,,,,,,,,,,,,,,,,,,,,,
,,,,,,,,,,,,,,,,,,,,,,,,,,,
,,,,,,,,,,,,,,,,,,,,,,,,,,,
,,,,,,,,,,,,,,,,,,,,,,,,,,,
,,,,,,,,,,,,,,,,,,,,,,,,,,,
,,,,,,,,,,,,,,,,,,,,,,,,,,,
,,,,,,,,,,,,,,,,,,,,,,,,,,,
,,,,,,,,,,,,,,,,,,,,,,,,,,,
,,,,,,,,,,,,,,,,,,,,,,,,,,,
,,,,,,,,,,,,,,,,,,,,,,,,,,,
,,,,,,,,,,,,,,,,,,,,,,,,,,,
,,,,,,,,,,,,,,,,,,,,,,,,,,,
,,,,,,,,,,,,,,,,,,,,,,,,,,,
,,,,,,,,,,,,,,,,,,,,,,,,,,,
,,,,,,,,,,,,,,,,,,,,,,,,,,,
,,,,,,,,,,,,,,,,,,,,,,,,,,,
,,,,,,,,,,,,,,,,,,,,,,,,,,,
,,,,,,,,,,,,,,,,,,,,,,,,,,,
,,,,,,,,,,,,,,,,,,,,,,,,,,,
,,,,,,,,,,,,,,,,,,,,,,,,,,,
,,,,,,,,,,,,,,,,,,,,,,,,,,,
,,,,,,,,,,,,,,,,,,,,,,,,,,,
,,,,,,,,,,,,,,,,,,,,,,,,,,,
,,,,,,,,,,,,,,,,,,,,,,,,,,,
,,,,,,,,,,,,,,,,,,,,,,,,,,,
,,,,,,,,,,,,,,,,,,,,,,,,,,,
,,,,,,,,,,,,,,,,,,,,,,,,,,,
,,,,,,,,,,,,,,,,,,,,,,,,,,,
,,,,,,,,,,,,,,,,,,,,,,,,,,,
,,,,,,,,,,,,,,,,,,,,,,,,,,,
,,,,,,,,,,,,,,,,,,,,,,,,,,,
,,,,,,,,,,,,,,,,,,,,,,,,,,,
,,,,,,,,,,,,,,,,,,,,,,,,,,,
,,,,,,,,,,,,,,,,,,,,,,,,,,,
,,,,,,,,,,,,,,,,,,,,,,,,,,,
,,,,,,,,,,,,,,,,,,,,,,,,,,,
,,,,,,,,,,,,,,,,,,,,,,,,,,,
,,,,,,,,,,,,,,,,,,,,,,,,,,,
,,,,,,,,,,,,,,,,,,,,,,,,,,,
,,,,,,,,,,,,,,,,,,,,,,,,,,,
,,,,,,,,,,,,,,,,,,,,,,,,,,,
,,,,,,,,,,,,,,,,,,,,,,,,,,,
